"p_id";"p_ident";"p_number";"p_projet";"p_type";"p_titre";"p_type_com";"p_speaker_invite";"p_nom_conference";"p_date_debut_conference";"p_date_fin_conference";"p_ville_conference";"p_pays_conference";"p_lien_conference";"p_nom_journal";"p_publication_journal";"p_volume_journal";"p_pages_journal";"p_annee_publication";"p_doi";"p_url_bdd";"p_date_soumission";"p_date_notification";"p_date_soumission_finale";"p_nom_responsable";"p_liste_auteurs";"p_affiliation";"p_directeur_stage";"p_date_debut_stage";"p_date_fin_stage";"p_award";"p_date_soutenance_these";"p_composition_jury_these";"p_etablissement_delivrant_these";"p_directeur_these";"p_date_debut_these";"p_date_fin_these";"p_nom_meeting";"p_date_meeting";"p_auteur";"p_avec_abstract";"Statut";"p_actif";"pf_id";"pf_publication_id";"pf_type";"pf_version_of";"pf_file";"pf_abstract";"pf_titre";"pf_notes";"pf_postman";"pf_timestamp";"pf_actif"
"10";"M031-1";"1";"M031";"communication";"Influence du traitement thermique post fabrication et d’un vieillissement sur la microstructure d’un alliage Al-Si-Mg élaboré par fabrication additive";"";"";"2ème Journées des Doctorants AddimAlliance";"01/07/2021";"02/07/2021";"Albi";"France";"http://www.addimalliance.fr/siteWeb/";"";"";"";"";"";"";"";"01/07/2021";"01/07/2021";"01/07/2021";"";"Nicolas BELLO, Cassiopée GALY, Joel DOUIN";"IRT/CEMES, IRT , CEMES";"";"";"";"non";"";"";"";"";"";"";"";"";"0000000089";"0";"Réalisé";"1";"5";"10";"doc_final";"0";"2021-06/1623838758-828-2021_MAT_BELLLO_Influence-du-traitement-thermique-post-fabrication-et-d...un-vieillissement-ADDIMALLIANCE_2021-V0.pdf";"";"2021_MAT_BELLLO_Influence du traitement thermique post fabrication et d’un vieillissement ADDIMALLIANCE_2021 V0";"";"0000000832";"1623838758";"1"
"11";"M031-2";"2";"M031";"communication";"Presence of Nb rich Carbide during High Temperature Heat treatment on Additively Manufactured IN718";"";"";"2ème Journ2es des Doctorants AddimAlliance";"01/07/2021";"02/07/2021";"Albi";"France";"http://www.addimalliance.fr/siteWeb/";"";"";"";"";"";"";"";"01/07/2021";"01/07/2021";"01/07/2021";"";"Selda NAYIR, Bertrand MAX, Simon PERUSIN, Todd PALMER";"IRT/PennState University, IRT, IRT, PennState University";"";"";"";"non";"";"";"";"";"";"";"";"";"0000000089";"0";"Réalisé";"1";"7";"11";"doc_final";"6";"2021-06/1624292712-560-2021_MAT_NAYIR_Presence-of-Nb-rich-Carbide-during-High-Temperature-Heat-treatment_-ADDIMALLIANCE_2021-V0.pdf";"";"Presence of Nb rich Carbide during High Temperature Heat treatment on Additively Manufactured IN718";"";"0000000832";"1624292712";"1"
"12";"M031-3";"3";"M031";"communication";"Influence de l’oxydation à 500-600°C sur les propriétés mécaniques en traction de l’alliage TA6V issu de fabrication additive";"";"";"Journées Annuelles du Groupement de Recherche (GdR) COnCOrD (COuplage méCanique Oxydation Diffusion) 2021";"07/07/2021";"08/07/2021";"La Rochelle";"France";"https://gdr-concord.cnrs.fr/evenement/seminaire-du-gdr-1-a-la-rochelle-le-7-et-8-juillet-2021/";"";"";"";"";"";"";"";"21/06/2021";"21/06/2021";"21/06/2021";"";"Antoine Casadebaigt , Daniel Monceau, Jonathan Hugues";"IRT, CIRIMAT, IRT";"";"";"";"non";"";"";"";"";"";"";"";"";"0000000089";"0";"Réalisé";"1";"8";"12";"doc_final";"0";"2021-06/1624293210-611-2021_MAT_CASADEBAIGT_Influence-de-l...oxydation-..-500-...-600-..C-sur-les-propri..t..s-m..caniques_JADGR_2021.pdf";"";"Influence de l’oxydation à 500-600°C sur les propriétés mécaniques en traction de l’alliage TA6V issu de fabrication additive";"";"0000000832";"1624293210";"1"
"17";"M031-4";"4";"M031";"communication";"Changes on Textural Properties of Additively Manufactured IN718 during High Temperature Homogenization Process";"";"";"MRS Fall Meeting and Exhibit";"28/11/2021";"03/12/2021";"Boston";"USA";"https://www.mrs.org/meetings-events/fall-meetings-exhibits/2021-mrs-fall-meeting";"";"";"";"";"";"";"";"23/06/2021";"23/06/2021";"23/06/2021";"";"Selda NAYIR, Bertrand MAX, Simon PERUSIN, Todd PALMER";"IRT/PennState University, IRT, IRT, PennState University";"";"";"";"non";"";"";"";"";"";"";"";"";"0000000089";"0";"Réalisé";"1";"12";"17";"doc_final";"0";"2021-06/1624981700-546-2021_MAT_NAYIR_Changes-on-Textural-Properties-of-Additively-Manufactured-IN718_MRS-2021.pdf";"";"Changes on Textural Properties of Additively Manufactured IN718 during High Temperature Homogenization Process";"";"0000000832";"1624981700";"1"
"21";"M031-5";"5";"M031";"communication";"Sample preparation influence on a direct artificially aged Al-Si-Mg alloy elaborated by laser beam melting";"";"";"TMS2022";"27/02/2022";"03/03/2022";"Anaheim";"Autriche";"https://www.tms.org/AnnualMeeting/TMS2022";"";"";"";"";"";"";"";"01/07/2021";"01/07/2021";"";"";"Nicolas Bello, Cassiopée Galy, Céline Larignon, Joël Douin";"IRT/CEMES, IRT , IRT, CEMES";"";"";"";"";"";"";"";"";"";"";"";"";"0000000089";"0";"Réalisé";"1";"658";"21";"doc_publie";"0";"2023-11/1699370417-964-2022_MAT_BELLO_Sample-preparation-influence-on-a-direct-artificially-aged-Al-Si-Mg-alloy-_TMS2022-V1.pdf";"2021-07/1625238440-665-2022_MAT_BELLO_Sample-preparation-influence-on-a-direct-artificially-aged-Al-Si-Mg-alloy-_TMS2022-V1.pdf";"";"";"0000000832";"1699370417";"1"
"46";"M031-9";"9";"M031";"communication";"Influence de l’oxydation à 500 600 °C sur les propriétés mécaniques en traction de l’alliage de titane TA6V issu de fabrication additive ";"";"";"Journées Annuelles du GRD ConCOrd";"07/07/2021";"08/07/2021";"Webconference";"France";"https://gdr-concord.cnrs.fr/activites/";"";"";"";"";"";"";"";"";"";"";"";"Antoine Casadebaigt, Daniel Monceau, Jonathan Hugues ";"IRT/CIRIMAT, CIRIMAT, IRT";"";"";"";"non";"";"";"";"";"";"";"";"";"0000000089";"0";"Réalisé";"1";"32";"46";"doc_final";"0";"2021-10/1634109880-272-2021_MAT_CASADEBAIGT_Influence-de-l...oxydation-..-500-...-600-..C-sur-les-propri..t..s-m..caniques_JADGR_2021.pdf";"";"Influence de l’oxydation à 500 600 °C sur les propriétés mécaniques en traction de l’alliage de titane TA6V issu de fabrication additive";"";"0000000832";"1634109880";"1"
"60";"M031-11";"11";"M031";"communication";"Contribution of the introduction of artificial defects by additive manufacturing to the determination of the Kitagawa diagram of Al-Si alloys";"";"";"Fatigue Design 2021";"17/11/2021";"18/11/2021";"Senslis";"France";"http://fatiguedesign.org/";"";"";"";"";"";"";"";"";"";"";"";"M. Bonneric , C. Brugger, N. Saintier , A. Castro Moreno , B. Tranchand";"Arts et Métiers Institute of Technology, I2M, France  IRT Saint-Exupery, France";"";"";"";"non";"";"";"";"";"";"";"";"";"0000000089";"0";"Réalisé";"1";"417";"60";"doc_final";"38";"2023-03/1677678842-803-2021_MAT_Bon_PRES---Contribution-of-the-introduction-of-artificial-defects_FatigueDesign-V1.pdf";"";"";"";"0000000832";"1677678842";"1"
"62";"M082-2";"2";"M082";"communication";"Effect of Microstructure Scale on the Erosion Behavior  of Cascaded-Arc Plasma Spray Coatings ";"";"";"International Thermal Spray conference - ITSC 2021";"24/05/2021";"28/05/2021";"Visio";"Visio";"https://www.asminternational.org/web/itsc-2021";"";"";"";"";"";"";"";"16/09/2020";"17/09/2020";"28/04/2021";"";"Simon GOUTIER, Christophe CHAZELAS, Armelle VARDELLE ; Sophie SENANI, Aurélien JOULIA ; Julien ESCOBAR, Maxence GOMBAULT";"University of Limoges-IRCER ; SAFRAN TECH ; IRT SE";"";"";"";"non";"";"";"";"";"";"";"";"";"0000000669";"0";"Réalisé";"1";"442";"62";"doc_final";"0";"2023-03/1678272277-674-ITSC-2021_Maxence-GOMBAULT_2e-version-2.pptx";"";"";"";"0000000669";"1678272277";"1"
"63";"M082-3";"3";"M082";"communication";"Elaboration of multifunctional coatings by suspension plasma spray for aeronautical applications ";"";"";"Journées des doctorants Safran 2021 à Safran Tech ";"20/10/2021";"20/10/2021";"Montigny";"France";"";"";"";"";"";"";"";"";"12/10/2021";"13/10/2021";"15/10/2021";"";"Maxence GOMBAULT, Julien RSCOBAR ; Simon GOUTIER, Christophe CHAZELAS, Armelle VARDELLE ; Sophie SENANI, Aurélien JOULIA";"IRT Saint-Exupéry, IRCER, Safran Tech";"";"";"";"non";"";"";"";"";"";"";"";"";"0000000669";"0";"Réalisé";"1";"443";"63";"doc_final";"0";"2023-03/1678272335-979-Maxence-GOMBAULT_JDD-SAFRAN.-version-finale.pdf";"";"";"";"0000000669";"1678272335";"1"
"64";"M082-4";"4";"M082";"communication";"Elaboration de revêtements anti-érosion et anti-icing par projection plasma de suspensions ";"";"";"A3TS Pau ";"08/12/2021";"09/12/2021";"Pau";"France";"https://www.a3ts.org/conferences/projection-thermique-reparation-et-rechargement-2021/";"";"";"";"";"";"";"";"21/07/2020";"05/08/2020";"06/08/2020";"";"Maxence GOMBAULT, Julien ESCOBAR ; Simon GOUTIER, Christophe CHAZELAS, Armelle VARDELLE, ; Sophie SENANI, Aurélien JOULIA";"IRT Saint-Exupéry, IRCER, Safran Tech";"";"";"";"non";"";"";"";"";"";"";"";"";"0000000669";"0";"Réalisé";"1";"444";"64";"doc_final";"0";"2023-03/1678272434-285-R..sum..-A3TS-Maxence-bis.docx";"";"";"";"0000000669";"1678272434";"1"
"65";"M082-5";"5";"M082";"communication";"An Experimental and Numerical Methodology to Model the Shedding of Ice Accreted to Icephobic Coatings";"";"";"The 4th International Conference of Aerospace and Aeronautics ";"25/10/2021";"27/10/2021";"Valence";"Espagne";"https://www.scientificfederation.com/aerospace-aeronautical-engineering/registration.php ";"";"";"";"";"";"";"";"18/02/2021";"";"";"";"Martin HURE, Julien GARCIA ; Philippe OLIVIER";"IRT SE ; ICA";"";"";"";"";"";"";"";"";"";"";"";"";"0000000669";"0";"Réalisé";"1";"440";"65";"doc_final";"0";"2023-03/1678271661-835-Conf..rence-4th-ICAAE.pptx";"";"";"";"0000000669";"1678271661";"1"
"70";"E039-1";"1";"E039";"communication";"A Multidisciplinary Design Optimization Approach for EMC Filters Design";"";"";"EPE";"06/09/2021";"10/09/2021";"";"";"https://www.bing.com/search?q=epe+2021&cvid=012a6500b81545f4b9b5c2c1112b083a&aqs=edge.0.0l6.1920j0j1&FORM=ANAB01&PC=U531";"";"";"";"";"";"";"";"";"";"";"";"Arthur Piat, Hans H. Sathler, Francois Gallard, Bernardo Cogo";"IRT";"";"";"";"";"";"";"";"";"";"";"";"";"0000000606";"0";"Réalisé";"1";"NULL";"NULL";"NULL";"NULL";"NULL";"";"NULL";"NULL";"NULL";"NULL";"NULL"
"72";"E039-3";"3";"E039";"communication";"Design of three-level flying-capacitor commutation cells with four paralleled 650 V/60 A GaN HEMTs";"";"";"APEC";"";"";"";"";"";"";"";"";"";"";"";"";"";"";"26/02/2021";"";"Hans H. Sathler; Tianyu Zhao; Rolando Burgos;François Costa; Bernardo Cougo, Gilles Segond;Denis Labrousse";"IRT; CPES; SATIE;CNAM";"";"";"";"";"";"";"";"";"";"";"";"";"0000000046";"0";"Réalisé";"1";"NULL";"NULL";"NULL";"NULL";"NULL";"";"NULL";"NULL";"NULL";"NULL";"NULL"
"73";"E039-4";"4";"E039";"communication";"Impact of PWM Techniques in Efficiency and Power Density of a 70kVA Multilevel Inverter for More Electric Aircrafts";"";"";"EPE";"";"26/02/2021";"";"";"";"";"";"";"";"";"";"";"";"";"";"";"Caio C.O. Mendes, Hans H. Sathler, Bernardo Cogo, Marcelo M. Stopa, François Costa, Denis Labrousse";"IRT; CEFET; Université Paris Est; CNAM; ENS; CNRS SATIE";"";"";"";"";"";"";"";"";"";"";"";"";"0000000046";"0";"Réalisé";"1";"NULL";"NULL";"NULL";"NULL";"NULL";"";"NULL";"NULL";"NULL";"NULL";"NULL"
"74";"E039-5";"5";"E039";"communication";"Contrôle ultra-rapide et intégré de dv/dt en boucle fermée lors de l’amorçage de transistors à semiconducteurs grand-gap,";"";"";"SGE";"06/08/2021";"08/08/2021";"Nantes";"Toulouse";"https://www.sge-conf.fr/";"";"";"";"";"";"";"";"";"";"";"";"Plinio Bau, Marc Cousineau, Bernardo Cogo, Frédéric Richardeau, Nicolas Rouger";"IRT; LAPLACE";"";"";"";"";"";"";"";"";"";"";"";"";"0000000606";"0";"Réalisé";"1";"NULL";"NULL";"NULL";"NULL";"NULL";"";"NULL";"NULL";"NULL";"NULL";"NULL"
"75";"E039-6";"6";"E039";"communication";"Conception optimale d'un onduleur triphasé SiC 540V/70kVA pour applications aéronautiques";"";"";"SGE";"06/11/2021";"08/11/2021";"Nantes";"France";"https://www.sge-conf.fr/";"";"";"";"";"";"";"";"";"";"";"";"Gilles Segond, Bernardo Cogo, Hans H. Sathler, Benoit Bonnefont, Duc-Hoan Tran";"IRT";"";"";"";"";"";"";"";"";"";"";"";"";"0000000606";"0";"Réalisé";"1";"NULL";"NULL";"NULL";"NULL";"NULL";"";"NULL";"NULL";"NULL";"NULL";"NULL"
"76";"E042-1";"1";"E042";"communication";"A Technique to Assess Conducted Immunity of an Electronic Equipment after an Obsolete Integrated Circuit Change";"";"";"EMC COMPO";"08/03/2022";"11/03/2022";"Bruges";"Belgique";"https://emccompo2021.eu/";"";"";"";"";"";"";"";"";"";"";"";"Alexandre Boyer; Saliha Chetouani; Sonia Ben Dhia; Sébastien Serpaud; André Durier";"LAAS-CNRS; IRT";"";"";"";"";"";"";"";"";"";"";"";"";"0000000821";"0";"Réalisé";"1";"NULL";"NULL";"NULL";"NULL";"NULL";"";"NULL";"NULL";"NULL";"NULL";"NULL"
"100";"M031-12";"12";"M031";"communication";"Utilisation du Contrôle Non Destructif en phase de production";"";"";"COMET 2021";"30/11/2021";"30/11/2021";"Toulouse";"France";"https://www.comet-cnes.fr/evenements/cnd-detection-dendommagement-et-suivi-en-fabrication";"";"";"";"";"";"";"";"";"";"";"";"Cassiopée GALY";"IRT";"";"";"";"non";"";"";"";"";"";"";"";"";"0000000089";"0";"Réalisé";"1";"53";"100";"doc_final";"0";"2021-11/1637160033-207-2021_MAT_GALY_Utilisation-du-CND-en-phase-de-production-pour-diffusion_COMET.pdf";"";"Utilisation du Contrôle Non Destructif en phase de production";"";"0000000832";"1637160033";"1"
"101";"M031-13";"13";"M031";"communication";"Détection des défauts en tomographie X pour la fabrication additive métallique";"";"";"COMET 2021";"30/11/2021";"30/11/2021";"Toulouse";"France";"https://www.comet-cnes.fr/evenements/cnd-detection-dendommagement-et-suivi-en-fabrication";"";"";"";"";"";"";"";"";"";"";"";"Julien LESSEUR";"IRT";"";"";"";"non";"";"";"";"";"";"";"";"";"0000000089";"0";"Réalisé";"1";"54";"101";"doc_final";"0";"2021-11/1637160204-115-2021_MAT_LESSEUR_D..tection-des-d..fauts-en-tomographie_COMET.pdf";"";"Détection des défauts en tomographie X pour la fabrication additive métallique";"";"0000000832";"1637160204";"1"
"102";"M032-1";"1";"M032";"communication";"DU DEPOT DE CORDON A LA REALISATION DE PIECES INDUSTRIELLES";"";"";"25e assises europeennes de la FA 2021";"08/06/2021";"10/06/2021";"";"France";"https://franceadditive.tech/assises-2021/";"";"";"";"";"";"";"";"";"";"";"";"Bertrand MAX, Céline LARIGNON";"IRT, IRT";"";"";"";"non";"";"";"";"";"";"";"";"";"0000000089";"0";"Réalisé";"1";"55";"102";"doc_final";"0";"2021-11/1637161014-519-APU-2021-040-V1_-MAX_AEFA021.pdf";"";"PROJET DEPOZ « DU DEPOT DE CORDON A LA REALISATION DE PIECES INDUSTRIELLES »";"";"0000000832";"1637161014";"1"
"105";"E033-10";"10";"E033";"communication";"Analysis of standard parts aging under partial discharges for airborne applications";"";"";"EATS 2022";"";"";"";"";"";"";"";"";"";"";"";"";"30/11/2021";"";"";"";"Jean Rivenc, Sam Pin, Emilie Fond, Guillaume Belijar, Cyril Van de Steen";"Airbus, IRT, Radiall, IRT, IRT";"";"";"";"";"";"";"";"";"";"";"";"";"0000000383";"0";"Réalisé";"1";"176";"105";"doc_final";"60";"2022-05/1652787776-461-iTec2022_ID_1028_Rivenc_et_al-Analysis-of-standard-parts-aging-under-partial.pdf";"";"";"";"0000000798";"1652787776";"1"
"106";"M082-7";"7";"M082";"communication";"Ice adhesion Measurements: Assessing the effect of icing conditions";"";"";"IWAIS 2022 ";"19/06/2022";"23/06/2022";"Montréal";"Canada";"https://www.mcgill.ca/iwais2022/";"";"";"";"";"";"";"";"30/11/2021";"";"";"";"Caroline Blackburn, Eric Villeneuve, Jean-Denis Brassard, Gelareh Momen ; Julien Garcia ; Romain Noiville";"UQAC - AMIL ; IRT SE ; SAFRAN TECH";"";"";"";"";"";"";"";"";"";"";"";"";"0000000669";"0";"Réalisé";"1";"351";"106";"doc_final";"0";"2023-02/1677075836-236-iwais2022_Ice-adhesion-Measurements-Assessing-the-effect-of-icing-conditions-official.pdf";"";"";"";"0000000669";"1677075836";"1"
"112";"V075-3";"3";"V075";"communication";"Existence, Stability And Scalability Of Orthogonal Convolutional Neural Networks";"";"";"JMLR (Journal of Machine Learning Research)";"";"";"";"";"";"";"";"";"";"";"";"";"";"";"19/10/2021";"";"El Mehdi Achour, François Malgouyres, Franck Mamalet";"UNIV-TLSE3 | INSMI | UT1-CAPITOLE | UNIV-TLSE2 | IMT | IRT_SAINT-EXUPERY | INSA-TOULOUSE | INSA-GROUPE | CNRS | ANR | ANITI";"";"";"";"non";"";"";"";"";"";"";"";"";"0000000595";"0";"Réalisé";"1";"395";"112";"doc_final";"68";"2023-02/1677600750-909-main_JMLR.pdf";"";"";"";"0000000595";"1677600750";"1"
"113";"V075-4";"4";"V075";"communication";"The sample complexity of level set approximation";"";"";"AISTATS 2021";"";"";"";"";"";"";"";"";"";"";"";"";"";"";"19/10/2021";"";" François Bachoc (1) , Tommaso R Cesari (2) , Sébastien Gerchinovitz (3, 1) ";"(1) IMT - Institut de Mathématiques de Toulouse UMR5219; (2) Toulouse School of Economics; (3) IRT Saint Exupéry";"";"";"";"";"";"";"";"";"";"";"";"";"0000000734";"0";"Réalisé";"1";"69";"113";"doc_final";"0";"2021-12/1638524802-789-V075-4_The-sample-complexity-of-level-set-approximation.pdf";"";"The sample complexity of level set approximation";"";"0000000617";"1638524802";"1"
"115";"V075-6";"6";"V075";"communication";"How Good is your Explanation? Algorithmic Stability Measures to Assess the Quality of Explanations for Deep Neural Networks";"";"";"WACV";"04/01/2022";"08/01/2022";"Waikoloa";"US";"https://wacv2022.thecvf.com/";"";"";"";"";"";"";"";"";"";"03/12/2021";"";"Thomas Fel, David Vigouroux, Rémi Cadène, Thomas Serre";"IRT Saint Exupéry - Institut de Recherche Technologique, ANITI - Artificial and Natural Intelligence Toulouse Institute, Carney Institute for Brain Science, Brown University";"";"";"";"";"";"";"";"";"";"";"";"";"0000000538";"0";"Réalisé";"1";"465";"115";"doc_final";"65";"2023-03/1678874438-752-Fel_How_Good_Is_Your_Explanation_Algorithmic_Stability_Measures_To_Assess_WACV_2022_paper.pdf";"";"How Good is your Explanation? Algorithmic Stability Measures to Assess the Quality of Explanations for Deep Neural Networks";"";"0000000538";"1678874438";"1"
"116";"M031-14";"14";"M031";"communication";"Cinétique d'évolutions microstructurales dans l'alliage de titane Ti6Al4V élaboré par fabrication additive";"";"";"MANUFACTURING 2021";"11/06/2021";"12/06/2021";"Angers";"France";"";"";"";"";"";"";"";"";"";"";"";"";"Yassine LAKROUNE, Damien CONNETABLE, Jonathan HUGUES, Paul HERMANTIER, Frédéric PRIMA, Moukrane DEHMAS ";"CIRIMAT, CIRIMAT,IRT Saint Exupéry, CIRIMAT/IRT Saint Exupery, IRCP, CIRIMAT";"";"";"";"non";"";"";"";"";"";"";"";"";"0000000089";"0";"Réalisé";"1";"358";"116";"doc_final";"0";"2023-02/1677143527-755-2021_MAT_Lakroune_Cin..tique-d.....volutions-microstructurales-dans-l...alliage-de-titane-Ti6Al4V_Manufacturing-2021-V1.pdf";"";"";"";"0000000832";"1677143527";"1"
"117";"M031-15";"15";"M031";"communication";"Texture evolution during the high temperature heat treatment of additively manufactured IN718";"";"";"Materials Science and Technology";"17/10/2021";"21/10/2021";"Columbus";"USA";"";"";"";"";"";"";"";"";"";"";"";"";"Selda NAYIR, Bertrand MAX Simon PERUSIN, Todd PALMER";"Pennsylvania State University,  IRT Saint Exupéry, IRT Saint Exupéry, Pennsylvanya State university ";"";"";"";"non";"";"";"";"";"";"";"";"";"0000000089";"0";"Réalisé";"1";"359";"117";"doc_final";"0";"2023-02/1677143891-930-2021_MAT_Nayir_Texture-evolution-during-the-high-temperature-heat-treatment_MS.T_V1.pdf";"";"";"";"0000000832";"1677143891";"1"
"119";"M031-16";"16";"M031";"communication";"Texture evolution with Homogenization Temperature on IN718 Alloys produced with Powder Bed Fusion Process";"";"";"2021 AWS Professional program";"13/09/2021";"16/09/2021";"Chicago";"USA";"";"";"";"";"";"";"";"";"";"";"";"";"Selda NAYIR, Bertrand MAX Simon PERUSIN, Todd PALMER";"Pennsylvania State University,  IRT Saint Exupéry, IRT Saint Exupéry, Pennsylvanya State university ";"";"";"";"non";"";"";"";"";"";"";"";"";"0000000089";"0";"Réalisé";"1";"360";"119";"doc_final";"0";"2023-02/1677144060-581-2021_MAT_Nayir_Texture-evolution-with-homogenization-temperature_AWS2021_V1.pdf";"";"";"";"0000000832";"1677144060";"1"
"120";"M031-17";"17";"M031";"communication";"Comparative Analysis of Low Angle and High Angle Grain Boundaries on Additively Manufactured Inconel 718 Builds";"";"";"Chemnitz MTEX Workshop 2021";"08/03/2021";"12/03/2021";"";"webconf";"";"";"";"";"";"";"";"";"";"";"";"";"Selda NAYIR";"Pennsylvania State University";"";"";"";"non";"";"";"";"";"";"";"";"";"0000000089";"0";"Réalisé";"1";"659";"120";"doc_publie";"0";"2023-11/1699371316-527-2021_MAT_NAYIR_Comparative-Analysis-of-Low-Angle-and-High-Angle-Grain-Boundaries-on-Additively-Manufactured-Inconel-718-Builds-_MTEX-2021-V0.pdf";"";"";"";"0000000832";"1699371316";"1"
"122";"M031-19";"19";"M031";"communication";"Kinetics of microstructural evolutions in additively manufactured Ti-6Al-4V titanium alloy transformed by SLM";"";"";"EUROMAT 2021";"12/09/2021";"12/09/2021";"Graz";"Autriche";"";"";"";"";"";"";"";"";"";"";"";"";"Yassine LAKROUNE, Damien CONNETABLE, Jonathan HUGUES, Paul HERMANTIER, Frédéric PRIMA, Moukrane DEHMAS ";"CIRIMAT, CIRIMAT,IRT Saint Exupéry, CIRIMAT/IRT Saint Exupery, IRCP, CIRIMAT";"";"";"";"non";"";"";"";"";"";"";"";"";"0000000089";"0";"Réalisé";"1";"362";"122";"doc_final";"0";"2023-02/1677144880-108-2021_MAT_Lakroune_Kinetics-of-microstructural-evolutions-in-additively-manufactured-Ti-6Al-4V-titanium-alloy-transformed-by-SLM_EUROMAT-2021-V0.pdf";"";"";"";"0000000832";"1677144880";"1"
"123";"M031-20";"20";"M031";"communication";"Etude de l’oxydation à chaud d’échantillons en alliage TA6V élaborés par fabrication additive. Conséquences sur les propriétés mécaniques";"";"";"Webinaire CEFRACOR";"";"28/01/2021";"Webconf";"";"";"";"";"";"";"";"";"";"";"";"";"";"Antoine CASADEBAIGT Jonathan HUGUES Daniel MONCEAU""";"IRT Saint Exupéry, IRT Saint Exupéry, CIRIMAT";"";"";"";"non";"";"";"";"";"";"";"";"";"0000000089";"0";"Réalisé";"1";"363";"123";"doc_final";"0";"2023-02/1677146353-436-2021_MAT_Casadebaigt_Etude-de-l...oxydation-..-chaud-d.....chantillons-en-alliage-TA6V-..labor..s-par-fabrication-additive_CEFRACOR_V1.pdf";"";"";"";"0000000832";"1677146353";"1"
"130";"S038-1";"1";"S038";"communication";"In space image processing using AI embedded on system on module: Example of OPS-SAT cloud segmenation";"";"";"European workshop on On-Board Data Processing (OBDP 2021)";"14/06/2021";"17/06/2021";"Fully digital";"Fully digital";"https://atpi.eventsair.com/QuickEventWebsitePortal/obdp-2021/website";"";"";"";"";"";"";"";"";"";"";"";"Fredéric Férésin, Erwann Kervennic, Yves Bobichon, Edgar Lemaire, Nassim Abderrahmane, Gaetan Bahl, Ingrid Grenet, Matthieu Moretti, Michael Benguigui";"IRT Saint Exupery, Thales Alenia Space, Thales Research Technology, ActiveEon, Elsys Design, Inria, MyDataModels, Université Cote d’Azur / LEAT / CNRS";"";"";"";"";"";"";"";"";"";"";"";"";"0000000829";"0";"Réalisé";"1";"77";"130";"doc_final";"73";"2021-12/1640084933-326-AI-embedded-on-SoM---OPS-SAT-cloud-segmenation.pdf";"";"Papier";"";"0000000829";"1640084933";"1"
"132";"S038-3";"3";"S038";"communication";"ZGP : une alternative aux réseaux de neurones pour la segmentation sémantique de nuages dans les images satellites multi-spectrales";"";"";"Conférence Nationale sur les Applications Pratiques de l’Intelligence Artificielle (APIA 2021)";"01/07/2021";"02/07/2021";"Bordeaux + digital";"France + digital";"https://pfia2021.fr/conferences/apia/";"";"";"";"";"";"";"";"";"";"";"";"Ingrid Grenet, Yves Bobichon, Adrien Girard, Frédéric Férésin";"IRT Saint Exupéry, MyDataModels";"";"";"";"";"";"";"";"";"";"";"";"";"0000000829";"0";"Réalisé";"1";"78";"132";"doc_final_extend";"0";"2021-12/1640085100-911-APIA2021_presentation_GrenetBobichon_Final.pptx";"";"Présentation";"";"0000000829";"1640085100";"1"
"133";"S038-4";"4";"S038";"communication";"In space images processing by AI: OPS-SAT cloud segmentation";"";"";"International Society for Photogrammetry and Remote Sensing Congress (ISPRS Congress 2021)";"04/07/2021";"10/07/2021";"Fully digital";"Fully digital";"https://isprs2021.stream-up.tv/";"";"";"";"";"";"";"";"";"";"";"";"Frédéric Férésin";"IRT St Exupéry";"";"";"";"";"";"";"";"";"";"";"";"";"0000000829";"0";"Réalisé";"1";"84";"133";"doc_final";"80";"2021-12/1640087066-853-prez-OPSSAT-IRT-TAS-2-ISPRS_06-July-2021_V10_com.pptx";"";"Présentation";"La présentation a servi de support à la réalisation d'une vidéo disponible sur le site web de la conférence.";"0000000829";"1640087066";"1"
"134";"S038-5";"5";"S038";"communication";"In-flight results of images processing by AI embedded on OPS-SAT";"";"";"SophIA Summit";"17/11/2021";"19/11/2021";"Sophia Antipolis";"France";"https://univ-cotedazur.eu/events/sophia-summit";"";"";"";"";"";"";"";"";"";"";"";"Erwann Kervennic, Lionel Daniel, Frederic Feresin, Yves Bobichon, Edgar Lemaire, Nassim Abderrahmane, Gaetan Bahl, Ingrid Grenet, Michael Benguigui";"IRT St Exupéry";"";"";"";"";"";"";"";"";"";"";"";"";"0000000829";"0";"Réalisé";"1";"83";"134";"doc_final";"0";"2021-12/1640087002-198-SophIA-Summit.pptx";"";"Présentation";"La présentation a servi de support à la réalisation d'une vidéo disponible sur le site web de la conférence.";"0000000829";"1640087002";"1"
"136";"S038-6";"6";"S038";"communication";"AI embedded on FPGA: OPS-SAT use case";"";"";"ESA CubeSat Industry Days";"01/06/2021";"03/06/2021";"Fully digital";"Fully digital";"https://atpi.eventsair.com/QuickEventWebsitePortal/5thcubesatindustrydays/website";"";"";"";"";"";"";"";"";"";"";"";"Fréderic Férésin, Erwann Kervennic";"IRT St Exupéry";"";"";"";"";"";"";"";"";"";"";"";"";"0000000829";"0";"Réalisé";"1";"85";"136";"doc_final";"0";"2021-12/1640087557-347-ESA-CubeSat-Industry-Days-v5.pptx";"";"Présentation";"";"0000000829";"1640087557";"1"
"138";"S038-8";"8";"S038";"communication";"Onboard image processing using AI to reduce data transmission: example of OPS-SAT cloud segmentation";"";"";"International workshop on on-board payload data compression (OBPDC 2020)";"21/09/2020";"23/09/2020";"Fully digital";"Fully digital";"https://atpi.eventsair.com/QuickEventWebsitePortal/obpdc-2020/eventwebsite";"";"";"";"";"";"";"";"";"";"";"";"Frédéric Férésin, Michaël Benguigui, Yves Bobichon, Edgar Lemaire, Matthieu Moretti, Gaétan Bahl";"IRT St Exupéry, Thales Alenia Space, Université Côte d'Azur / LEAT / CNRS, ActiveEon, Elsys Design, Inria";"";"";"";"";"";"";"";"";"";"";"";"";"0000000829";"0";"Réalisé";"1";"87";"138";"doc_final";"0";"2021-12/1640088513-280-2020_09_23---OBPDC---AI-to-reduce-data-transmission.pdf";"";"Papier";"";"0000000829";"1640088513";"1"
"162";"E042-9";"9";"E042";"communication";"Robustness of BGAs: parametric study of voids' distribution in SAC solder joints";"";"";"IEEE - EuroSimE 2018 (19th International Conference on Thermal, Mechanical and Multi-Physics Simulation and Experiments in Microelectronics and Microsystems)";"26/03/2018";"26/03/2018";"";"";"";"";"";"";"";"";"";"";"";"";"";"";"S. Pin, A. Guédon-Garcia, H. Frémont, J.-Y. Deletage and J. Fouquet";"";"";"";"";"";"";"";"";"";"";"";"";"";"0000000821";"0";"Réalisé";"1";"NULL";"NULL";"NULL";"NULL";"NULL";"";"NULL";"NULL";"NULL";"NULL";"NULL"
"166";"E042-13";"13";"E042";"communication";"Characterization of external pressure effects on lithium-ion pouch cell";"";"";"IEEE - ICIT";"01/02/2018";"01/02/2018";"";"";"";"";"";"";"";"";"";"";"";"";"";"";"Y. C. Zhang, O. Briat, J.-Y. Deletage, C. Martin, G. Gager and J.-M. Vinassa";"";"";"";"";"";"";"";"";"";"";"";"";"";"0000000821";"0";"Réalisé";"1";"NULL";"NULL";"NULL";"NULL";"NULL";"";"NULL";"NULL";"NULL";"NULL";"NULL"
"167";"E042-14";"14";"E042";"communication";"Development and validation of a wide band Near Field Scan probe for the investigation of the radiated immunity of Printed Circuit Boards";"";"";"APEMC 2019";"03/06/2019";"03/06/2019";"";"";"";"";"";"";"";"";"";"";"";"";"";"";"A.DURIER";"";"";"";"";"";"";"";"";"";"";"";"";"";"0000000821";"0";"Réalisé";"1";"NULL";"NULL";"NULL";"NULL";"NULL";"";"NULL";"NULL";"NULL";"NULL";"NULL"
"168";"E042-15";"15";"E042";"communication";"Comparison of voltages induced in an electronic equipment during far field and near field normative radiated immunity tests.";"";"";"EMC Europe";"01/05/2019";"01/05/2019";"";"";"";"";"";"";"";"";"";"";"";"";"";"";"A.DURIER";"";"";"";"";"";"";"";"";"";"";"";"";"";"0000000821";"0";"Réalisé";"1";"NULL";"NULL";"NULL";"NULL";"NULL";"";"NULL";"NULL";"NULL";"NULL";"NULL"
"169";"E042-16";"16";"E042";"communication";"Optimize algorithm to reduce the near field measurement time on FPGA device.";"";"";"EMC COMPO";"01/10/2019";"01/10/2019";"";"";"";"";"";"";"";"";"";"";"";"";"";"";"S.SERPAUD";"";"";"";"";"";"";"";"";"";"";"";"";"";"0000000821";"0";"Réalisé";"1";"NULL";"NULL";"NULL";"NULL";"NULL";"";"NULL";"NULL";"NULL";"NULL";"NULL"
"170";"E042-17";"17";"E042";"communication";"Stress dependent degradation mechanisms on commercially available GaN Normally-Off transistors.";"";"";"ESREF 2019";"01/05/2019";"01/05/2019";"";"";"";"";"";"";"";"";"";"";"";"";"";"";"A. BENSOUSSAN F.COCCETTI";"";"";"";"";"";"";"";"";"";"";"";"";"";"0000000821";"0";"Réalisé";"1";"NULL";"NULL";"NULL";"NULL";"NULL";"";"NULL";"NULL";"NULL";"NULL";"NULL"
"171";"E042-18";"18";"E042";"communication";"Degradation indicators of power-GaN-HEMT under switching power-cycling.";"";"";"ESREF 2019";"01/05/2019";"01/05/2019";"";"";"";"";"";"";"";"";"";"";"";"";"";"";"A. BENSOUSSAN";"";"";"";"";"";"";"";"";"";"";"";"";"";"0000000821";"0";"Réalisé";"1";"NULL";"NULL";"NULL";"NULL";"NULL";"";"NULL";"NULL";"NULL";"NULL";"NULL"
"172";"E042-19";"19";"E042";"communication";"Study of the coupling of wide band Near Field Scan probe for the investigation of the radiated immunity of Printed Circuit Boards.";"";"";"SPI 2019";"03/06/2019";"03/06/2019";"";"";"";"";"";"";"";"";"";"";"";"";"";"";"A.DURIER";"";"";"";"";"";"";"";"";"";"";"";"";"";"0000000821";"0";"Réalisé";"1";"NULL";"NULL";"NULL";"NULL";"NULL";"";"NULL";"NULL";"NULL";"NULL";"NULL"
"173";"E042-20";"20";"E042";"communication";"Study of the radiated immunity of a drain-source current sensor using Near Field Scan Immunity method";"";"";"EMC COMPO";"03/10/2019";"03/10/2019";"";"";"";"";"";"";"";"";"";"";"";"";"";"";"A. DURIER";"";"";"";"";"";"";"";"";"";"";"";"";"";"0000000821";"0";"Réalisé";"1";"NULL";"NULL";"NULL";"NULL";"NULL";"";"NULL";"NULL";"NULL";"NULL";"NULL"
"174";"E042-21";"21";"E042";"communication";"Sequential adaptive sampling algorithm to reduce the near field measurement time.";"";"";"EMC Europe";"02/09/2019";"02/09/2019";"";"";"";"";"";"";"";"";"";"";"";"";"";"";"S. SERPAUD";"";"";"";"";"";"";"";"";"";"";"";"";"";"0000000821";"0";"Réalisé";"1";"NULL";"NULL";"NULL";"NULL";"NULL";"";"NULL";"NULL";"NULL";"NULL";"NULL"
"175";"E042-22";"22";"E042";"communication";"Cosmic ray immunity of COTS Normally-Off Power GaN FETs for space, aeronautic and automotive applications";"";"";"RADECS 2020";"02/10/2020";"02/10/2020";"";"";"";"";"";"";"";"";"";"";"";"";"";"";"M. Zerarka, O. Crepel, C. Weulersse, S. Morand, C. Binois, M. Mazurek, G. Vignon, L. Serrano, F. Coccetti";"";"";"";"";"";"";"";"";"";"";"";"";"";"0000000821";"0";"Réalisé";"1";"NULL";"NULL";"NULL";"NULL";"NULL";"";"NULL";"NULL";"NULL";"NULL";"NULL"
"176";"E042-23";"23";"E042";"communication";"Backside Laser Testing of Single-Event Effects in GaN-on-Si Power HEMTs";"";"";"RADECS 2020";"02/10/2020";"02/10/2020";"";"";"";"";"";"";"";"";"";"";"";"";"";"";"C. Ngom, V. Pouget, M. Zerarka, F. Coccetti, A. Touboul, M. Matmat, O. Crepel, S. Jonathas, G. Bascoul";"";"";"";"";"";"";"";"";"";"";"";"";"";"0000000821";"0";"Réalisé";"1";"NULL";"NULL";"NULL";"NULL";"NULL";"";"NULL";"NULL";"NULL";"NULL";"NULL"
"177";"E042-24";"24";"E042";"communication";"Applications des méthodes de mesures indirectes de paramètres S en vue de la gestion de l’obsolescence des composants en immunité conduite""";"";"";"CEM France";"02/04/2020";"02/04/2020";"";"";"";"";"";"";"";"";"";"";"";"";"";"";"S. Chetouani, A. Boyer, S. Ben Dhia, S. Serpaud";"";"";"";"";"";"";"";"";"";"";"";"";"";"0000000821";"0";"Réalisé";"1";"NULL";"NULL";"NULL";"NULL";"NULL";"";"NULL";"NULL";"NULL";"NULL";"NULL"
"178";"E042-25";"25";"E042";"communication";"Fast and efficient approach to predict EMC immunity of complex equipment after a component change""";"";"";"EMC Europe";"01/09/2020";"01/09/2020";"";"";"";"";"";"";"";"";"";"";"";"";"";"";"S. Chetouani, A. Boyer, S. Ben Dhia, S. Serpaud";"";"";"";"";"";"";"";"";"";"";"";"";"";"0000000821";"0";"Réalisé";"1";"NULL";"NULL";"NULL";"NULL";"NULL";"";"NULL";"NULL";"NULL";"NULL";"NULL"
"180";"E042-27";"27";"E042";"communication";"“Impact of crystalline orientation of lead-free solder joints on thermomechanical response and reliability of ball grid array component”";"";"";"ESREF 2020";"02/10/2020";"02/10/2020";"";"";"";"";"";"";"";"";"";"";"";"";"";"";"E. Ben Romdhane, A. Guédon-Gracia, S. Pin, P. Roumanille, H. Frémont";"";"";"";"";"";"";"";"";"";"";"";"";"";"0000000821";"0";"Réalisé";"1";"NULL";"NULL";"NULL";"NULL";"NULL";"";"NULL";"NULL";"NULL";"NULL";"NULL"
"181";"E042-28";"28";"E042";"communication";"Influence of grain morphologies and anisotropic properties on the stress state of BGA solder joints""";"";"";"MiNaPAD";"02/02/2021";"02/02/2021";"";"";"";"";"";"";"";"";"";"";"";"";"";"";"E. Ben Romdhane, A. Guédon-Gracia, S. Pin, P. Roumanille, H. Frémont";"";"";"";"";"";"";"";"";"";"";"";"";"";"0000000821";"0";"Réalisé";"1";"NULL";"NULL";"NULL";"NULL";"NULL";"";"NULL";"NULL";"NULL";"NULL";"NULL"
"183";"E042-29";"29";"E042";"communication";"A Technique to Assess Conducted Immunity of an Electronic Equipment";"";"";"EMC Compo 2021";"08/03/2021";"11/03/2021";"Bruxelle";"Belgique";"";"";"";"";"";"";"";"";"";"";"";"";"S.SERPAUD";"";"";"";"";"";"";"";"";"";"";"";"";"";"0000000821";"0";"Réalisé";"1";"NULL";"NULL";"NULL";"NULL";"NULL";"";"NULL";"NULL";"NULL";"NULL";"NULL"
"185";"E042-31";"31";"E042";"communication";"Laser-induced Transients in a GaN-on-Si";"";"";"RADECS 2021";"01/09/2021";"01/09/2021";"";"";"";"";"";"";"";"";"";"";"";"";"";"";"M.ZERARKA";"";"";"";"";"";"";"";"";"";"";"";"";"";"0000000821";"0";"Réalisé";"1";"NULL";"NULL";"NULL";"NULL";"NULL";"";"NULL";"NULL";"NULL";"NULL";"NULL"
"186";"E042-32";"32";"E042";"communication";"Modelling of Charge Injection by Multi-Photon";"";"";"ESREF 2021";"";"";"";"";"";"";"";"";"";"";"";"";"";"";"";"";"E.Ben Romdhane; P.Roumanille";"";"";"";"";"";"";"";"";"";"";"";"";"";"0000000821";"0";"Réalisé";"1";"NULL";"NULL";"NULL";"NULL";"NULL";"";"NULL";"NULL";"NULL";"NULL";"NULL"
"187";"E042-33";"33";"E042";"communication";"Microstructural evolution of BGA SAC305 solder joints during thermal cycling EB";"";"";"ESREF 2021";"";"";"";"";"";"";"";"";"";"";"";"";"";"";"";"";"E.Ben Romdhane;P.Roumanille";"";"";"";"";"";"";"";"";"";"";"";"";"";"0000000821";"0";"Réalisé";"1";"NULL";"NULL";"NULL";"NULL";"NULL";"";"NULL";"NULL";"NULL";"NULL";"NULL"
"188";"E042-34";"34";"E042";"communication";"Early microstructural indicators of crack initiation in lead-free solder joints under thermal cycling";"";"";"ECTC 2021";"";"";"";"";"";"";"";"";"";"";"";"";"";"";"";"";"E.Ben Romdhane; P.Roumanille";"";"";"";"";"";"";"";"";"";"";"";"";"";"0000000821";"0";"Réalisé";"1";"NULL";"NULL";"NULL";"NULL";"NULL";"";"NULL";"NULL";"NULL";"NULL";"NULL"
"191";"E042-35";"35";"E042";"communication";"QFN SAC solder joint under thermal cycling";"";"";"ECTC 2022";"31/05/2022";"03/06/2022";"San Diego";"USA";"";"";"";"";"";"";"";"";"";"";"";"";"E.Ben Romdhane; P.Roumanille";"";"";"";"";"";"";"";"";"";"";"";"";"";"0000000821";"0";"Réalisé";"1";"NULL";"NULL";"NULL";"NULL";"NULL";"";"NULL";"NULL";"NULL";"NULL";"NULL"
"192";"M008-2";"2";"M008";"communication";"Prospective sur l’application des CMC type aéro dans le génie civil";"";"";"GDR(CMC)² - Atelier #6 -CMC et Génie Civil";"31/03/2022";"31/03/2022";"Marne La Vallée";"France";"https://gdr-cmc2.cnrs.fr/#";"";"";"";"";"";"";"";"28/02/2022";"28/02/2022";"28/02/2022";"";"E. PERRET(1); M. BOX(1); F. REBILLAT(2); G.L. VIGNOLES(2); N. TEXIER-MANDOKI(3)";"1 : IRT SAINT EXUPERY // 2 : LCTS // 3 : ANDRA";"";"";"";"non";"";"";"";"";"";"";"";"";"0000000755";"0";"Réalisé";"1";"302";"192";"doc_publie";"0";"2023-01/1674651531-274-SantaFe_CMC-VF2.pptx";"";"";"";"0000000755";"1674651531";"1"
"196";"V076-1";"1";"V076";"communication";"TeePee4Space : a practical application of Information Sharing in Extended Entreprise to the space industry";"";"";"Model Based Space Systems and Software Engineering - MBSE2021";"29/09/2021";"30/09/2021";"Virtual";"Pays-Bas";"https://indico.esa.int/event/386/";"";"";"";"";"";"";"";"28/06/2021";"15/07/2021";"03/09/2021";"";"demachy, baclet, guilmeau, gauthier, gaufillet, marty, garcia";"IRT Saint Exupéry, IRT Saint Exupéry, IRT Saint Exupéry, Samares Engineering, Airbus Defence and Space, Airbus Defence and Space, , Thales Alenia Space";"";"";"";"non";"";"";"";"";"";"";"";"";"0000000289";"0";"Réalisé";"1";"99";"196";"doc_publie";"0";"2022-01/1642409655-221-MBSE2021---TeePee4Space.pdf";"";"";"";"0000000289";"1642409655";"1"
"202";"V075-7";"7";"V075";"communication";"White Paper Machine Learning in Certified Systems";"";"";"";"";"";"";"";"";"";"";"";"";"";"";"";"22/03/2021";"";"";"";"Franck Mamalet, Eric Jenn, Gregory Flandin, Hervé Delseny, Christophe Gabreau, et al..";"";"";"";"";"non";"";"";"";"";"";"";"";"";"0000000617";"0";"Réalisé";"1";"464";"202";"doc_final";"103";"2023-03/1678869783-114-V075-5_Achieving-robustness-in-classification-using-optimal-transport-with-hinge-regularization.pdf";"";"";"";"0000000617";"1678869783";"1"
"214";"M081-1";"1";"M081";"communication";"Please Make me a Material - New Perspectives for Composite Materials";"";"";"Composites 2019";"18/09/2019";"20/09/2019";"Gérone";"Espagne";"";"";"";"";"";"";"";"";"";"";"";"";"Stéphane Mahdi, Stéphanie Miot, Ludovic Barrière";"IRT Saint Exupéry";"";"";"";"";"";"";"";"";"";"";"";"";"0000000004";"0";"Réalisé";"1";"107";"214";"doc_final";"0";"2022-01/1643030013-726-Abstract-COMPOSITES-2019.pdf";"";"Abstract";"";"0000000004";"1643030013";"1"
"215";"M081-2";"2";"M081";"communication";"UQ&M in composites design: from experimental to virtual testing";"";"";"WCCM 2020";"26/11/2020";"26/11/2020";"";"";"";"";"";"";"";"";"";"";"";"";"";"";"Jorge Camacho, Stephanie Miot, Matthias Delozzo, Ludovic Barrière";"IRT Saint Exupéry";"";"";"";"";"";"";"";"";"";"";"";"";"0000000004";"0";"Annulé";"1";"108";"215";"doc_final";"0";"2022-01/1643030503-128-WCCM14-Abstract_v3.pdf";"";"abstract";"";"0000000004";"1643030503";"1"
"216";"M081-3";"3";"M081";"communication";"Stratégie numérique pour la prévision de la ruine des échantillons fabriqués par placement des fibres automatisé";"";"";"JST Fabrication additive composites";"10/10/2020";"10/10/2020";"Brest";"";"";"";"";"";"";"";"";"";"";"";"";"";"S. Garcia, A. Chiappini, C. Huchette, C. Fagiano, S. Miot, L. Barrière";"IRT Saint Exupéry, ONERA";"";"";"";"";"";"";"";"";"";"";"";"";"0000000004";"0";"Réalisé";"1";"109";"216";"doc_final";"0";"2022-01/1643030939-311-R..sum.._Fabaddcomp_Santiago.doc";"";"abstract";"";"0000000004";"1643030939";"1"
"217";"M081-4";"4";"M081";"communication";"Tensile response of automated fibre placement (AFP) coupons including gaps and overlaps: experiments vs. Simulations";"";"";"COMPTEST 10";"01/05/2021";"02/05/2021";"";"";"";"";"";"";"";"";"";"";"";"";"";"";"S. Garcia, A. Chiappini, C. Huchette, S.  Miot, C. Fagiano, L.  Barrière";"IRT SAINT EXUPERY, ONERA";"";"";"";"";"";"";"";"";"";"";"";"";"0000000004";"0";"Réalisé";"1";"110";"217";"doc_final";"0";"2022-01/1643033129-410-Garcia-Rodriguez.pdf";"";"abstract";"";"0000000004";"1643033129";"1"
"218";"M081-5";"5";"M081";"communication";"Virtual testing applied to composite material modelling";"";"";"SIAM 2021";"20/05/2021";"22/05/2021";"";"";"";"";"";"";"";"";"";"";"";"";"";"";"J. Camacho, S. Miot, M. Delozzo, L. Barrière";"IRT Saint Exupery";"";"";"";"";"";"";"";"";"";"";"";"";"0000000004";"0";"Réalisé";"1";"111";"218";"doc_final";"0";"2022-01/1643033271-544-JCAMACHO_SIAM_F-R2-003.pdf";"";"abstract";"";"0000000004";"1643033272";"1"
"220";"M081-7";"7";"M081";"communication";"Virtual Testing For Predicting Effect of Automated Fiber Placement Manufacturing Defects";"";"";"NAFEMS 2021";"11/10/2021";"12/10/2021";"";"";"";"";"";"";"";"";"";"";"";"";"";"";"A. Chiappini, S. Garcia Rodriguez, L. Barrière, S. Miot, C. Fagiano, C. Huchette";"IRT Saint Exupery, ONERA ";"";"";"";"";"";"";"";"";"";"";"";"";"0000000004";"0";"Réalisé";"1";"NULL";"NULL";"NULL";"NULL";"NULL";"";"NULL";"NULL";"NULL";"NULL";"NULL"
"221";"M081-8";"8";"M081";"communication";"A novel plasticity-damage constitutive model for unidirectional long fibre reinforced polymer ";"";"";"Composites 2021";"20/09/2021";"22/09/2021";"";"";"";"";"";"";"";"";"";"";"";"";"";"";"I.R. Cozar, P. Maimi, F. Otero, E.V. Gonzalez, P. Camanho, S. Miot, A. Turon";"Université de Gérone, IRT Saint Exupéry";"";"";"";"";"";"";"";"";"";"";"";"";"0000000004";"0";"Réalisé";"1";"NULL";"NULL";"NULL";"NULL";"NULL";"";"NULL";"NULL";"NULL";"NULL";"NULL"
"222";"M081-9";"9";"M081";"communication";"Tensile response of AFP coupons including gaps and overlaps:  experiments vs. Simulations";"";"";"Composites 2021";"20/09/2021";"22/09/2021";"";"";"";"";"";"";"";"";"";"";"";"";"";"";"S. Garcia, A. Chiappini, C. Huchette, S.  Miot, C. Fagiano, L.  Barrière";"IRT Saint Exupéry, ONERA";"";"";"";"";"";"";"";"";"";"";"";"";"0000000004";"0";"Réalisé";"1";"NULL";"NULL";"NULL";"NULL";"NULL";"";"NULL";"NULL";"NULL";"NULL";"NULL"
"223";"M081-10";"10";"M081";"communication";"Virtual testing integration and material allowables generation";"";"";"Composites 2021";"20/09/2021";"22/09/2021";"";"";"";"";"";"";"";"";"";"";"";"";"";"";"S. Miot, L. Barrière, J. Camacho, M. De Lozzo";"IRT Saint Exupéry";"";"";"";"";"";"";"";"";"";"";"";"";"0000000004";"0";"Réalisé";"1";"NULL";"NULL";"NULL";"NULL";"NULL";"";"NULL";"NULL";"NULL";"NULL";"NULL"
"232";"S060-1";"1";"S060";"communication";"Multi-core processor: Stepping inside the box";"";"";"ESREL2021: 31th European Safety and Reliability Conference";"19/09/2021";"23/09/2021";"Angers";"";"";"";"";"";"";"";"";"";"";"";"";"";"Ph. Cuenot, K. Delmas, C. Pagetti";"Ph. Cuenot (IRT St-Exupery), K. Delmas (ONERA), C. Pagetti (ONERA)";"";"";"";"";"";"";"";"";"";"";"";"";"0000000472";"0";"Réalisé";"1";"114";"232";"doc_final";"0";"2022-01/1643211463-442-2021_MODSC_KevinDelmas_Multicore_processor_Stepping_inside_the_box_ESREL2021_vF.pdf";"";"";"";"0000000472";"1643211463";"1"
"236";"E033-11";"11";"E033";"communication";"SAE - AE10 : Projet Highvolt";"";"";"SAE";"26/01/2022";"27/01/2022";"";"";"";"";"";"";"";"";"";"";"";"";"";"";"";"";"";"";"";"";"";"";"";"";"";"";"";"";"0000000383";"0";"Annulé";"1";"121";"236";"doc_final";"0";"2022-02/1643969962-294-SAE-2022---Highvolt-project.pdf";"";"SAE - AE10 Highvolt Project";"";"0000000798";"1643969962";"1"
"237";"S005-1";"1";"S005";"communication";"Leveraging the Synchronous Logical Execution Time to solve Concurrency in Avionics Systems";"";"";"DASIA 2022";"17/05/2022";"19/05/2022";"Virtuelle";"N/A";"https://eurospace.org/dasia-conference-aspx/";"";"";"";"";"";"";"";"29/01/2022";"";"";"";"Damien Chabrol, Guillaume Phavorin, Eric Jenn";"KronoSafe, Krono-Safe et IRT Saint Exupry, IRT Saint Exuprty";"";"";"";"";"";"";"";"";"";"";"";"";"0000000084";"0";"Réalisé";"1";"122";"237";"doc_final";"0";"2022-02/1644219496-995-DASIA---abstract---Leveraging-the-Synchronous-Logical-Execution-Time-to-solve-Concurrency-in-Avionics-Systems---v1.2.pdf";"";"Leveraging the Synchronous Logical Execution Time to solve Concurrency in Avionics Systems";"";"0000000084";"1644219496";"1"
"239";"V053-1";"1";"V053";"communication";"Justifying trust in AI/ML system using Engineering Models and Assurance Cases";"";"";"SafeAI - Confiance;ai program";"28/02/2022";"01/03/2022";"Virtuelle";"";"https://safeai.webs.upv.es/";"";"";"";"";"";"";"";"09/12/2022";"09/12/2022";"09/12/2022";"";"Eric JENN, Morayo ADEDJOUMA";"IRT Saint Exupéry, CEA";"";"";"";"";"";"";"";"";"";"";"";"";"0000000084";"0";"Réalisé";"1";"243";"239";"doc_final_extend";"0";"2022-09/1664528228-264-SafeAI-Assurance-cases.pdf";"";"Justifyng trust in AI/ML systems using engineering models and assurance cases";"";"0000000084";"1664528228";"1"
"248";"S001-4";"4";"S001";"communication";"TSN for critical embedded system";"";"";"ERT2021 ";"20/09/2021";"24/09/2021";"Poitiers";"France";"https://etr2021.ensma.fr/";"";"";"";"";"";"";"";"15/02/2022";"";"24/09/2021";"";"Philippe Cuenot";"IRT Saint Exupery";"";"";"";"";"";"";"";"";"";"";"";"";"0000001130";"0";"Réalisé";"1";"129";"248";"doc_final";"0";"2022-02/1644508960-664-p-cuenot-tsn-irt.pdf";"";"TSN for critical embedded Systems";"";"0000001130";"1644508960";"1"
"254";"E033-12";"12";"E033";"communication";"Ageing study in electromechanical chain: design of experiment definition using step stress tests";"";"";"EIC 2022";"19/06/2022";"23/06/2022";"Knoxville";"USA";"";"";"";"";"";"";"";"";"";"";"18/02/2022";"";"Samuel Pin, Marie Sabatou, Mateusz Szczepanski, Sarah Dreuilhe, Louiza Fetouhi, Guillaume Belijar";"Irt, Irt, Leroy Somer, Irt, Leroy Somer, Irt";"";"";"";"";"";"";"";"";"";"";"";"";"0000000383";"0";"Réalisé";"1";"133";"254";"doc_final";"0";"2022-02/1645432527-390-2022_PIN_Ageing-study-in-electromechanical-chain_EIC_V0.pdf";"";"Ageing study in electromechanical chain: design of experiment definition using step stress tests";"";"0000000798";"1645432527";"1"
"255";"E033-13";"13";"E033";"communication";"Lifetime estimation of type I random-wound electrical machines under active thermal cycling";"";"";"EIC 2022";"19/06/2022";"23/06/2022";"Knoxville";"USA";"";"";"";"";"";"";"";"";"";"";"18/02/2022";"";"S.Pin, S.Dreuilhe, L.Fetouhi, M.Szczepanski, S.Stemmer, G.Belijar";"IRT, IRT, Leroy Somer, Leroy Somer, IRT, IRT";"";"";"";"";"";"";"";"";"";"";"";"";"0000000383";"0";"Réalisé";"1";"134";"255";"doc_final";"0";"2022-02/1645438009-858-2022_PIN_Lifetime-estimation-of-type-I_EIC_V0.pdf";"";"";"";"0000000798";"1645438009";"1"
"256";"E033-14";"14";"E033";"communication";"How does PDIV change during isothermal aging of magnet wire";"";"";"EIC 2022";"19/06/2022";"23/06/2022";"Knoxville";"USA";"";"";"";"";"";"";"";"";"";"";"18/02/2022";"";"M.Szczepanski, L.Fetouhi, M.Sabatou, S.Dreuilhe, S.Pin, C.Vandesteen, G.Belijar";"Leroy Somer, Leroy Somer, IRT, IRT, IRT, IRT, IRT";"";"";"";"";"";"";"";"";"";"";"";"";"0000000383";"0";"Réalisé";"1";"135";"256";"doc_final";"0";"2022-02/1645438595-476-2022_SZCZEPANSKI_How-does-PDIV-change_EIC_V0.pdf";"";"How does PDIV change during isothermal aging of magnet wire";"";"0000000798";"1645438595";"1"
"258";"E042-36";"36";"E042";"communication";"Evaluation of thermomechanical fatigue lifetime of BGA lead free solder joints and impact of isothermal aging";"";"";"IRPS";"27/03/2022";"31/03/2022";"Dallas";"USA";"https://www.showsbee.com/fairs/IEEE-IRPS.html";"";"";"";"";"";"";"";"";"";"";"";"P. Roumanille, E. Ben Romdhane, S. Pin, P. Nguyen c , J. Y. Delétage , A . Guédon Gracia, H. Frémont";"";"";"";"";"";"";"";"";"";"";"";"";"";"0000000821";"0";"Réalisé";"1";"136";"258";"doc_final";"0";"2022-02/1645781539-243-Roumanille_IRPS-8B.5.pdf";"";"";"";"0000000466";"1645781539";"1"
"259";"E042-37";"37";"E042";"communication";"QFN (Quad Flat No–lead) SAC solder joint under  thermal cycling: Identification of two failure  mechanisms";"";"";"ECTC";"31/05/2022";"03/06/2022";"San Diego, California";"USA";"https://www.ectc.net";"";"";"";"";"";"";"";"";"";"";"";"E. Ben Romdhane, P. Roumanille , A. Guédon-Gracia, S. Pin , P. Nguyen, H. Frémont";"";"";"";"";"";"";"";"";"";"";"";"";"";"0000000821";"0";"Réalisé";"1";"137";"259";"doc_final";"0";"2022-02/1645782914-137-ECTC_2022_EBENROMDHANE_VF.pdf";"";"QFN (Quad Flat No–lead) SAC solder joint under  thermal cycling Identification of two failure  mechanisms";"";"0000000466";"1645782914";"1"
"271";"E042-38";"38";"E042";"communication";"Evaluation of SAC solder joint thermomechanical fatigue in different types of components";"";"";"EuroSim 2022";"25/04/2022";"27/03/2022";"";"Malte";"https://www.eurosime.org/";"";"";"";"";"";"";"";"08/11/2021";"18/12/2021";"01/04/2022";"";"E. Ben Romdhane , P. Roumanille, A. Guédon-Gracia, S. Pin, P. Nguyen, H. Frémont";"";"";"";"";"";"";"";"";"";"";"";"";"";"0000000821";"0";"Réalisé";"1";"149";"271";"doc_final";"0";"2022-03/1648719313-184-EuroSimE_BENROMDHANE_VF.pdf";"";"Evaluation of SAC solder joint thermomechanical fatigue in different types of component";"";"0000000466";"1648719313";"1"
"281";"S038-16";"16";"S038";"communication";"ZGP applied to HyperSpectral Images";"";"";"Women in Computer Vision Workshop (WiCV 2022)";"19/06/2022";"19/06/2022";"Nouvelle-Orléans";"Etats-Unis";"https://sites.google.com/view/wicvcvpr2022/home";"";"";"";"";"";"";"";"";"";"";"";"Ingrid Grenet, Yves Bobichon, Adrien Girard";"IRT Saint Exupéry, MyDataModels, Thales Alenia Space";"";"";"";"";"";"";"";"";"";"";"";"";"0000000829";"0";"Refusé";"1";"161";"281";"doc_final";"157";"2022-05/1651508093-859-2022_06_19---WICV---ZGP-pour-hyper.pdf";"";"Papier";"";"0000000829";"1651508093";"1"
"286";"V053-2";"2";"V053";"communication";"Engineering Dependable AI Systems";"";"";"17th Annual System of Systems Engineering Conference (SOSE2022)";"07/06/2022";"11/06/2022";"Rochester, NY";"USA";"http://www.sosengineering.org/2022/";"";"";"";"";"";"";"";"16/04/2022";"30/04/2022";"15/05/2022";"";"Morayo Adedjouma, Christophe Alix, Loïc Cantat, Eric Jenn, Juliette Mattioli, Boris Robert, Fabien Tschirhart, Jean-Luc Voirin";"CEA, IRT System-X, IRT System-X,  IRT Saint-Exupery, Thales, IRT Saint-Exupery, IRY System X, Thales DMS";"";"";"";"";"";"";"";"";"";"";"";"";"0000000084";"0";"Réalisé";"1";"244";"286";"doc_final_extend";"0";"2022-09/1664528320-141-Paper-SOSE.pdf";"";"";"";"0000000084";"1664528320";"1"
"291";"S038-19";"19";"S038";"communication";"Modèle et jeu de données pour la détection multi-spectrale de feux de forêt à bord de satellites";"";"";"Conférence Nationale sur les Applications Pratiques de l’Intelligence Artificielle (APIA 2022)";"30/06/2022";"01/07/2022";"Saint-Étienne";"France";"https://ci.mines-stetienne.fr/pfia2022/conferences/apia/";"";"";"";"";"";"";"";"";"";"";"";"Houssem Farhat, Lionel Daniel, Michaël Benguigui, Adrien Girard";"IRT Saint Exupéry, Avisto, Thales Alenia Space, Activeeon";"";"";"";"non";"";"";"";"";"";"";"";"";"0000000829";"0";"Réalisé";"1";"219";"291";"doc_publie";"0";"2022-08/1659453002-876-CNIA---D..tection-de-feux-de-foret.pdf";"";"";"";"0000000829";"1659453002";"1"
"292";"S038-20";"20";"S038";"communication";"Confronting hardware targets for embedded cloud segmentation";"";"";"Euromicro Digital System Design (DSD 2022)";"31/08/2022";"02/09/2022";"Maspalomas";"Espagne";"https://dsd-seaa2022.iuma.ulpgc.es/";"";"";"";"";"";"";"";"";"";"";"";"Erwann Kervennic, Thomas Louis, Michael Benguigui, Frédéric Férésin, Yves Bobichon, Adrien Girard";"IRT Saint Exupéry, LEAT/CNRS, Activeeon, Thales Alenia Space";"";"";"";"";"";"";"";"";"";"";"";"";"0000000829";"0";"Refusé";"1";"167";"292";"doc_final";"0";"2022-05/1651677133-447-DSD_2022.pdf";"";"";"";"0000000829";"1651677133";"1"
"293";"S038-21";"21";"S038";"communication";"SPLEAT: SPiking Low-power Event-based ArchiTecture for in-orbit processing of satellite imagery";"";"";"International Joint Conference on Neural Networks (IJCNN 2022)";"18/07/2022";"23/07/2022";"Padoue";"Italie";"https://wcci2022.org/";"";"";"";"";"";"";"";"";"";"";"";"Nassim Abderrahmane, Benoît Miramond, Erwann Kervennic, Adrien Girard";"IRT Saint Exupéry, LEAT/CNRS, Thales Alenia Space";"";"";"";"non";"";"";"";"";"";"";"";"";"0000000829";"0";"Réalisé";"1";"220";"293";"doc_publie";"0";"2022-08/1659453244-157-IJCNN2022-SPLEAT_SPiking_Low_power_Event_based_ArchiTecture_for_in_orbit_processing_of_satellite_imagery.pdf";"";"";"";"0000000829";"1659453244";"1"
"295";"V075-14";"14";"V075";"communication";"Object Detection With Probabilistic Guarantees: a Conformal Prediction Approach";"";"";"WAISE";"06/09/2022";"06/09/2022";"Munich";"Germany";"https://www.waise.org/";"";"";"";"";"";"";"";"09/05/2022";"03/06/2022";"10/06/2022";"";"Florence de Grancey (1), Jean-Luc Adam(2), Lucian Alecu(3), Sébastien Gerchinovitz (4,5),  Franck Mamalet (5),  David Vigouroux (5)";"(1) Thales AVS France SAS, (2) Renault, (3) Continental, (4) Institut de Mathématiques de Toulouse, (5) IRT Saint Exupery";"";"";"";"oui";"";"";"";"";"";"";"";"";"0000000734";"0";"Réalisé";"1";"402";"295";"doc_final";"0";"2023-02/1677602916-759-degrancey22-waise-conformalObjectDetection.pdf";"2022-05/1652086324-509-waise-conformalobjectdetection_toReview.pdf";"";"";"0000000734";"1677602916";"1"
"296";"S001-5";"5";"S001";"communication";"Worst case precision model for IEEE802.1AS";"";"";"RTSS 2022";"05/12/2022";"08/12/2022";"Houston";"USA";"http://2022.rtss.org/";"";"";"";"";"";"";"";"26/05/2022";"05/08/2022";"26/05/2022";"";"Quentin Bailleul; Kattia Jauffrès-Runser;Jean-Luc Scharbag; Philippe Cuenot";"IRT Saint Exupéry; IRIT Université de Toulouse; IRIT Université de Toulouse; IRT Saint Exupéry (seconded from Continental Automotive France)";"";"";"";"";"";"";"";"";"";"";"";"";"0000000084";"0";"Refusé";"1";"180";"296";"doc_final";"170";"2022-05/1653902126-511-2022_MODSC_Quentin_Bailleul_A_tight_bound_on_the_worst-case_synchronization_precision_of_IEEE802.1AS_RTSS2022.pdf";"";"A tight bound on the worst-case synchronization precision of IEEE802.1AS";"version finale soumis le 25.05.2022 ";"0000000049";"1653902126";"1"
"299";"S038-22";"22";"S038";"communication";"Détection de navires embarquable à bord de satellites";"";"";"Conference on Artificial Intelligence for Defence";"17/11/2022";"18/11/2022";"Rennes";"France";"https://www.european-cyber-week.eu/conference-caid";"";"";"";"";"";"";"";"";"";"";"";"Thomas Goudemant, Benjamin Francesconi, Houssem Farhat, Lionel Daniel, Olivier Thiery, Erwann Kervennic, Seif Mzoughi, Adrien Girard";"IRT Saint Exupéry, Thales Alenia Space, Avisto, Geo4i";"";"";"";"non";"";"";"";"";"";"";"";"";"0000000829";"0";"Réalisé";"1";"306";"299";"doc_publie";"0";"2023-02/1675715564-340-CAID_2022_paper_2038.pdf";"";"";"";"0000000829";"1675715564";"1"
"305";"V076-2";"2";"V076";"communication";"Performing a Power Consumption budget analysis in an Extended Enterprise context with TeePee";"";"";"MBSE2022";"22/11/2022";"24/11/2022";"Toulouse";"France";"https://indico.esa.int/event/407/";"";"";"";"";"";"";"";"06/06/2022";"08/07/2022";"";"";"demachy, baclet, marty, gaufillet, garcia";"IRT Saint Exupéry, IRT Saint Exupéry, ADS, ADS, TAS";"";"";"";"non";"";"";"";"";"";"";"";"";"0000000289";"0";"Réalisé";"1";"290";"305";"doc_publie";"0";"2022-12/1672240043-808-MBSE2022---TeePee4Space.pdf";"";"";"";"0000000289";"1672240043";"1"
"326";"S006-2";"2";"S006";"communication";"Towards Views Extraction to Ease Concurrent Review of Systems Engineering Models";"";"";"MBSE2022";"22/11/2022";"24/11/2022";"Toulouse";"France";"https://indico.esa.int/event/407/";"";"";"";"";"";"";"";"15/06/2022";"08/07/2022";"";"";"Jean-Marie Gauthier, Julien Baclet, Jérôme Fasquel, David Brandão";"IRT Saint Exupéry,IRT Saint Exupéry,IRT Saint Exupéry, ESA - ESTEC";"";"";"";"non";"";"";"";"";"";"";"";"";"0000000289";"0";"Réalisé";"1";"289";"326";"doc_publie";"0";"2022-12/1672239930-539-Presentation_WS_Towards_Views_Extraction_to_Ease_Concurrent_Review_of_Systems_Engineering_Models.pdf";"";"";"";"0000000289";"1672239930";"1"
"334";"M031-28";"28";"M031";"communication";"Ti64 en fabrication additive avec  évolution lors des traitements  thermiques";"";"";"JOURNÉE TECHNIQUE : STABILITÉ ET TRANSFORMATION DE LA PHASE BETA";"29/06/2022";"29/06/2022";"Paris";"France";"https://www.titane.asso.fr/journee-technique-stabilite-et-transformation-de-la-phase-beta/";"";"";"";"";"";"";"";"";"";"";"";"Jonathan HUGUES";"IRT saint exupery";"";"";"";"non";"";"";"";"";"";"";"";"";"0000000089";"0";"Réalisé";"1";"208";"334";"doc_publie";"0";"2022-07/1657207684-343-2022_MAT_HUGUES_Ti64-en-fabrication-additive-avec-..volution-lors-des-traitements-thermiques-_AssoTitane_2022.pdf";"";"";"";"0000000832";"1657207684";"1"
"344";"S038-34";"34";"S038";"communication";"AI on-board observation satellites : Ship detection use case";"";"";"International Society for Photogrammetry and Remote Sensing Congress (ISPRS Congress 2022)";"06/06/2022";"11/06/2022";"Nice";"France";"https://www.isprs2022-nice.com/";"";"";"";"";"";"";"";"";"";"";"";"Thomas Goudemant";"IRT Saint Exupéry, Thales Alenia Space";"";"";"";"";"";"";"";"";"";"";"";"";"0000000829";"0";"Réalisé";"1";"227";"344";"doc_final";"0";"2022-08/1659619704-554-goudemant_presentation_AI_ON_BOARD_OBSERVATION_SATELLITES_juin.pptx";"";"Présentation";"";"0000000829";"1659619704";"1"
"348";"S085-4";"4";"S085";"communication";"Strategies for modelling failure propagation in dynamic systems with AltaRica";"";"";"IMBSA 2022";"05/09/2022";"07/09/2022";"MUNICH";"ALLEMAGNE";"";"";"";"";"";"";"";"";"";"";"";"";"Michel Bateux, Xavier de Bossoreille, Frédéric Deschamps, Christophe Frazza, Jean Gauthier, Tatiana Prosvirnova, Christel Seguin, Estelle Saez";"IRT SystemX, APSYS, LGM, SATODEV, DASSAULT, ONERA, IRT Saint Exupéry";"";"";"";"non";"";"";"";"";"";"";"";"";"0000001130";"0";"Réalisé";"1";"233";"348";"doc_final";"232";"2022-08/1661869807-919-Paper24_S2C_IMBSA2022-final.pdf";"";"Strategies for modelling failure propagation in dynamic systems with AltaRica";"";"0000001126";"1661869807";"1"
"351";"E003-1";"1";"E003";"communication";"High frequency modeling for machine design with  winding variability";"";"";"CISTEM";"26/10/2022";"28/10/2022";"Tunis";"Tunisie";"https://cistem2022.sciencesconf.org/";"";"";"";"";"";"";"";"";"";"15/09/2022";"";"Arthur Piat, Etienne Levy; Sami Hlioui; François Costa";"";"";"";"";"non";"";"";"";"";"";"";"";"";"0000000821";"0";"Réalisé";"1";"384";"351";"doc_final";"234";"2023-02/1677572818-593-CISTEM_2022_paper_2589.pdf";"";"AC motor impedance HF modeling for designing with windings variability";"";"0000000821";"1677572818";"1"
"369";"S038-37";"37";"S038";"communication";"Deployment of a cloud segmentation neural network on embedded hardware targets and benchmark of the different deployment toolchains";"";"";"International workshop on On-Board Payload Data Compression (OBPDC 2022)";"28/09/2022";"30/09/2022";"Athènes";"Grèce";"https://atpi.eventsair.com/obpdc2022/";"";"";"";"";"";"";"";"";"";"";"";"Erwann Kervennic, Thomas Louis, Michael Benguigui, Frédéric Férésin, Yves Bobichon, Adrien Girard";"IRT Saint Exupéry, Université Côte d’Azur, CNRS, LEAT, Activeeon";"";"";"";"";"";"";"";"";"";"";"";"";"0000000829";"0";"Réalisé";"1";"245";"369";"doc_publie";"0";"2022-10/1665480501-317-2022_09_30---OBPDC---Benchmark-OPS-SAT-Phi-Sat.pdf";"";"";"";"0000000829";"1665480502";"1"
"373";"S085-5";"5";"S085";"communication";"A Digital Twins Modelling Methodology for System Operations using Fault Trees and Behaviour Trees";"";"";"MoDDiTT 2022";"25/10/2022";"28/10/2022";"Montréal";"CANADA";"";"";"";"";"";"";"";"";"";"";"27/10/2022";"";"Nikolena Christofi; Xavier Pucel";"IRT Saint Exupery ; ONERA";"";"";"";"non";"";"";"";"";"";"";"";"";"0000001130";"0";"Réalisé";"1";"279";"373";"doc_final";"247";"2022-11/1669216367-152-MoDDiTT___Paper.pdf";"";"";"";"0000001126";"1669216367";"1"
"374";"S085-6";"6";"S085";"communication";"Stratégies de modélisation AltaRica de la propagation de défaillances dans les systèmes dynamiques Strategies for modelling failure propagation in dynamic systems with AltaRica";"";"";"LAMBDA MU 23";"11/10/2022";"13/10/2022";"Paris";"FRANCE";"";"";"";"";"";"";"";"";"";"";"";"";"Tatiana Prosvirnova, Christel Seguin, Christophe Frazza, Estelle Saez, Mathilde Machin, Xavier de Bossoreille, Jean Gauthier, Pierre Darfeuil, Frédéric Deschamp, Michel Bateux";"ONERA, SATODEV, IRT Saint Exupery, IRT SystemX, AIRBUS PROTECT, DASSAULT AVIATION, SAFRAN, LGM";"";"";"";"non";"";"";"";"";"";"";"";"";"0000001130";"0";"Réalisé";"1";"249";"374";"doc_final";"0";"2022-10/1665584517-675-LM23_ProsvirnovaSeguinFrazza_S2C_Strat..gies-de-mod..lisation_v2.pdf";"";"Stratégies de modélisation AltaRica de la  propagation de défaillances dans les systèmes  dynamiques Strategies for modelling failure propagation in dynamic systems with AltaRica";"";"0000001126";"1665584517";"1"
"376";"M027-1";"1";"M027";"communication";"CERAMIC MATRIX COMPOSITES FOR LINER SYSTEM OF RADIOACTIVE WASTE DISPOSAL CELLS";"";"";"CMC II";"14/11/2022";"18/11/2022";"Santa Fe";"USA";"http://engconf.us/conferences/materials-science-including-nanotechnology/ceramic-matrix-composites-ii/";"";"";"";"";"";"";"";"15/06/2022";"29/07/2022";"14/11/2022";"";"E. PERRET(1), S. MIOT(1), M. BOX(1), F. REBILLAT(2), G. VIGNOLES(2), F. BUMBIELER(3)";"(1)IRT Saint Exupéry, (2)LCTS, (3)ANDRA";"";"";"";"non";"";"";"";"";"";"";"";"";"0000000755";"0";"Réalisé";"1";"270";"376";"";"0";"2022-11/1668423743-498-SantaFe_CMC-VF2.pptx";"";"";"";"0000000755";"1668423743";"1"
"381";"M014-3";"3";"M014";"communication";"Industrial gases and  carbon footprint of heat  treatment: reducing the  impact.Case study of  Hot Isostatic Pressing";"";"";"A3TS ";"08/06/2022";"09/06/2022";"Nantes";"France";"https://www.a3ts.org/actualites/congres-a3ts-nantes-2022";"";"";"";"";"";"";"";"";"";"";"";"L. Bustamante Valencia, A. Spizzica, L. Coudurier , D. Nadolski, J. HUGUES, M.RAVAIOLI";"Air Liquide, Air Liquide, Air Liquide, Air Liquide, IRT, IRT,";"";"";"";"";"";"";"";"";"";"";"";"";"0000001251";"0";"Réalisé";"1";"257";"381";"doc_final";"0";"2022-10/1666260186-561-A3TS-2022---Carbon-footprint-of-HIP-09Jun2020_Rev3.pdf";"";"";"";"0000000832";"1666260186";"1"
"383";"M014-4";"4";"M014";"communication";"Réactivité d’un superalliage à base de nickel de fabrication additive lors de traitements de compaction isostatique à chaud";"";"";"GDR - ALMA";"01/07/2022";"01/07/2022";"";"";"";"";"";"";"";"";"";"";"";"";"";"";"Nicolas MROZOWSKI, Aurélien PRILLIEUX , Clara DESGRANGES , Enrica EPIFANO , Daniel MONCEAU";"IRT, IRT, SAFRAN, CIRIMAT,CIRIMAT";"";"";"";"non";"";"";"";"";"";"";"";"";"0000001251";"0";"Réalisé";"1";"260";"383";"doc_final";"0";"2022-11/1668005666-826-2022_MAT_R..activit..-d...un-superalliage-..-base-de-nickel_MROZOWSKI__GDR.pdf";"";"";"";"0000000832";"1668005666";"1"
"384";"M014-5";"5";"M014";"communication";"Réactivité d’un superalliage à base de nickel  de fabrication additive lors de traitements de  compaction isostatique à chaud";"";"";"ADDIMALLANCE";"01/07/2022";"01/07/2022";"";"";"";"";"";"";"";"";"";"";"";"";"";"";"Nicolas Mrozowski , Aurélien Prillieux , Daniel Monceau , Enrica Epifano,  Clara Desgranges ";"IRT,IRT, CIRIMAT, CIRIMAT, SAFRAN";"";"";"";"non";"";"";"";"";"";"";"";"";"0000001251";"0";"Réalisé";"1";"263";"384";"doc_final";"261";"2022-11/1668006040-371-2022_MAT_R..activit..-d...un-superalliage-_MROZOWSKI__ADDIMALLIANCE.pdf";"";"";"";"0000000832";"1668006040";"1"
"387";"S018-1";"1";"S018";"communication";"APISS presentation at Workshop on optical interconnects for space and aeronautic applications";"";"";"Workshop on optical interconnects for space and aeronautic applications";"15/11/2022";"16/11/2022";"Toulouse Balma";"France";"https://www.comet-cnes.fr/evenements/workshop-optical-interconnects-space-and-aeronautic-applications";"";"";"";"";"";"";"";"";"";"";"";"";"";"";"";"";"non";"";"";"";"";"";"";"";"";"0000000989";"0";"Réalisé";"1";"454";"387";"doc_final";"269";"2023-03/1678799924-894-Workshop-on-optical-interconnects-for-space-and-aeronautic-applications---APISS.pptx";"";"Workshop on optical interconnects for space and aeronautic applications ";"";"0000000052";"1678799924";"1"
"389";"A023-2";"2";"A023";"communication";"Composites vitrimères reprocessables pour l'aéronautique.";"";"";"Matériaux 2022";"24/10/2022";"28/10/2022";"Lille";"France";"https://materiaux2022.org/";"";"";"";"";"";"";"";"16/05/2022";"25/07/2022";"25/07/2022";"";"Vincent Schenk, Mathias Destarac, Marc Guerre, Karine Labastie, Philippe Olivier";"IRT, IMRCP,IMRCP, IRT, ICA";"";"";"";"non";"";"";"";"";"";"";"";"";"0000000055";"0";"Réalisé";"1";"291";"389";"doc_final";"277";"2023-01/1672679393-179-8879---Conference-Materiaux-2022-oral-presentation-V.-SCHENK.pptx";"2022-11/1668588078-316-Mat..riaux-2022-Composites_vitrimeres_resume_Materiaux2022.docx";"Composites vitrimères pour l’aéronautique";"";"0000000055";"1672679393";"1"
"403";"U006-2";"2";"U006";"communication";"5GMED Architecture for Advanced Automotive and Railway Communication Services in Cross-Border Scenarios";"";"";"FNWF 2022";"12/10/2022";"14/10/2022";"Montreal";"Canada";"https://fnwf.ieee.org/";"";"";"";"";"";"";"";"";"";"12/10/2022";"";"Jad Nasredine, Estela Carmona, Ricard Vilalta, Raúl Parada, Philippe Veyssiere, Angelos Antonopoulos, José López, Judit Raja, Raül González, George Perera, Nuria Trujillo, Jorge García, Julián Garbiso, Francisco Vasquez";"I2cat, I2cat, CTTC, CTTC, IRT, ATC, Cellnex, Cellnex, Cellnex, Hispasat, Hispasat, VEDECOM, I2cat";"";"";"";"non";"";"";"";"";"";"";"";"";"0000000989";"0";"Réalisé";"1";"288";"403";"doc_final";"285";"2022-12/1672151408-313-5GMED_IEEE_FutureNetworks_2022-.1..pdf";"";"5GMED Architecture for Advanced Automotive and Railway Communication Services in Cross-Border Scenarios";"";"0000000989";"1672151408";"1"
"411";"E034-1";"1";"E034";"communication";"Electrification of aviation - challenges for PD free EIS";"";"";"2022 Next generation power device - fusion and transcendance ";"14/12/2022";"15/12/2022";"Osaka";"Japon";"";"";"";"";"";"";"";"";"";"";"";"";"Guillaume Belijar; Samuel Pin; Cedric Abadie; Mateusz Szczepanski";"IRT Saint Exupery; Nidec Leroy Somer";"";"";"";"";"";"";"";"";"";"";"";"";"0000001274";"0";"Réalisé";"1";"299";"411";"doc_final";"0";"2023-01/1673945087-958-Electrification-of-aviation---challenges-for-PD-free-EIS_Symposium.pdf";"";"";"";"0000000383";"1673945087";"1"
"414";"S038-40";"40";"S038";"communication";"ZGP par MyDataModels : Une IA frugale en données et en calculs pour le traitement de l’image embarqué sur satellites";"";"";"World Artificial Intelligence Cannes Festival (WAICF 2023)";"09/02/2023";"11/02/2023";"Cannes";"France";"https://www.worldaicannes.com/";"";"";"";"";"";"";"";"";"";"";"";"Adrien Girard";"IRT Saint Exupéry";"";"";"";"non";"";"";"";"";"";"";"";"";"0000000829";"0";"Réalisé";"1";"307";"414";"doc_final";"0";"2023-02/1675715809-480-ZGP-WAICF-V2.pptx";"";"Présentation";"";"0000000829";"1675715809";"1"
"419";"E003-3";"3";"E003";"communication";"Optimal design of a three-phase 540V/70kVA SiC inverter for aircraft applications";"";"";"ESARS-ITEC 2023";"28/03/2023";"31/03/2023";"Venice";"Italie";"https://www.esars.eu/esars2023/";"";"";"";"";"";"";"";"15/01/2023";"30/01/2023";"10/02/2023";"";"Duc Hoan Tran, Bernardo Cougo, Gilles Segond, Hans Hoffmann Sathler";"IRT Saint-Exupéry";"";"";"";"";"";"";"";"";"";"";"";"";"0000000046";"0";"Réalisé";"1";"371";"419";"doc_final";"0";"2023-02/1677491497-416-Final_paper_ESAR_2023---6-pages---Hoan.pdf";"";"Optimal design of a three-phase 540V/70kVA SiC inverter for aircraft applications";"";"0000000046";"1677491497";"1"
"421";"S085-7";"7";"S085";"communication";"Modeling Functional Allocation in AltaRica to Support MBSE/MBSA Consistency – conférence IMBSA";"";"";"IMBSA 2019";"16/10/2019";"18/10/2019";"";"";"";"";"";"";"";"";"";"";"";"";"";"";"Mathilde Machin; Estelle Saez; Pierre Virelizier; Xavier de Bossoreille";"";"";"";"";"non";"";"";"";"";"";"";"";"";"0000001130";"0";"Réalisé";"1";"309";"421";"doc_final";"0";"2023-02/1676035688-406-2019_SE_Machin_ModelingFunctionalAllocationInAltarica_IMBSA_V1.pdf";"";"Modeling Functional Allocation in AltaRica to Support MBSE/MBSA Consistency ";"";"0000001126";"1676035688";"1"
"422";"S085-8";"8";"S085";"communication";"Adopting a model-based approach for satellite operations' diagnosis";"";"";"MOSIM 2020";"12/11/2020";"12/11/2020";"";"";"";"";"";"";"";"";"";"";"";"";"";"";"";"";"";"";"";"";"";"";"";"";"";"";"";"";"0000001130";"0";"Réalisé";"1";"311";"422";"doc_publie";"0";"2023-02/1676036161-849-MOSIM2020_NChristofi_Presentation.pdf";"";"";"";"0000001126";"1676036161";"1"
"432";"S038-41";"41";"S038";"communication";"ZGP appliqué à la segmentation des images hyperspectrales";"";"";"Conférence Nationale sur les Applications Pratiques de l’Intelligence Artificielle (APIA 2023)";"06/07/2023";"07/07/2023";"Strasbourg";"France";"https://pfia23.icube.unistra.fr/conferences/apia/";"";"";"";"";"";"";"";"";"";"";"";"Ingrid Grenet, Yves Bobichon, Adrien Girard";"IRT Saint Exupéry, MyDataModels";"";"";"";"non";"";"";"";"";"";"";"";"";"0000000829";"0";"Réalisé";"1";"536";"432";"doc_publie";"0";"2023-07/1689099124-140-2023_07_06---APIA---ZGP-pour-la-segmentation-hyperspectrale.pdf";"";"";"";"0000000829";"1689099124";"1"
"437";"M015-5";"5";"M015";"communication";"Deep learning architecture for the detection, labeling and online measurement of surface treatment defects by laser";"";"";"NDE 4.0";"24/10/2022";"27/10/2022";"Berlin";"Allemagne";"https://conference.nde40.com/";"";"";"";"";"";"";"";"31/03/2022";"31/05/2022";"";"";"B Martin1, S Kirchner1, J Lecomte1, J-B Duga1, L Ferres1, M Péron1,2, N Cuvillier1,3 , C Debras1,4 ";"1 : IRT Saint Exupéry, Esplanade des Arts et Métiers, 33405 Talence, France 2 : ArianeGroup, Les cinq chemins Rue du Touban, 33185 Le Haillan, France 3. Safran Composites, 33 Avenue de la Gare, 91760 Itteville, France. 4. Thales Alenia Space, 5 Allée des ";"";"";"";"non";"";"";"";"";"";"";"";"";"0000000381";"0";"Réalisé";"1";"337";"437";"doc_publie";"0";"2023-02/1676988067-514-20221025_NDE4.0_V0.pdf";"";"";"";"0000000217";"1676988067";"1"
"440";"M075-2";"2";"M075";"communication";"SIANE 2022";"";"";"Salon des partenaires de l'industrie";"18/10/2022";"20/10/2022";"Toulouse";"France";"https://www.salonsiane.com/";"";"";"";"";"";"";"";"04/10/2022";"";"";"";"Arnaud Hacquin";"Chef de projet";"";"";"";"";"";"";"";"";"";"";"";"";"0000000883";"0";"Réalisé";"1";"622";"440";"doc_publie";"0";"2023-10/1697444552-207-SIANE-2022---MAMA.pdf";"";"";"";"0000000367";"1697444552";"1"
"441";"M075-3";"3";"M075";"communication";"Conférence de presse MAMA";"";"";"";"21/04/2022";"21/04/2022";"Toulouse";"France";"https://www.irt-saintexupery.com/fr/projet-mama-30-de-gain-de-matiere-premiere-pour-des-pieces-daerostructures-en-titane/";"";"";"";"";"";"";"";"";"";"";"";"Arnaud Hacquin, Simon Perusin, Morgane Toumazet";"Chef de projet, responsable centre de compétence métallique, chargé de communication";"";"";"";"";"";"";"";"";"";"";"";"";"0000000883";"0";"Réalisé";"1";"519";"441";"doc_publie";"0";"2023-07/1688458396-838-ConferencePresseMAMA_21042022VF.pptx";"";"";"";"0000000367";"1688458397";"1"
"442";"M075-4";"4";"M075";"communication";"Article diffusé sur site internet IRT";"";"";"Fabrication d'une pièce d'attache aéronautique par fabrication additive métallique";"06/12/2022";"06/12/2022";"";"";"https://www.irt-saintexupery.com/mama-project-manufacturing-of-a-bracket-for-the-airbus-beluga/";"";"";"";"";"";"";"";"";"";"";"";"Thomas Gilles";"Ingénieur de recherche";"";"";"";"";"";"";"";"";"";"";"";"";"0000000883";"0";"Réalisé";"1";"623";"442";"doc_publie";"0";"2023-10/1697444793-434-MAMA-Lot7-Article-Valorisation-BELUGA_diffusion.pdf";"";"";"";"0000000367";"1697444793";"1"
"443";"M075-5";"5";"M075";"communication";"AEROMAT ";"";"";"";"";"";"";"";"";"";"";"";"";"";"";"";"";"";"";"";"";"";"";"";"";"non";"";"";"";"";"";"";"";"";"0000000883";"0";"Réalisé";"1";"524";"443";"doc_publie";"0";"2023-07/1688459294-947-2020_MAT_MartinP_Aeromat2021_V1.pdf";"";"";"";"0000000367";"1688459294";"1"
"450";"E001-3";"3";"E001";"communication";"An IRT St Exupery project addressing the SiC MOSFET Reliability Challenges for Use in Multi-Secteur Industries";"";"";"ECPE SiC and GaN User Forum";"01/07/2021";"01/07/2021";"On line";"Allemagne";"https://www.ecpe.org/index.php?eID=dumpFile&t=f&f=33769&token=e544872b92238e952b28b083c561fc936875c320";"";"";"";"";"";"";"";"01/07/2022";"01/07/2022";"01/07/2022";"";"Regis MEURET; Michel PITON";"SAFRAN; ALSTOM";"";"";"";"";"";"";"";"";"";"";"";"";"0000000536";"0";"Réalisé";"1";"369";"450";"doc_final_extend";"0";"2023-02/1677159695-467-27_Piton_Meuret_SiCRET_An-IRT-St-Exupery-Project.pdf";"";"";"";"0000000536";"1677159695";"1"
"452";"E001-4";"4";"E001";"communication";"Status of ongoing tests dynamic gate stress (HTGS): inpact of differet stressors";"";"";"ECPE Expert Discussion on dyn. HTRB/DRB testing (SiC MOSFET Reliability)";"31/05/2022";"31/05/2022";"31/05/2022";"On line ";"https://www.ecpe.org/events/workshops-tutorials/workshops/";"";"";"";"";"";"";"";"31/05/2022";"31/05/2022";"31/05/2022";"";"Regis MEURET Michel PITON Olivier PERROTIN";"SAFRAN, ALSTOM, ALTER";"";"";"";"";"";"";"";"";"";"";"";"";"0000000536";"0";"Réalisé";"1";"NULL";"NULL";"NULL";"NULL";"NULL";"";"NULL";"NULL";"NULL";"NULL";"NULL"
"473";"E039-18";"18";"E039";"communication";"Competitive implementation of a high value power module assembly line in a high cost country";"";"";"SIA PWTE ";"";"";"";"";"";"";"";"";"";"";"";"";"";"";"26/02/2021";"";"J. Favre, A. Izoulet, J.-P. Fradin, F. Coccetti, B. Cougo";"APSI3D, ICAM, IRT Saint-Exupéry";"";"";"";"";"";"";"";"";"";"";"";"";"0000000046";"0";"Réalisé";"1";"NULL";"NULL";"NULL";"NULL";"NULL";"";"NULL";"NULL";"NULL";"NULL";"NULL"
"475";"E039-20";"20";"E039";"communication";"Impact of multilevel converters on EMC filter weight of a 70 kVA power drive system for More Electrical Aircraft";"";"";"CIPS 2020";"";"26/02/2020";"";"";"";"";"";"";"";"";"";"";"";"";"";"";"Sathler, Hans H; Nagano, Lucas; Cougo, Bernardo; Costa, Francois; Labrousse, Denis";"IRT Saint-Exupéry, SATIE";"";"";"";"";"";"";"";"";"";"";"";"";"0000000046";"0";"Réalisé";"1";"NULL";"NULL";"NULL";"NULL";"NULL";"";"NULL";"NULL";"NULL";"NULL";"NULL"
"477";"E039-22";"22";"E039";"communication";"Loss reduction of WBG inverter by PWM techniques for the motion control of PMSM";"";"";"IEEE International Future Energy Electronics Conference  - IFEEC 2019";"";"";"";"";"";"";"";"";"";"";"";"";"";"";"24/02/2019";"";"H. Tran Duc, B. Cougo and G. Segond";"";"";"";"";"";"";"";"";"";"";"";"";"";"0000000046";"0";"Réalisé";"1";"NULL";"NULL";"NULL";"NULL";"NULL";"";"NULL";"NULL";"NULL";"NULL";"NULL"
"479";"E039-24";"24";"E039";"communication";"SiC and GaN in modern power converters: from characterization to applications in More Electrical Aircraft";"";"";"MEA 2019";"";"";"";"";"";"";"";"";"";"";"";"";"";"";"26/02/2019";"";"B. Cougo";"Saint-Exupéry";"";"";"";"";"";"";"";"";"";"";"";"";"0000000046";"0";"Réalisé";"1";"NULL";"NULL";"NULL";"NULL";"NULL";"";"NULL";"NULL";"NULL";"NULL";"NULL"
"480";"E039-25";"25";"E039";"communication";"Differential mode input filter design for three-phase inverters used in aircraft applications";"";"";"MEA 2019";"";"";"";"";"";"";"";"";"";"";"";"";"";"";"26/02/2019";"";"H. Hoffmann, B. Cougo, J.P. Carayon";"IRT Saint-Exupéry";"";"";"";"";"";"";"";"";"";"";"";"";"0000000046";"0";"Réalisé";"1";"NULL";"NULL";"NULL";"NULL";"NULL";"";"NULL";"NULL";"NULL";"NULL";"NULL"
"481";"E039-26";"26";"E039";"communication";"A CMOS gate driver with ultra-fast dV/dt embedded control dedicated to optimum EMI and turn-on losses management for GaN power transistors";"";"";"IEEE Conference on PhD Research in Microelectronics and Electronics - PRIME";"";"";"";"";"";"";"";"";"";"";"";"";"";"";"26/02/2018";"";"P. Bau, M. Cousineau, B. Cougo, F. Richardeau, D. Colin and N. Rouger";"IRT Saint-Exupéry, LAPLACE";"";"";"";"";"";"";"";"";"";"";"";"";"0000000046";"0";"Réalisé";"1";"NULL";"NULL";"NULL";"NULL";"NULL";"";"NULL";"NULL";"NULL";"NULL";"NULL"
"482";"E039-27";"27";"E039";"communication";"Zero Sequences Optimizing Different Criteria for Three-phase Multilevel Inverters";"";"";"IEEE Energy Conversion Congress & Exposition - ECCE";"";"";"";"";"";"";"";"";"";"";"";"";"";"";"26/02/2018";"";"B. Cougo, T. Meynard, G. Gateau and L. Morais";"IRT Saint-Exupéry, UFMG, LAPLACE";"";"";"";"";"";"";"";"";"";"";"";"";"0000000046";"0";"Réalisé";"1";"NULL";"NULL";"NULL";"NULL";"NULL";"";"NULL";"NULL";"NULL";"NULL";"NULL"
"483";"E039-28";"28";"E039";"communication";"Next Generation of Power Converters with SiC and GaN Components";"";"";"CISTEM 2022";"26/10/2022";"28/10/2022";"";"";"";"";"";"";"";"";"";"";"";"";"";"";"B. Cougo";"IRT Saint-Exupéry";"";"";"";"";"";"";"";"";"";"";"";"";"0000000046";"0";"Réalisé";"1";"378";"483";"doc_final";"0";"2023-02/1677493592-336-Presentation-CISTEM-2022---Next-Generation-Of-Power-Converters-With-SiC-And-GaN.pdf";"";"";"";"0000000046";"1677493593";"1"
"484";"E039-29";"29";"E039";"communication";"High power density and efficiency magnetic components with high leakage inductance";"";"";"ECPE Workshop: Design, Technology, Simulation and Application Aspects of Magnetic Components in Power Electronics";"22/09/2022";"23/09/2022";"";"";"";"";"";"";"";"";"";"";"";"";"";"";"B. Cougo";"IRT Saint-Exupéry";"";"";"";"";"";"";"";"";"";"";"";"";"0000000046";"0";"Réalisé";"1";"373";"484";"doc_final";"0";"2023-02/1677492467-399-Presentation-Bernardo-COGO-V3-Small-For-ECPE.pdf";"";"";"";"0000000046";"1677492467";"1"
"485";"E039-30";"30";"E039";"communication";"Méthodologie de conception de convertisseur statique appliquée à l'aéronautique";"";"";"Journées d'Electroniques de Puissance, SEEDS ";"29/03/2022";"30/03/2022";"";"";"";"";"";"";"";"";"";"";"";"";"";"";"B. Cougo";"IRT Saint-Exupéry";"";"";"";"";"";"";"";"";"";"";"";"";"0000000046";"0";"Réalisé";"1";"374";"485";"doc_final";"0";"2023-02/1677492556-731-Journee-SEEDS-2022-FInal-pour-Pres.pdf";"";"";"";"0000000046";"1677492556";"1"
"487";"T005-1";"1";"T005";"communication";"Conception optimale de transformateurs haute fréquence";"";"";"Formation IRT pour entreprise Externe";"10/03/2021";"11/03/2021";"";"";"";"";"";"";"";"";"";"";"";"";"";"";"B. Cougo";"IRT Saint-Exupéry";"";"";"";"";"";"";"";"";"";"";"";"";"0000000046";"0";"Réalisé";"1";"NULL";"NULL";"NULL";"NULL";"NULL";"";"NULL";"NULL";"NULL";"NULL";"NULL"
"488";"E039-31";"31";"E039";"communication";"DAB CONVERTER DESIGN";"";"";"Seminaire aux étudiants de Master et Doctorat du PPGEE/UFMG (2021)";"31/01/2021";"31/01/2021";"";"";"";"";"";"";"";"";"";"";"";"";"";"";"B. Cougo";"IRT Saint-Exupéry";"";"";"";"";"";"";"";"";"";"";"";"";"0000000046";"0";"Annulé";"1";"NULL";"NULL";"NULL";"NULL";"NULL";"";"NULL";"NULL";"NULL";"NULL";"NULL"
"489";"E039-32";"32";"E039";"communication";"DAB CONVERTER DESIGN (Focus on semiconductor and transformer technologies)";"";"";"Seminaire aux étudiants de Master et Doctorat du PPGEE/UFMG (2022)";"03/02/2022";"03/02/2022";"";"";"";"";"";"";"";"";"";"";"";"";"";"";"B. Cougo";"IRT Saint-Exupéry";"";"";"";"";"";"";"";"";"";"";"";"";"0000000046";"0";"Réalisé";"1";"375";"489";"doc_final";"0";"2023-02/1677492688-110-Keynote-Presentation---SiC-GaN-Mat-Mag-and-DAB-converter---COUGO---Pour-Diffusion.pdf";"";"";"";"0000000046";"1677492688";"1"
"491";"E039-33";"33";"E039";"communication";"Equilibrage des tensions et des courants pour les convertisseurs multiniveaux série-parallèle 540V/70kVA à base de composants GaN HEMT";"";"";"SGE 2023";"05/07/2023";"07/07/2023";"Lille";"France";"https://sge2023.sciencesconf.org/";"";"";"";"";"";"";"";"15/01/2023";"";"02/05/2023";"";"Hoan TRAN DUC, Hoang NGUYEN MINH, Bernardo COUGO, Hans H. SATHLER, Gilles SEGOND";"IRT SAint-Exupéry";"";"";"";"";"";"";"";"";"";"";"";"";"0000000046";"0";"Réalisé";"1";"546";"491";"doc_final";"0";"2023-07/1689952396-614-Article-SGE2023-Controle-equilibre-tension-courant-convertisseur-multiniveaux-GaN_GS_Final.pdf";"";"Equilibrage des tensions et des courants pour les convertisseurs multiniveaux série-parallèle 540V/70kVA à base de composants GaN HEMT";"";"0000000046";"1689952396";"1"
"493";"U009-1";"1";"U009";"communication";"Analyse et Mesure des Pertes en Commutation à Faible Courant des Semiconducteurs à Grand Gap";"";"";"SGE 2023";"05/07/2023";"07/07/2023";"Lille";"France";"https://sge2023.sciencesconf.org/";"";"";"";"";"";"";"";"15/01/2023";"";"02/05/2023";"";"Gustavo S. ZAPPULLA, Bernardo COUGO, Lenin M. F. MORAIS, Marco ANDRADE";"IRT Saint Exupéry, Toulouse, France ; Universidade Federal de Minas Gerais, Belo Horizonte, Brésil";"";"";"";"";"";"";"";"";"";"";"";"";"0000000046";"0";"Réalisé";"1";"541";"493";"doc_final";"0";"2023-07/1689951835-107-Paper_SGE_2023_rev2V2.pdf";"";"Analyse et Mesure des Pertes en Commutation à Faible Courant des Semiconducteurs à Grand Gap";"";"0000000046";"1689951835";"1"
"495";"U009-3";"3";"U009";"communication";"Evaluation des différentes technologies de diode pour interrupteur hybride utilisée à un onduleur triphasé pour des applications aéronautiques";"";"";"SGE 2023";"05/07/2023";"07/07/2023";"Lille";"France";"https://sge2023.sciencesconf.org/";"";"";"";"";"";"";"";"15/01/2023";"";"02/05/2023";"";"Marco ANDRADE, Bernardo COUGO, Lenin M. F. MORAIS, Gustavo SATHLER";"IRT Saint-Exupéry ; UFMG";"";"";"";"";"";"";"";"";"";"";"";"";"0000000046";"0";"Réalisé";"1";"543";"495";"doc_final";"542";"2023-07/1689951955-540-SGE2023_Diode_HyS_ArticleCompletV2_ModCOGOV3.docx";"";"Evaluation des différentes technologies de diode pour interrupteur hybride utilisé dans un onduleur triphasé pour des applications aéronautiques";"";"0000000046";"1689951955";"1"
"496";"U009-4";"4";"U009";"communication";"Switching Dynamics in a Hybrid Si SiC switch";"";"";"EPE 2023";"04/09/2023";"08/09/2023";"Aalborg";"Danemark";"https://epe2023.com/";"";"";"";"";"";"";"";"02/03/2023";"26/04/2023";"01/06/2023";"";"Marco T. Andrade, B. Cougo, Lenin M. F. Morais";"IRT Saint-Exupéry; UFMG";"";"";"";"non";"";"";"";"";"";"";"";"";"0000000046";"0";"Réalisé";"1";"544";"496";"doc_final";"0";"2023-07/1689952040-187-Final-Version-Paper-MARCO.pdf";"";"Current Sharing Dynamics During IGBT ZVS Turn-On in a Hybrid Si IGBT/SiC MOSFET Switch";"";"0000000046";"1689952040";"1"
"497";"U004-1";"1";"U004";"communication";"Bidirectional modular DC/DC converter for HVDC battery in aircraft applications";"";"";"MEA 2021";"20/10/2021";"21/10/2021";"Bordeaux";"France";"https://see.asso.fr/events/mea2021/";"";"";"";"";"";"";"";"";"";"03/02/2021";"";"A.L. Rodriguez V., B. Cougo, G. S. Zappulla";"Skylife ; IRT Saint-Exupéry";"";"";"";"";"";"";"";"";"";"";"";"";"0000000046";"0";"Réalisé";"1";"539";"497";"doc_final";"0";"2023-07/1689951561-812-MEA-2021---Article-Antonio-Gustavo-Bernardo.pdf";"";"Bidirectional Modular DC/DC Converter for HVDC battery in Aircraft Applications";"";"0000000046";"1689951561";"1"
"498";"U004-2";"2";"U004";"communication";"Optimization of Bidirectional Modular DC/DC Converter for Low and High Power Operation in Aircraft Applications";"";"";"2021 22nd IEEE International Conference on Industrial Technology (ICIT)";"10/03/2021";"12/03/2021";"Valencia";"Espagne";"https://iten.ieee-ies.org/past-events/2020/2021-icit-ieee-22nd-international-conference-on-industrial-technology/";"";"";"";"";"";"";"";"";"";"05/01/2021";"";"Zappulla, Gustavo Sathler; Cougo, Bernardo; Vázquez, Antonio L Rodríguez; Russo, Antonio; Guida, Beniamino";"IRT Saint-Exupéry; Skylife ; Aeromechs";"";"";"";"";"";"";"";"";"";"";"";"";"0000000046";"0";"Réalisé";"1";"540";"498";"doc_final";"0";"2023-07/1689951728-599-Version-Dowloaded-from-IEEE---Optimization_of_Bidirectional_Modular_DC_DC_Converter_for_Low_and_High_Power_Operation_in_Aircraft_Applications.pdf";"";"Optimization of Bidirectional Modular DC/DC Converter for Low and High Power Operation in Aircraft Applications";"";"0000000046";"1689951728";"1"
"500";"E039-35";"35";"E039";"communication";"Apports et opportunités de la fabrication additive pour la conception de composants magnétiques pour les convertisseurs de puissance";"";"";"COMET CNES (Elaboration de composants passifs magnétiques)";"27/04/2018";"28/04/2018";"Toulouse";"";"";"";"";"";"";"";"";"";"";"";"27/04/2018";"";"B. Cougo, A. Fleury ";"IRT Saint-Exupéry";"";"";"";"";"";"";"";"";"";"";"";"";"0000000046";"0";"Annulé";"1";"NULL";"NULL";"NULL";"NULL";"NULL";"";"NULL";"NULL";"NULL";"NULL";"NULL"
"501";"E039-36";"36";"E039";"communication";"EN3-Nouvelles Electroniques de Puissance Utilisant des Semiconducteurs Disruptifs";"";"";"Les Entretiens de Toulouse 2019";"10/04/2019";"11/04/2019";"Toulouse";"France";"";"";"";"";"";"";"";"";"";"";"";"";"B. Cougo";"IRT Saint-Exupéry";"";"";"";"";"";"";"";"";"";"";"";"";"0000000046";"0";"Réalisé";"1";"NULL";"NULL";"NULL";"NULL";"NULL";"";"NULL";"NULL";"NULL";"NULL";"NULL"
"502";"E039-37";"37";"E039";"communication";"Modern Power Electronic Converters for Aircrafts with Wideband Gap Components";"";"";"Tutorial at Conference PEDS 2019";"09/07/2019";"12/07/2019";"Toulouse";"France";"";"";"";"";"";"";"";"";"";"";"";"";"B. Cougo";"IRT Saint-Exupéry";"";"";"";"";"";"";"";"";"";"";"";"";"0000000046";"0";"Réalisé";"1";"NULL";"NULL";"NULL";"NULL";"NULL";"";"NULL";"NULL";"NULL";"NULL";"NULL"
"503";"E039-38";"38";"E039";"communication";"CHARACTERIZATION AND IMPACT OF SIC AND GAN ON POWER DRIVE SYSTEMS";"";"";"Tutorial at EPE 2020";"07/09/2020";"11/09/2020";"Lyon";"France";"";"";"";"";"";"";"";"";"";"";"";"";"B. Cougo";"IRT Saint-Exupéry";"";"";"";"";"";"";"";"";"";"";"";"";"0000000046";"0";"Réalisé";"1";"NULL";"NULL";"NULL";"NULL";"NULL";"";"NULL";"NULL";"NULL";"NULL";"NULL"
"504";"E039-39";"39";"E039";"communication";"IRT Saint Exupéry – Présentation du projet E-POWERDRIVE";"";"";"National Reliability Technology Workshop";"02/02/2021";"02/02/2021";"";"";"";"";"";"";"";"";"";"";"";"";"";"";"B. Cougo";"IRT Saint-Exupéry";"";"";"";"";"";"";"";"";"";"";"";"";"0000000046";"0";"Réalisé";"1";"NULL";"NULL";"NULL";"NULL";"NULL";"";"NULL";"NULL";"NULL";"NULL";"NULL"
"508";"E039-40";"40";"E039";"communication";"BREVET - DPI-2019-005 - Utilisation d’un fil de litz pour limiter des surtensions dans une chaîne électromécanique";"";"";"INPI";"";"";"";"";"";"";"";"";"";"";"";"";"";"";"12/01/2022";"";"COGO FRANCA Bernardo SEGOND Gilles HOFFMANN SATHLER Hans";"IRT Saint-Exupéry";"";"";"";"";"";"";"";"";"";"";"";"";"0000000046";"0";"Réalisé";"1";"376";"508";"doc_final";"0";"2023-02/1677493218-913-.DPI-2019-005.-34887-FR_Compte-rendu-de-d..p..t.pdf";"";"";"";"0000000046";"1677493218";"1"
"509";"E039-41";"41";"E039";"communication";"BREVET - DPI 2019-008 - Câble méplat multi-couches avec permutations des couches pour la réalisation d’une bobine électrique";"";"";"INPI";"";"";"";"";"";"";"";"";"";"";"";"";"";"";"26/09/2022";"";"COGO FRANCA Bernardo SEGOND Gilles FLEURY Alexandre";"IRT Saint-Exupéry";"";"";"";"";"";"";"";"";"";"";"";"";"0000000046";"0";"Réalisé";"1";"377";"509";"doc_final";"0";"2023-02/1677493363-739-DPI-2019-008_35332-FR_Compte-rendu-d..p..t-demande-de-brevet-FR.pdf";"";"";"";"0000000046";"1677493363";"1"
"510";"V116-1";"1";"V116";"communication";"BREVET - DPI-2022-006 - Control method for low cost power module with hybrid WBG and Si IGBT switch";"";"";"International";"";"";"";"";"";"";"";"";"";"";"";"";"";"";"29/07/2022";"";"Michel Pouget, Ayman Ayad, Bernardo Cogo França,  Marco Vinicio Teixeira Andrade";"VITESCO,  IRT Saint Exupéry";"";"";"";"";"";"";"";"";"";"";"";"";"0000000046";"0";"Réalisé";"1";"379";"510";"doc_final";"0";"2023-02/1677496449-157-DPI-2022-006.pdf";"";"";"";"0000000046";"1677496449";"1"
"514";"V075-21";"21";"V075";"communication";"Autonomous drone interception with Deep Reinforcement Learning";"";"";"IJACI-ECAI 2022 Workshop: 12th International Workshop on Agents in Traffic and Transportation";"23/07/2022";"25/07/2022";"Vienne";"";"";"";"";"";"";"";"";"";"";"";"";"";"David Bertoin, Adrien Gauffriau, Damien Grasset, Jayant Sen Gupta";"IRT Saint-Exupéry, Airbus";"";"";"";"non";"";"";"";"";"";"";"";"";"0000000617";"0";"Réalisé";"1";"400";"514";"doc_final";"0";"2023-02/1677602004-824-8.pdf";"";"";"";"0000000587";"1677602004";"1"
"524";"V075-25";"25";"V075";"communication";"A High Probability Safety Guarantee for Shifted Neural Network Surrogates";"";"";"SafeAI 2020";"";"";"";"";"";"";"";"";"";"";"";"";"";"";"";"";" Mélanie Ducoffe (1) , Sébastien Gerchinovitz (1, 2) , Jayant Sen Gupta (1) ";"(1) IRT Saint Exupéry; (2) IMT - Institut de Mathématiques de Toulouse UMR5219 ";"";"";"";"non";"";"";"";"";"";"";"";"";"0000000734";"0";"Réalisé";"1";"404";"524";"doc_final";"0";"2023-02/1677603906-775-DGSG20-HighProbabilitySafetyGuarantees-short.pdf";"";"";"";"0000000734";"1677603906";"1"
"530";"E003-6";"6";"E003";"communication";"ACTIVE EMI FILTER FOR HIGH POWER CONVERTERS";"";"";"2022 ESA WORKSHOP Virtual ON AEROSPACE EMC";"23/05/2023";"25/05/2023";"Full Online Event";"Full Online Event";"https://atpi.eventsair.com/QuickEventWebsitePortal/emc-2022/emc2022/ExtraContent/ContentSubPage?page=4&subPage=2";"";"";"";"";"";"";"";"";"";"";"";"R. Perraud, P. Benjamin, F. Kapaun, S. Serpaud, A.Loehrmann, T.Dörlemann, S. Frei";"Airbus CRT, Airbus CRT, Airbus DS, IRT Saint Exupéry, Airbus CRT, TU Dortmund, TU Dortmund";"";"";"";"";"";"";"";"";"";"";"";"";"0000000821";"0";"Réalisé";"1";"408";"530";"doc_final";"0";"2023-03/1677664008-691-2022_ESA_Workshop_on_Aerospace_EMC.pdf";"2023-03/1677663897-211-2022_ESA_Workshop_on_Aerospace_EMC.pdf";"ACTIVE EMI FILTER FOR HIGH POWER CONVERTERS";"";"0000000821";"1677664008";"1"
"531";"M075-6";"6";"M075";"communication";"Matriçage dans le domaine beta de l'alliage TA6V";"";"";"JOURNÉE TECHNIQUE | AUTOUR DU TA6V";"14/03/2023";"14/03/2023";"Paris";"France";"https://titane.asso.fr/journee-technique-autour-du-ta6v/";"";"";"";"";"";"";"";"";"";"";"";"A. PRILLIEUX";"IRT Saint Exupéry";"";"";"";"";"";"";"";"";"";"";"";"";"0000000804";"0";"Réalisé";"1";"518";"531";"doc_publie";"0";"2023-07/1688457813-642-Journ..e-techno-Ti-20230314-VF.pdf";"";"";"";"0000000367";"1688457813";"1"
"540";"M031-36";"36";"M031";"communication";"Banc expérimental pour l’analyse in-situ autour du procédé de fusion par laser lit de poudre";"";"";"S.mart 2019 (16e colloque national Systems. Manufacturing. Academics. Resources. Technologies)";"03/04/2019";"05/04/2019";"Les Karellis";"France";"https://s-mart2019.event.univ-lorraine.fr/file/513592";"";"";"";"";"";"";"";"";"";"";"";"Kromer, Robin ; Lacoste, Eric ; Gruhier, Elise ; Perry, Nicolas and Agullo, Jean-Marc";"IRT Saint Exupéry, Toulouse (France) ; I2M (Institut de Mécanique et d'Ingénierie), Bordeaux (France) // I2M (Institut de Mécanique et d'Ingénierie), Bordeaux (France) // I2M (Institut de Mécanique et d'Ingénierie), Bordeaux (France) // I2M (Institut de M";"";"";"";"non";"";"";"";"";"";"";"";"";"0000000089";"0";"Réalisé";"1";"416";"540";"doc_final";"0";"2023-03/1677678327-517-2019_MAT_KROMER_D..veloppement-d...un-banc-exp..rimental-pour-de-l...analyse-et-du-contr..le-insitu_S-MART2019_V0.pdf";"";"";"";"0000000832";"1677678327";"1"
"554";"S085-10";"10";"S085";"communication";"A Novel Methodology to model Digital Twins for Spacecraft Operations using Fault Trees and Behaviour Trees";"";"";"MoDDiTT 2022";"";"";"Montréal";"CANADA";"";"";"";"";"";"";"";"";"";"";"";"";"Nikolena Christofi; Xavier Pucel";"IRT Saint Exupéry,; ONERA";"";"";"";"";"";"";"";"";"";"";"";"";"0000001130";"0";"Réalisé";"1";"433";"554";"doc_publie";"0";"2023-03/1678200457-701-ModDiT2022__Presentation.pdf";"";"";"";"0000001126";"1678200457";"1"
"561";"S013-1";"1";"S013";"communication";"Atelier technique ""Idéation et émergence de projets IA Embarquée "" ";"";"";"Atelier technique ""Idéation et émergence de projets IA Embarquée "" ";"22/03/2023";"22/03/2023";"Agen";"France";"https://www.aerospace-valley.com/agenda/atelier-technique-ideation-et-emergence-de-projets-intelligence-artificielle-embarquee";"";"";"";"";"";"";"";"";"";"";"";"";"";"";"";"";"non";"";"";"";"";"";"";"";"";"0000000900";"0";"Réalisé";"1";"453";"561";"doc_final";"0";"2023-03/1678786070-135-2023_03_22_ELLIOT.pdf";"";"Présentation";"";"0000000900";"1678786070";"1"
"563";"S008-2";"2";"S008";"communication";"CarbonCGI road map to observe faint GHG source’s emissions with  high resolution observing system";"";"";"SPIE BERLIN 2022";"17/10/2022";"20/10/2022";"BERLIN";"ALLEMAGNE";"";"";"";"";"";"";"";"";"30/07/2022";"12/08/2022";"30/08/2022";"";"D. Siméoni a,e, F. Graziosi b,c, G. Broquet b , P. Kumar b , P. Ciais b , J.L. Vergely d , S. Ferron d ,  V. Khodnevych e , M. Carlavan e , B. Chétrite a , N. Tetaz a , C. Delzenne a , N. Gercio a ,  H. Boesch f , L. Vogel g , F. Mariani h , R. Windpassin";"a  Thales Alenia Space, 06150 La Bocca, France  b  Laboratoire des Sciences du Climat et de l’Environnement, LSCE/IPSL, CEA-CNRS-UVSQ, Université Paris-Saclay,  91198 Gif-sur-Yvette, France  c European Commission Joint Research Centre, Ispra (Va), Italy  ";"";"";"";"non";"";"";"";"";"";"";"";"";"0000000967";"0";"Réalisé";"1";"460";"563";"doc_final";"0";"2023-03/1678819060-855-SPIE2022_Simeoni-.-al.pdf";"";"Papier SPIE BERLIN";"";"0000000967";"1678819060";"1"
"564";"S008-3";"3";"S008";"communication";"Compact Static Interferometer Instrument Studies for Greenhouse Gas Detection";"";"";"ICSO";"17/10/2022";"21/10/2022";"Dubrovnik";"Croatie";"";"";"";"";"";"";"";"";"";"";"";"";"Flavio Mariani a , Denis Simeoni b , Vitalii Khodnevych c , Nicolas Tetaz b , Bruno Chetrite b , Mikael Carlavan b , Stephane Ferron d , Jean-Luc Vergely d , Nick van der Valk e , Hedser van Brug e , Benjamin Brenny e , Huib Visser e , Jochen Landgraf f ,";"aESA-ESTEC, Keplerlaan 1, 2200AG, Noordwijk, The Netherlands bThales Alenia Space, All´ee des gabians 5, 06156, Cannes, France c IRT Saint Exup´ery, Rue Evariste Galois 240, 06410, Biot, France dACRI-ST, Rte du Pin Montard 260, 06904, Sophia-Antipolis, Fr";"";"";"";"non";"";"";"";"";"";"";"";"";"0000000967";"0";"Réalisé";"1";"462";"564";"doc_final";"461";"2023-03/1678819127-794-ICSO2022-Mariani-.-al.pdf";"";"ICSO Dubrovnik";"";"0000000967";"1678819127";"1"
"568";"S085-13";"13";"S085";"communication";" Introducing Operational Diagnosis Models for Ground Station Architectures using Behaviour Trees, ";"";"";"SpaceOps 2023";"";"";"DUBAI";"";"";"";"";"";"";"";"";"";"";"";"";"";"Nikolena Christofi, Xavier Pucel, Claude Baron, Marc Pantel, David Canu, Jerome Golenzer, Christophe Ducamp";"";"";"";"";"oui";"";"";"";"";"";"";"";"";"0000001130";"0";"Réalisé";"1";"470";"568";"doc_final";"0";"2023-03/1680092482-148-SPACEOPS2023---Paper.pdf";"";"Introducing Operational Diagnosis Models for Ground Station Architectures using Behaviour Trees";"";"0000001126";"1680092482";"1"
"569";"A064-2";"2";"A064";"communication";"Precise estimation of dynamic junction temperature of SiC transistors for lifetime prediction of power modules used in three-phase inverters";"";"";"ESREF 2023";"02/10/2023";"05/10/2023";"Toulouse";"France";"https://esref2023.sciencesconf.org/";"";"";"";"";"";"";"";"17/03/2023";"28/04/2023";"02/06/2023";"";"Alice TEIXEIRA1,2, Bernardo COUGO1, Gilles SEGOND1, Lenin M. F. MORAIS3, Marco ANDRADE1,2, Duc Hoan TRAN1";"	 	1 IRT Saint Exupéry, Toulouse, France 	2 Graduate Program in Electrical Engineering, Federal University of Minas Gerais (UFMG), Brazil 3 Department of Electronic Engineering, Federal University of Minas (UFMG), Brazil";"";"";"";"";"";"";"";"";"";"";"";"";"0000000046";"0";"Réalisé";"1";"538";"569";"doc_final";"0";"2023-07/1689951334-140-ESREF_2023_MesureTempSiC_AfterRevision_LastVersionV2_CorrectedAfterProofRead.docx";"";"Precise estimation of dynamic junction temperature of SiC transistors for lifetime prediction of power modules used in three-phase inverters";"";"0000000046";"1689951334";"1"
"570";"E039-42";"42";"E039";"communication";"COMPARISON OF SIC AND GAN CONVERTERS FOR POWER DRIVE SYSTEMS IN AIRCRAFT APPLICATIONS";"";"";"R3ASC'23";"25/09/2023";"27/09/2023";"Toulouse";"France";"https://r3asc23.sciencesconf.org/";"";"";"";"";"";"";"";"04/04/2023";"21/04/2023";"08/07/2023";"";"COUGO Bernardo, HOFFMANN SATHLER Hans, TRAN Duc-Hoan, SEGOND Gilles";"IRT Saint-Exupery";"";"";"";"non";"";"";"";"";"";"";"";"";"0000000046";"0";"Réalisé";"1";"573";"570";"doc_final";"572";"2023-08/1692370852-132-R3ASC23_FinalPaper_ComparisonSiCGaN70kVAInverter_Vfinal.pdf";"";"COMPARISON OF SIC AND GAN CONVERTERS FOR POWER DRIVE SYSTEMS IN AIRCRAFT APPLICATIONS";"";"0000000046";"1692370852";"1"
"572";"E034-3";"3";"E034";"communication";"Étude de l’influence de la fréquence sur le profil d’érosion et la perte de masse induits par des décharges partielles";"";"";"2023 SFE";"04/07/2023";"06/07/2023";"Cherbourg";"France";"";"";"";"";"";"";"";"";"";"";"01/05/2023";"";"H. Lagarrigue; C. Abadie; A. Belinger; N. Naudé; G. Belijar";"IRT Saint Exupéry, Toulouse, France; LAPLACE, Université de Toulouse, CNRS, INPT, UPS, Toulouse, France";"";"";"";"non";"";"";"";"";"";"";"";"";"0000001274";"0";"Réalisé";"1";"475";"572";"doc_final";"0";"2023-04/1681714619-895-Aticle_SFE_V2-APU.docx";"";"Étude de l’influence de la fréquence sur le profil d’érosion et la perte de masse induits par des décharges partielles";"";"0000000383";"1681714619";"1"
"574";"E034-4";"4";"E034";"communication";"Analysis of space charge in dielectric materials for aeronautics and off-shore DC applications";"";"";"2023 EATS";"26/06/2023";"28/06/2023";"";"";"";"";"";"";"";"";"";"";"";"";"";"";"Mourad Jebli; Jean Rivenc; Jean-Charles Laurentie; Serge Agnel; Jérôme Castellon; Cécilien Thomas; Samuel Pin; Guillaume Belijar; Frédéric Forget; Romain Magnan; Emilie Fond; Bastien Detilleul; Florent Buttin; Christian Geertsen; Emmanuel Perez";"";"";"";"";"non";"";"";"";"";"";"";"";"";"0000001274";"0";"Réalisé";"1";"476";"574";"doc_final";"0";"2023-04/1681808417-989-ARTICLE_EATS2023.pdf";"";"";"";"0000000383";"1681808417";"1"
"576";"S038-42";"42";"S038";"communication";"Embedded cloud segmentation using AI : Back on years of experiments in orbit on OPS-SAT";"";"";"European Data Handling & Data Processing Conference (EDHPC 2023)";"02/10/2023";"06/10/2023";"Juan-les-Pins";"";"https://atpi.eventsair.com/edhpc-conference/";"";"";"";"";"";"";"";"";"";"";"";"Erwann Kervennic , Yves Bobichon, Michael Benguigui, Ingrid Grenet, Nicolas Avaro, Frédéric Férésin, Thomas Louis, Adrien Girard.";"IRT Saint Exupéry, Activeeon, MyDataModels, ELSYS Design, Université Côte d'Azur.";"";"";"";"non";"";"";"";"";"";"";"";"";"0000000829";"0";"Réalisé";"1";"580";"576";"doc_publie";"0";"2023-08/1692968303-415-Paper_EDHPC_2023.pdf";"";"";"";"0000000829";"1692968303";"1"
"585";"U006-4";"4";"U006";"communication";"5GMED Seamless Connectivity for Digital Trains";"";"";"VTCspring 2023 in Florence";"20/06/2023";"23/06/2023";"Florence";"Italie";"https://events.vtsociety.org/vtc2023-spring/";"";"";"";"";"";"";"";"01/05/2023";"26/05/2023";"31/05/2023";"";"Jad Nasreddine, Juan Agustí, Philippe Veyssiere, Paul Caranton, Luca Petrucci, Nathan Sanchiz-Viel, Nuria Trujillo, Francisco Vázquez-Gallego, Jean-Emmanuel Deschaud, Pascal Deliège, José López Luqe, Judit Bastida, ";"i2CAT Foundation Barcelona, Spain; COMSA Madrid, Spain; IRT Saint Exupery Toulouse, France; SNCF Voyageurs Le Mans, France; Axbryd Rome, Italy; MINES Paris, PSL Research University, CAOR - Centre de robotique Paris, France; Hispasat Madrid, Spain; i2CAT F";"";"";"";"";"";"";"";"";"";"";"";"";"0000000989";"0";"Réalisé";"1";"485";"585";"doc_final";"0";"2023-05/1684315041-796-5GMED-Seamless-Connectivity-for-Digital-Trains_v1.pdf";"";"5GMED Seamless Connectivity for Digital Trains";"";"0000000989";"1684315041";"1"
"590";"S001-12";"12";"S001";"communication";"Worst-case synchronization precision of IEEE802.1AS";"";"";"ETFA 2023";"12/09/2023";"15/09/2023";"Sinaia";"Roumanie";"https://2023.ieee-etfa.org/";"";"";"";"";"";"";"";"05/05/2023";"09/06/2023";"21/07/2023";"";"Quentin Bailleul, Katia Runses-Jauffres, Jean-Luc Sharbarch, Philippe Cuenot";"IRT, IRIT, IRIT, IRT";"";"";"";"non";"";"";"";"";"";"";"";"";"0000000084";"0";"Réalisé";"1";"486";"590";"doc_final";"0";"2023-05/1684737312-955-2030_MOSC_Quentin_Bailleul_an_al_Worst-case_synchronization_precision_of_IEEE802.1AS_ETFA2023.PDF";"";"Worst-case synchronization precision of IEEE802.1AS";"Quentin Bailleul PhD reference publication";"0000000049";"1684737312";"1"
"602";"V075-31";"31";"V075";"communication";"PUNCC: a Python Library for Predictive Uncertainty Calibration and Conformalization";"";"";"COPA ";"13/09/2023";"15/09/2023";"Limassol";"Chypres";"https://copa-conference.com/";"";"";"";"";"";"";"";"";"";"31/05/2023";"";"Mouhcine Mendil, Luca Mossina, David Vigouroux";"IRT Saint Exupéry";"";"";"";"";"";"";"";"";"";"";"";"";"0000001083";"0";"Réalisé";"1";"496";"602";"doc_final";"0";"2023-06/1686122443-483-puncc_camera_ready.pdf";"";"";"";"0000001083";"1686122443";"1"
"604";"M010-1";"1";"M010";"communication";"Development of nickel based functionally graded materials by Laser Metal Deposition";"";"";"GDR ALMA";"27/06/2023";"29/06/2023";"Rouen";"France";"https://alma.cnrs.fr/";"";"";"";"";"";"";"";"28/04/2023";"";"27/06/2023";"";"E. FERREIRA ; L. NICOLAS ; T. GILLES ; B. MAX ; A. PRILLIEUX";"";"";"";"";"";"";"";"";"";"";"";"";"";"0000001102";"0";"Réalisé";"1";"501";"604";"doc_final";"0";"2023-06/1686687613-257-ALMA_2023-3.pdf";"2023-06/1686313739-113-Abstrat-Journ..e-GDR-ALMA-2023.docx";"Development of nickel based functionally graded materials by Laser Metal Deposition";"";"0000001102";"1686687613";"1"
"609";"S017-3";"3";"S017";"communication";"Rencontre CNES GSTP";"";"";"Rencontre avec le CNES (pas une conférence)";"10/05/2023";"10/05/2023";"";"";"";"";"";"";"";"";"";"";"";"";"";"";"Denis Jules-Edouard; Benoit Giraud";"IRT Saint -Exupéry / Airbus DS ; Thales Alenia Space";"";"";"";"";"";"";"";"";"";"";"";"";"0000001139";"0";"Réalisé";"1";"506";"609";"doc_final";"0";"2023-06/1686753432-410-Rencontre_CNES_GSTP_may_2023.pdf";"";"Rencontre CNES GSTP";"Rencontre agence spatiale Française (CNES) pour promotion du projet et proposer financement additionnel.";"0000001139";"1686753432";"1"
"610";"S017-4";"4";"S017";"communication";"Rencontre bilatérale ESA (2023)";"";"";"Rencontre bilatérale ESA";"20/04/2023";"20/04/2023";"";"";"";"";"";"";"";"";"";"";"";"";"";"";"Jules-Edouard Denis";"Airbus DS / Irt Saint exupéry";"";"";"";"";"";"";"";"";"";"";"";"";"0000001139";"0";"Réalisé";"1";"507";"610";"doc_final";"0";"2023-06/1686753559-309-DIGITWIX_bilateral_esa_april_2023.pptx";"";"Rencontre bilatérale ESA";"Promotion du projet et des sujets Digital Twin auprès de l'agence spatiale européenne.";"0000001139";"1686753559";"1"
"612";"M010-4";"4";"M010";"communication";"Déploiement d’une solution préindustrielle de mélange de poudre";"";"";"France Additive";"04/07/2023";"06/07/2023";"Paris";"France";"";"";"";"";"";"";"";"";"";"";"";"";"Lisa Nicolas";"";"";"";"";"";"";"";"";"";"";"";"";"";"0000001102";"0";"Réalisé";"1";"510";"612";"doc_final";"0";"2023-06/1687418252-186-D..ploiement-d...une-solution-pr..industrielle-de-m..lange-de-poudre.pptx";"";"Déploiement d’une solution préindustrielle de mélange de poudre";"";"0000001102";"1687418252";"1"
"618";"M075-8";"8";"M075";"communication";"Salon du bourget 2023";"";"";"Salon du bourget 2023";"19/06/2023";"25/06/2023";"Paris";"France";"";"";"";"";"";"";"";"";"";"";"02/06/2023";"";"Arnaud Hacquin, Simon Perusin";"IRT saint Exupery";"";"";"";"";"";"";"";"";"";"";"";"";"0000000883";"0";"Réalisé";"1";"528";"618";"doc_final";"527";"2023-07/1688460506-920-MAMA-salon-du-bourget-2023.pdf";"";"MAMA salon du bourget 2023";"";"0000000367";"1688460506";"1"
"619";"M075-9";"9";"M075";"communication";"Fabrication Additive multimatériaux et multiprocédés - AD'OCC (agence-adocc.com)";"";"";"Fabrication Additive multimatériaux et multiprocédés - AD'OCC (agence-adocc.com)";"18/04/2023";"18/04/2023";"TOulouse";"";"";"";"";"";"";"";"";"";"";"";"15/04/2023";"";"Thomas Gilles";"IRT Saint Exupery";"";"";"";"non";"";"";"";"";"";"";"";"";"0000000883";"0";"Réalisé";"1";"529";"619";"doc_final";"0";"2023-07/1688461369-771-Pr..sentation-GILLES-Thomas-IRT-for-AdOcc-SP-AH.pdf";"";"Présentation GILLES Thomas IRT for AdOcc-SP-AH";"";"0000000367";"1688461369";"1"
"620";"M075-10";"10";"M075";"communication";"La réparation par Fabrication Additive DED_OPTALM_30.03.23_Planches_MAMA";"";"";"La réparation par Fabrication Additive DED";"30/03/2023";"30/03/2023";"Toulouse";"";"";"";"";"";"";"";"";"";"";"";"";"";"";"";"";"";"";"";"";"";"";"";"";"";"";"";"0000000883";"0";"Réalisé";"1";"530";"620";"doc_final";"0";"2023-07/1688461575-687-La-r..paration-par-Fabrication-Additive-DED_OPTALM_30.03.23_Planches_MAMA.pdf";"";"La réparation par Fabrication Additive DED_OPTALM_30.03.23_Planches_MAMA";"";"0000000367";"1688461575";"1"
"621";"M075-11";"11";"M075";"communication";"Journée technologiques titane";"";"";"Journées Technologiques du Titane";"10/10/2023";"11/10/2023";"Lyon";"France";"https://www.francetitane.fr/save-the-date-journees-technologiques-titane-2023/";"";"";"";"";"";"";"";"07/07/2023";"";"";"";"Arnaud Hacquin, Simon Perusin";"IRT Saint Exupery";"";"";"";"";"";"";"";"";"";"";"";"";"0000000883";"0";"Réalisé";"1";"621";"621";"doc_publie";"0";"2023-10/1697444099-113-JTT-2023---MAMA.pptx";"";"";"";"0000000367";"1697444099";"1"
"622";"M014-8";"8";"M014";"communication";"Hight Temperature Oxidation of some Titanium and Nickel base Alloys During and After Their Additive Manufacturing Process";"";"";"Gordon Reasearch Conference";"16/07/2023";"21/07/2023";"New London";"United States";"";"";"";"";"";"";"";"";"";"";"";"";"N.Mrozowski, E.Epifano, D.Monceau, A.Prillieux, C.Desgranges, N.Leriche, M.Ravaioli";"IRT/CIRIMAT, CIRIMAT, CIRIMAT, IRT, SAFRAN, SAFRAN, IRT ";"";"";"";"";"";"";"";"";"";"";"";"";"0000001251";"0";"Réalisé";"1";"NULL";"NULL";"NULL";"NULL";"NULL";"";"NULL";"NULL";"NULL";"NULL";"NULL"
"634";"U005-1";"1";"U005";"communication";"Bilevel MDO Process Applied To Strut Braced Wing Configuration";"";"";"U-HARWARD Second Dissemination Event";"24/05/2023";"24/05/2023";"En ligne";"Italie";"https://www.u-harward-project.eu/dissemination/";"";"";"";"";"";"";"";"24/05/2023";"24/05/2023";"24/05/2023";"";"N. Roussouly, A. Gazaix, F. Gallard, M. Abouhamzeh, Y. Ma, A. Elham, A. Cea Esteban, R. Palacios, P. Nagy, M. Fossati, B. Jones, E. Minisci";"IRT, ADS/IRT, IRT, Université de Braunschweig, Université de Braunschweig, Université de Southampton, Imperial College London, Imperial College London, Aerospace Centre, Aerospace Centre, Aerospace Centre, Aerospace Centre";"";"";"";"";"";"";"";"";"";"";"";"";"0000000074";"0";"Réalisé";"1";"577";"634";"doc_final_extend";"0";"2023-08/1692796536-262-U-HARWARD_Second_Dissemination_Event_Announcement-.002..pdf";"";"Event Announcement";"";"0000000074";"1692796536";"1"
"636";"U005-3";"3";"U005";"communication";"Computational challenges in the modular design of future aircraft concepts with flutter constraints";"";"";"Aerobest 2023";"19/07/2023";"21/07/2023";"Lisbonne";"Portugal";"https://aerobest2023.idmec.tecnico.ulisboa.pt/";"";"";"";"";"";"";"";"12/05/2023";"17/05/2023";"02/06/2023";"";"Alvaro Cea, Rafael Palacios, Peter Nagy, Marco Fossati, Nicolas Roussouly";"Imperial College London, Imperial College London, Aerospace centre, Aerospace centre, IRT";"";"";"";"";"";"";"";"";"";"";"";"";"0000000074";"0";"Réalisé";"1";"554";"636";"doc_final";"0";"2023-08/1690872706-585-Computational_Challenges_in_the_Modular_Design_of_Future_Aircraft_Concepts_with_Flutter_Constraints-.002..pdf";"";"Computational challenges in the modular design of future aircraft concepts with flutter constraints";"";"0000001130";"1690872706";"1"
"638";"S087-4";"4";"S087";"communication";"How GEMSEO uses OpenTURNS";"";"";"OpenTURNS Users' DAy";"23/06/2023";"23/06/2023";"Aubiere";"France";"https://openturns.discourse.group/t/journee-utilisateurs-openturns/201";"";"";"";"";"";"";"";"28/04/2023";"28/04/2023";"28/06/2023";"";"Matthias DE LOZZO";"IRT";"";"";"";"non";"";"";"";"";"";"";"";"";"0000000074";"0";"Réalisé";"1";"1400";"638";"doc_publie";"0";"2025-12/1766392746-158-OpenTURNS-User-Day-2025---VF.pdf";"";"";"";"0000000074";"1766392746";"1"
"642";"S087-8";"8";"S087";"communication";"Bi-level MDO formulations";"";"";"3rd European Workshop on MDO";"20/09/2022";"21/09/2022";"Paris";"France";"";"";"";"";"";"";"";"";"";"";"";"";"Yann DAVID";"IRT";"";"";"";"";"";"";"";"";"";"";"";"";"0000001130";"0";"Réalisé";"1";"563";"642";"doc_final";"0";"2023-08/1690961015-908-Bi-level-MDO-formulations.pdf";"";"Bi-level MDO formulations";"";"0000001130";"1690961015";"1"
"643";"S087-9";"9";"S087";"communication";"Overview of MDO applications ";"";"";"3rd European Workshop on MDO";"20/09/2022";"21/09/2022";"Paris";"France";"";"";"";"";"";"";"";"";"";"";"";"";"Anne GAZAIX";"Airbus DS";"";"";"";"";"";"";"";"";"";"";"";"";"0000001130";"0";"Réalisé";"1";"564";"643";"doc_final";"0";"2023-08/1690961875-861-Overview-of-MDO-applications.pdf";"";"Overview of MDO applications";"";"0000001130";"1690961876";"1"
"650";"S087-13";"13";"S087";"communication";"A parametric benchmark problem for multidisciplinary design optimization under uncertainty";"";"";"Journées scientifiques de CIROQUO";"23/05/2022";"25/05/2022";"Saint-Martin d’Hères";"France";"https://ciroquo.ec-lyon.fr/evenements.html#:~:text=Les%20journ%C3%A9es%20Scientifiques%20du%20Consortium,avec%20les%20membres%20du%20projet.%20.";"";"";"";"";"";"";"";"";"";"";"";"Amine AZIZ-ALAOUI";"IRT/INSA";"";"";"";"non";"";"";"";"";"";"";"";"";"0000000074";"0";"Réalisé";"1";"1403";"650";"doc_publie";"0";"2025-12/1766398535-951-CIROQUO_poster.pptx";"";"";"";"0000000074";"1766398535";"1"
"651";"S087-14";"14";"S087";"communication";"GEMSEO: une librairie pour l'optimisation multi-disciplinaire (MDO)";"";"";"Capitole du Libre 2022";"19/11/2022";"20/11/2022";"Toulouse";"France";"https://2022.capitoledulibre.org/";"";"";"";"";"";"";"";"";"";"";"";"Antoine DECHAUME, Jean-Christophe GIRET";"IRT";"";"";"";"non";"";"";"";"";"";"";"";"";"0000000074";"0";"Réalisé";"1";"1404";"651";"doc_publie";"0";"2025-12/1766399166-213-GEMSEO_Capitole_du_Libre_v3.pptx";"";"";"";"0000000074";"1766399166";"1"
"652";"S087-15";"15";"S087";"communication";"GEMSEO: une bibliothèque pour l'optimisation multi-disciplinaire";"";"";"PyConFR 2023";"16/02/2023";"19/02/2023";"Bordeaux";"France";"https://www.pycon.fr/2023/";"";"";"";"";"";"";"";"";"08/01/2023";"";"";"Jean-Christophe GIRET";"IRT";"";"";"";"non";"";"";"";"";"";"";"";"";"0000000074";"0";"Réalisé";"1";"1405";"652";"doc_publie";"0";"2025-12/1766399979-137-PyConFR_2023.pdf";"";"";"";"0000000074";"1766399979";"1"
"654";"S087-16";"16";"S087";"communication";"A Model-Based System Engineering approach for multi-disciplinary analysis and design optimisation processes definition";"";"";"CSD&M 2022";"15/12/2022";"16/12/2022";"Paris";"France";"https://cesam.community/fr/csdm-paris-2022/";"";"";"";"";"";"";"";"";"";"02/09/2022";"";"Romaric Demachy, Mickael Guillen, Anne Gazaix, Vincent Ambert, Jean Christophe Giret, Louis Jayez, Joël Brezillon";"IRT, Capgemini/IRT, ADS/IRT, Expleo/IRT, IRT, Capgemini/IRT, ADS";"";"";"";"non";"";"";"";"";"";"";"";"";"0000000074";"0";"Réalisé";"1";"1406";"654";"doc_publie";"0";"2025-12/1766400671-124-An-MBSE-approach-for-Multi-Disciplinary-Analysis-and-Design-Optimisation-processes-definition---final.pdf";"";"";"";"0000000074";"1766400671";"1"
"661";"E009-1";"1";"E009";"communication";"GANRET project presentation";"";"";"17e EDITION DE DECIELEC EMBEDDED SYSTEMS";"19/09/2023";"21/09/2023";"Toulouse";"France";"https://www.decielec.com/fr/informations-pratiques/programme-general";"";"";"";"";"";"";"";"";"";"";"";"Valeria Rustichelli, Moustafa Zerarka, Mohamed Matmat, Fabio Coccetti";"IRT Saint Exupéry";"";"";"";"non";"";"";"";"";"";"";"";"";"0000000821";"0";"Réalisé";"1";"586";"661";"doc_final";"0";"2023-09/1694505812-310-Presentation-GANRET-DECIELEC-2023.pdf";"";"Présentation du projet GANRET au congrès DECIELEC 2023";"";"0000000821";"1694505812";"1"
"662";"S017-5";"5";"S017";"communication";"Avancement ANR";"";"";"";"01/02/2023";"01/02/2023";"";"";"";"";"";"";"";"";"";"";"";"";"";"";"Jules-Edouard Denis";"";"";"";"";"";"";"";"";"";"";"";"";"";"0000001139";"0";"Réalisé";"1";"587";"662";"doc_final";"0";"2023-09/1694506854-265-irt_saintexupery_pjt_DIGITWIX_avancement_20221231_R1V1.doc";"";"Rapport d'avancement ANR 2022";"";"0000001139";"1694506854";"1"
"670";"E005-1";"1";"E005";"communication";"Etude du comportement mécanique d’alliages de brasure SnAgCu : approche numérique et expérimentale, prise en compte des effets du vieillissement";"";"";"ANADEF Groupe Sans Plomb";"19/09/2023";"19/09/2023";"Paris";"France";"";"";"";"";"";"";"";"";"12/09/2023";"13/09/2023";"15/09/2023";"";"Houda FRIAA";"IRT Saint Exupéry";"";"";"";"";"";"";"";"";"";"";"";"";"0000000296";"0";"Réalisé";"1";"612";"670";"doc_final";"609";"2023-09/1695378872-785-ANADEF-SP_22.09.2023_Houda-FRIAA.pdf";"";"Présentation de début de Post-Doc auprès du groupe Sans Plomb de l'ANADEF";"";"0000000397";"1695378872";"1"
"671";"S005-4";"4";"S005";"communication";"sLET for distributed aerospace landing system";"";"";"DATE 2024";"25/03/2024";"27/03/2024";"Valencia";"Spain";"https://www.date-conference.com/";"";"";"";"";"";"";"";"10/09/2023";"14/11/2023";"17/01/2024";"";"Damien CHABROL, Guillaume PHAVORINN, Eric JENN";"ASTERIOS Technologies, ASTERIOS Technologies,  IRT Saint-Ex.";"";"";"";"";"";"";"";"";"";"";"";"";"0000000084";"0";"Réalisé";"1";"597";"671";"doc_final";"0";"2023-09/1694766829-157-DATE-sLET-for-distributed-aerospace-braking-system_v0c.pdf";"";"sLET for distributed aerospace landing system";"";"0000000084";"1694766829";"1"
"684";"M014-9";"9";"M014";"communication";"HIPPOME Installation of a HIP atmosphere monitoring system: IRT case study";"";"";"Quintus Care Tech Seminar";"19/09/2023";"20/09/2023";"Vasteras";"Suede";"";"";"";"";"";"";"";"";"";"";"";"";"Mauro RAVAIOLI";"IRT SAINTEXUPERY";"";"";"";"non";"";"";"";"";"";"";"";"";"0000001251";"0";"Réalisé";"1";"607";"684";"doc_final";"0";"2023-09/1695308476-912-2023_HIPPOME_Quintus-Care-tech-seminar_RAVAIOLI_presentation.pdf";"";"HIPPOME Installation of a HIP atmosphere monitoring system: IRT case study";"";"0000000832";"1695308476";"1"
"690";"S001-13";"13";"S001";"communication";"Workshop Public EDEN";"";"";"EDEN public event";"28/09/2023";"28/09/2023";"Toulouse";"France";"";"";"";"";"";"";"";"";"";"";"";"";"Damien Fruchard, André Auzi, Philippe Prilleux, Philippe Cuenot, Massimo Barberro, Quentin Bailleul, Morgane Roques, Christophe Fradet";"Airbus DS, Thales Avionics, Airbus, Continental Automotive, Thales Alenia Space, IRT, IRT, IRT";"";"";"";"";"";"";"";"";"";"";"";"";"0000000084";"0";"Réalisé";"1";"616";"690";"doc_final";"0";"2023-09/1695978940-915-EDEN-Public-Workshop.7z";"";"EDEN public Workshop du 28.09.2023";"Documenté présente le 28.09.2023";"0000000049";"1695978940";"1"
"699";"S001-14";"14";"S001";"communication";"Présentation groupe de travail SAVOIR de l'ESA";"";"";"ESA WorkGroup SAVOIR";"10/10/2023";"10/10/2023";"";"Hollande";"";"";"";"";"";"";"";"";"";"";"10/10/2023";"";"Massimo Barbero, Philippe Cuenot, Damien Fruchard, Thierry Ledier";"TAS, Continental, ADS, Réalité Virtuelle";"";"";"";"non";"";"";"";"";"";"";"";"";"0000000084";"0";"Réalisé";"1";"619";"699";"doc_publie";"0";"2023-10/1697047116-539-2023_MOSC_Massimo_Barbero_and_all_Presentation_ESA_WG_SAVOIR_20231010.pdf";"";"";"";"0000000049";"1697047116";"1"
"713";"S003-1";"1";"S003";"communication";"Conclusion du projet S2C et perspectives du projet COSMOS : Comment s’assurer de la cohérence IS / RAMS";"";"";"Matinale LGM";"17/10/2023";"17/10/2023";"Vélizy-Villacoublay";"FRANCE";"";"";"";"";"";"";"";"";"";"";"";"";"Perrin , Baclet, Dobol";"LGM, IRT, Safran";"";"";"";"non";"";"";"";"";"";"";"";"";"0000001394";"0";"Réalisé";"1";"631";"713";"doc_final";"0";"2023-10/1697628340-361-Matinale_LGM_octobre2023_ProjetS2C.pptx";"";"Conclusion du projet S2C et perspectives du projet COSMOS : Comment s’assurer de la cohérence IS / RAMS";"";"0000000289";"1697628340";"1"
"886";"V053-4";"4";"V053";"communication";"Ensuring the Reliability of AI Systems through Methodological Processes";"";"";"QRS 2024";"01/07/2024";"05/07/2024";"Cambridge";"UK";"https://qrs24.techconf.org/";"";"";"";"";"";"";"";"";"";"";"";"Afef Awadid, Xavier Le Roux, Boris Robert, Morayo Adedjouma, Eric Jenn";"IRT SystemX, Thales, IRT Saint-Ex, CEA, IRT Saint-EX";"";"";"";"non";"";"";"";"";"";"";"";"";"0000000084";"0";"Réalisé";"1";"942";"886";"doc_final";"0";"2024-09/1727279550-413-QRS_2024.pdf";"";"";"";"0000000289";"1727279550";"1"
"720";"A023-8";"8";"A023";"communication";"Carbon fiber-reinforced vitrimer composites for aerospace applications";"";"";"Séminaire COMET CNES Matériaux & Durabilité";"13/06/2023";"14/06/2023";"Toulouse";"France";"https://www.irt-saintexupery.com/fr/seminaire-materiaux-durabilite/";"";"";"";"";"";"";"";"";"09/06/2023";"12/06/2023";"";"Vincent Schenk , Mathias Destarac , Marc Guerre, Karine Labastie, Philippe Olivier.";"IRT;IMRCP; IMRCP; IRT; ICA";"";"";"";"non";"";"";"";"";"";"";"";"";"0000000897";"0";"Réalisé";"1";"641";"720";"doc_final";"0";"2023-10/1698152074-973-Pr..sentation-COMET-CNES-14-06-23-V.-SCHENK.pdf";"";"Carbon fiber-reinforced vitrimer composites for aerospace applications";"";"0000000962";"1698152074";"1"
"722";"A023-10";"10";"A023";"communication";"Vitrimer composites for aeronautics";"";"";"Polymères & Composites";"12/09/2023";"14/09/2023";"Toulouse";"France";"https://pc2023.sciencesconf.org/";"";"";"";"";"";"";"";"04/07/2023";"05/07/2023";"03/09/2023";"";"Vincent Schenk , Mathias Destarac , Marc Guerre, Karine Labastie, Philippe Olivier.";"IRT;IMRCP; IMRCP; IRT; ICA";"";"";"";"non";"";"";"";"";"";"";"";"";"0000000897";"0";"Réalisé";"1";"643";"722";"doc_final";"0";"2023-10/1698152813-445-P.C-23-V.-SCHENK-14-09-23.pdf";"";"Vitrimer composites for aeronautics";"";"0000000962";"1698152813";"1"
"733";"M031-41";"41";"M031";"communication";"Oxydation à haute température (500-600°C) sous air de l’alliage TA6V élaboré par fabrication additive";"";"";"Matériaux 2018";"19/11/2018";"23/11/2018";"Strasbourg";"France";"";"";"";"";"";"";"";"";"";"";"";"";"Casadebaigt, Antoine ; Hugues, Jonathan and Monceau, Daniel";"IRT Saint Exupéry, Toulouse (France) ; CIRIMAT, Toulouse (France) // IRT Saint Exupéry, Toulouse (France) // CIRIMAT, Toulouse (France)";"";"";"";"non";"";"";"";"";"";"";"";"";"0000000089";"0";"Réalisé";"1";"661";"733";"doc_publie";"0";"2023-11/1699373528-876-2018_MMP_CASADEBAIGT_Oxydation-haute-temp..rature_Materiaux2018.pdf";"";"";"";"0000000832";"1699373528";"1"
"734";"M031-42";"42";"M031";"communication";"Influence de l'état de surface et de la microstructure sur la cinétique d'oxydation d'échantillons en TA6V élaborés par fabrication additive";"";"";"JECH (Journée d'Etude sur la Cinétique Hétérogène)";"29/03/2018";"30/03/2018";"Dijon";"France";"";"";"";"";"";"";"";"";"";"";"";"";"Casadebaigt, Antoine ; Monceau, Daniel and Hugues, Jonathan";"IRT Saint Exupéry, Toulouse (France) // CIRIMAT, Toulouse (France) // IRT Saint Exupéry, Toulouse (France)";"";"";"";"";"";"";"";"";"";"";"";"";"0000000089";"0";"Réalisé";"1";"663";"734";"doc_publie";"0";"2023-11/1699373725-476-Pr..sentation_JECH_2018_Casadebaigt.pdf";"";"";"";"0000000832";"1699373725";"1"
"735";"M031-43";"43";"M031";"communication";"Influence of defects on the fatigue behavior of AlSi7Mg0.6 aluminium alloy obtained by SLM";"";"";"ESIAM19 (1st European Conference on Structural Integrity of Additively Manufactured Materials)";"09/09/2018";"11/09/2019";"Trondheim";"Norway";"";"";"";"";"";"";"";"";"";"";"";"";"Bonneric, Mathieu ; Brugger, Charles and Saintier, Nicolas";"IRT Saint Exupéry, Toulouse (France) ; I2M (Institut de Mécanique et d'Ingénierie), Bordeaux (France) // I2M (Institut de Mécanique et d'Ingénierie), Bordeaux (France) // I2M (Institut de Mécanique et d'Ingénierie), Bordeaux (France)";"";"";"";"";"";"";"";"";"";"";"";"";"0000000089";"0";"Réalisé";"1";"665";"735";"doc_publie";"0";"2023-11/1699373920-360-2019_MAT_BONNERIC_Influence-of-defects-on-the-fatigue-behavior-of-AlSi7Mg0.6-aluminium-alloy-obtained-by-SLM-VF.pdf";"";"";"";"0000000832";"1699373920";"1"
"736";"M031-44";"44";"M031";"communication";"High temperature oxidation of Ti-6Al-4V alloy fabricated by Laser and Electron Beam Melting";"";"";"GORDON Research Conference - High temperature corrosion";"21/07/2019";"26/07/2019";"New London";"USA";"";"";"";"";"";"";"";"";"";"";"";"";"Casadebaigt, Antoine ; Monceau, Daniel and Hugues, Jonathan";"IRT Saint Exupéry, Toulouse (France) ; CIRIMAT, Toulouse (France) // CIRIMAT, Toulouse (France) // IRT Saint Exupéry, Toulouse (France)";"";"";"";"non";"";"";"";"";"";"";"";"";"0000000089";"0";"Réalisé";"1";"667";"736";"doc_publie";"0";"2023-11/1699374256-547-2019_MAT_Casadebaigt_High-temperature-oxidation-of-Ti64-alloy-fabricated-by-LBM-and-EBM_VF.pdf";"";"";"";"0000000832";"1699374256";"1"
"737";"M031-45";"45";"M031";"communication";"High temperature oxidation of Ti-6Al-4V alloy fabricated by additive manufacturing. Influence on mechanical properties.";"";"";"Ti-2019 (14th World Conference on Titanium 2019)";"10/06/2019";"14/06/2019";"Nantes";"France";"";"";"";"";"";"";"";"";"";"";"";"";"Casadebaigt, Antoine ; Monceau, Daniel and Hugues, Jonathan";"IRT Saint Exupéry, Toulouse (France) ; CIRIMAT, Toulouse (France) // CIRIMAT, Toulouse (France) // IRT Saint Exupéry, Toulouse (France)";"";"";"";"non";"";"";"";"";"";"";"";"";"0000000089";"0";"Réalisé";"1";"669";"737";"doc_publie";"0";"2023-11/1699374506-373-2018_MAT_Casadebaigt_HIGH-TEMPERATURE-OXIDATION-OF-TI-6AL-4V-ALLOY-FABRICATED-BY-ADDITIVE-MANUFACTURING.-INFLUENCE-ON-MECHANICAL-PROPERTIES_Titanium_V0.pdf";"";"";"";"0000000832";"1699374506";"1"
"738";"M031-46";"46";"M031";"communication";"Phase Transformation in Ti64 alloy elaborated by powder bed fusion";"";"";"EUROMAT 2019 (European Congress and Exhibition on Advanced Materials and Processes)";"01/09/2019";"05/09/2019";"Stockholm";"Sweden";"";"";"";"";"";"";"";"";"";"";"";"";"Dupressoire, Charlotte ; Hugues, Jonathan ; Dehmas, Moukrane and Alexis, Joël";"IRT Saint Exupéry, Toulouse (France) // IRT Saint Exupéry, Toulouse (France) // CIRIMAT, Toulouse (France) // LGP, Tarbes (France)";"";"";"";"non";"";"";"";"";"";"";"";"";"0000000089";"0";"Réalisé";"1";"671";"738";"doc_publie";"0";"2023-11/1699374696-925-2019_MAT_Dupressoire_Phase-Transformation-in-Ti64-alloy-in-powder-bed-fusion_EUROMAT2019_VF.pdf";"";"";"";"0000000832";"1699374696";"1"
"739";"M031-47";"47";"M031";"communication";"Etude des transformations de phases de l’alliage Ti-6Al-4V transformé par fabrication additive";"";"";"Journées Annuelles 2019 de la SF2M (Société Française de Métallurgie et de Matériaux)";"21/10/2019";"23/10/2019";"Paris";"France";"";"";"";"";"";"";"";"";"";"";"";"";"Dupressoire, Charlotte ; Hugues, Jonathan ; Dehmas, Moukrane and Alexis, Joël";"IRT Saint Exupéry, Toulouse (France) // IRT Saint Exupéry, Toulouse (France) // CIRIMAT, Toulouse (France) // LGP, Tarbes (France)";"";"";"";"non";"";"";"";"";"";"";"";"";"0000000089";"0";"Réalisé";"1";"673";"739";"doc_publie";"0";"2023-11/1699375046-424-2019_MAT_Dupressoire_Etude-des-transformations-de-phases-de-l...alliage-TA6V-_SF2M2019_V0.pdf";"";"";"";"0000000832";"1699375046";"1"
"740";"M031-48";"48";"M031";"communication";"Influence des traitements thermiques sur les propriétés de l’alliage AlSi7Mg0,6 transformé par fabrication additive";"";"";"Journées Annuelles 2019 de la SF2M (Société Française de Métallurgie et de Matériaux)";"21/10/2019";"23/10/2019";"Paris";"France";"";"";"";"";"";"";"";"";"";"";"";"";"Galy, Cassiopée ; Agullo, Jean-Marc and Hugues, Jonathan";"IRT Saint Exupéry, Toulouse (France) // IRT Saint Exupéry, Toulouse (France) ; Airbus D&S, Toulouse (France) // IRT Saint Exupéry, Toulouse (France)";"";"";"";"";"";"";"";"";"";"";"";"";"0000000089";"0";"Réalisé";"1";"675";"740";"doc_publie";"0";"2023-11/1699375260-896-2019_MAT_Galy_Influence-des-traitements-thermiques-pou-lAS7G06-en-ALM-_SF2M2019_V1.pdf";"";"";"";"0000000832";"1699375260";"1"
"741";"M031-49";"49";"M031";"communication";"Développement d’un banc expérimental pour de l’analyse et du contrôle in-situ autour du procédé de fusion sélective par laser";"";"";"S.mart 2019 (16e colloque national Systems. Manufacturing. Academics. Resources. Technologies)";"03/04/2019";"05/04/2019";"Les Karellis";"France";"";"";"";"";"";"";"";"";"";"";"";"";"Kromer, Robin ; Lacoste, Eric ; Gruhier, Elise ; Perry, Nicolas and Agullo, Jean-Marc";"IRT Saint Exupéry, Toulouse (France) ; I2M (Institut de Mécanique et d'Ingénierie), Bordeaux (France) // I2M (Institut de Mécanique et d'Ingénierie), Bordeaux (France) // I2M (Institut de Mécanique et d'Ingénierie), Bordeaux (France) // I2M (Institut de M";"";"";"";"non";"";"";"";"";"";"";"";"";"0000000089";"0";"Réalisé";"1";"677";"741";"doc_publie";"0";"2023-11/1699375479-264-2019_MAT_KROMER_D..veloppement-d...un-banc-exp..rimental-pour-de-l...analyse-et-du-contr..le-insitu_S-MART2019_V0.pdf";"";"";"";"0000000832";"1699375479";"1"
"742";"M031-50";"50";"M031";"communication";"Effets d’épaisseur d’une paroi sur la microstructure de l’alliage 718 produit par procédé Laser Beam Melting";"";"";"Journées Annuelles 2019 de la SF2M (Société Française de Métallurgie et de Matériaux)";"21/10/2019";"21/10/2019";"Paris";"France";"";"";"";"";"";"";"";"";"";"";"";"";"Max, Bertrand and Callahan, Michael";"IRT Saint Exupéry, Toulouse (France) // IRT Saint Exupéry, Toulouse (France)";"";"";"";"non";"";"";"";"";"";"";"";"";"0000000089";"0";"Réalisé";"1";"679";"742";"doc_publie";"0";"2023-11/1699375724-520-2019_MAT_Callahan_Effets-d.....paisseur-_SF2M2019_V0.pdf";"";"";"";"0000000832";"1699375724";"1"
"743";"M031-51";"51";"M031";"communication";"Comparaison de méthodes de caractérisation de la porosité dans des pièces issues de procédés de fabrication additive métallique";"";"";"Journées Annuelles 2019 de la SF2M (Société Française de Métallurgie et de Matériaux)";"21/10/2019";"23/10/2019";"Paris";"France";"";"";"";"";"";"";"";"";"";"";"";"";"Tranchand, Benoit ; Galy, Cassiopée and El Boutaybi, Belal";"IRT Saint Exupéry, Toulouse (France) // IRT Saint Exupéry, Toulouse (France) // IRT Saint Exupéry, Toulouse (France)";"";"";"";"";"";"";"";"";"";"";"";"";"0000000089";"0";"Réalisé";"1";"681";"743";"doc_publie";"0";"2023-11/1699376086-534-2019_MAT_Tranchand_Comparaison-de-m..thodes-de-caract..risation-de-la-porosit..-_SF2M2019_V0.pdf";"";"";"";"0000000832";"1699376086";"1"
"746";"M031-52";"52";"M031";"communication";"Influence of the fine microstructure on the mechanical properties of an Al-Si-Mg elaborated by Laser Beam Melting";"";"";"ICAA17";"26/10/2020";"29/10/2020";"Grenoble";"France";"";"";"";"";"";"";"";"";"";"";"";"";"Nicolas BELLO, Cassiopée GALY, Céline LARIGNON, Simon PERUSIN and Joël DOUIN";"IRT Saint Exupéry,  CEMES Université de Toulouse";"";"";"";"";"";"";"";"";"";"";"";"";"0000000089";"0";"Réalisé";"1";"684";"746";"doc_publie";"0";"2023-11/1699438672-645-2020_MAT_Bello_Influence-microstructure-mechanical-properties-Al-Si-Mg-elaborated-by-Laser-Beam-Melting_ICCA_V1.pdf";"";"";"";"0000000832";"1699438672";"1"
"758";"E039-44";"44";"E039";"communication";"DAB Converter Design ";"";"";"Seminaire aux étudiants de Master et Doctorat du PPGEE/UFMG (2023)";"20/10/2023";"20/10/2023";"Belo Horizonte";"Brésil";"";"";"";"";"";"";"";"";"";"";"";"";"Bernardo Cougo";"IRT Saint-Exupery";"";"";"";"";"";"";"";"";"";"";"";"";"0000000046";"0";"Réalisé";"1";"697";"758";"doc_final";"0";"2023-11/1699957351-763-Keynote-Presentation---SiC-GaN-Mat-Mag-and-DAB-converter---COUGO---Pour-Diffusion.pdf";"";"Course slides";"";"0000000046";"1699957351";"1"
"762";"V075-42";"42";"V075";"communication";"CRAFT: Concept Recursive Activation FacTorization for Explainability";"";"";"Workshop: explanations meet uncertainties";"19/09/2023";"19/11/2023";"Arras";"France";"https://www.cril.univ-artois.fr/ecsqaru23/workshop/";"";"";"";"";"";"";"";"19/07/2023";"15/08/2023";"";"";"Agustin Picard";"IRT Saint-Exupéry";"";"";"";"non";"";"";"";"";"";"";"";"";"0000000816";"0";"Réalisé";"1";"701";"762";"doc_final";"0";"2023-11/1699976613-133-Craft_Workshop_CVPR.pdf";"";"CRAFT: Concept Recursive Activation FacTorization for Explainability";"Oral presentation of the Craft paper that was accepted and presented at CVPR2023.";"0000000816";"1699976613";"1"
"766";"A097-1";"1";"A097";"communication";"Lipschitz Neural Networks for generalization bounds in function approximation";"";"";"CEMRACS";"22/08/2023";"23/11/2023";"Marseille";"France";"http://smai.emath.fr/cemracs/cemracs23/informations.html";"";"";"";"";"";"";"";"";"";"22/08/2023";"";"Paul Novello";"";"";"";"";"";"";"";"";"";"";"";"";"";"0000001149";"0";"Réalisé";"1";"704";"766";"doc_final";"0";"2023-11/1700473141-478-LipschitzError-.1..pdf";"";"";"";"0000001149";"1700473141";"1"
"767";"E034-5";"5";"E034";"communication";"Thermal aging of enameled wire: dielectric markers and structural properties drift correlation";"";"";"2022 IEEE 4th International Conference on Dielectrics (ICD)";"03/07/2022";"07/07/2022";"Palerme";"Italie";"https://ieeexplore.ieee.org/xpl/conhome/9863422/proceeding";"";"";"";"";"";"";"";"";"";"";"";"Louiza Fetouhi; Marie Sabatou; Mateusz Sczcepanski; Samuel Pin; Cécilien Thomas; Guillaume Belijar";"IRT Saint-Exupéry, France; Nidec-Leroy Somer (Angoulême-France), France;";"";"";"";"non";"";"";"";"";"";"";"";"";"0000001274";"0";"Réalisé";"1";"888";"767";"doc_final";"886";"2024-07/1720702902-530-ICD_IEEE_FETOUHI_SABATOU_SZCZEPANSKI_PIN_THOMAS_BELIJAR.pdf";"";"";"";"0000000383";"1720702902";"1"
"768";"E034-6";"6";"E034";"communication";"Simulation analysis of partial discharge in random wounding insulation systems in aeronautical  conditions";"";"";"2022 IEEE 4th International Conference on Dielectrics (ICD)";"03/07/2022";"07/07/2022";"Palerme";"Italie";"https://ieeexplore.ieee.org/xpl/conhome/9863422/proceeding";"";"";"";"";"";"";"";"";"";"";"";"Cyril Van de Steen; Cédric Abadie; Guillaume Belijar";"IRT Saint Exupery, France";"";"";"";"non";"";"";"";"";"";"";"";"";"0000001274";"0";"Réalisé";"1";"887";"768";"doc_final";"0";"2024-07/1720702077-202-IEEE_ICD2022_Van_de_Steen_ID1544.pdf";"";"";"";"0000000383";"1720702077";"1"
"769";"E034-7";"7";"E034";"communication";"How does PDIV change during isothermal ageing of magnet wire";"";"";"2022 IEEE 40th Electrical Insulation Conference (EIC)";"19/06/2022";"22/06/2022";"Knoxville";"USA";"https://ieeedeis.org/event/eic-2022/";"";"";"";"";"";"";"";"";"";"";"";"M. Szczepanski; L. Fetouhi; M. Sabatou; S. Dreuilhe; S. Pin; C. Van de Steen; G. Belijar";"IRT Saint Exupéry; Nidec Leroy-Somer";"";"";"";"non";"";"";"";"";"";"";"";"";"0000001274";"0";"Réalisé";"1";"890";"769";"doc_final";"0";"2024-07/1720704292-596-How-does-PDIV-change-during-isothermal-aging-of-magnet-wire.pdf";"";"";"";"0000000383";"1720704292";"1"
"770";"E034-8";"8";"E034";"communication";"Lifetime estimation of type I random-wound electrical machines under active thermal cycling";"";"";"	2022 IEEE 40th Electrical Insulation Conference (EIC)";"19/06/2022";"22/06/2022";"22/06/2022";"USA";"https://ieeedeis.org/event/eic-2022/";"";"";"";"";"";"";"";"";"";"";"";"S. Pin. S; Dreuilhe; L. Fetouhi; M. Szczepanski; S. Stemmer; G. Belijar";" IRT Saint Exupéry, France; NIDEC Leroy-Somer";"";"";"";"";"";"";"";"";"";"";"";"";"0000001274";"0";"Réalisé";"1";"NULL";"NULL";"NULL";"NULL";"NULL";"";"NULL";"NULL";"NULL";"NULL";"NULL"
"772";"E034-9";"9";"E034";"communication";"Aging study in electromechanical chain: design of experiment definition using step stress tests";"";"";"2022 IEEE 40th Electrical Insulation Conference (EIC)";"19/06/2022";"22/06/2022";"Knoxville";"USA";"https://ieeedeis.org/event/eic-2022/";"";"";"";"";"";"";"";"";"";"";"";"S. Pin; M. Sabatou; M. Szczepanski; S. Dreuilhe; L. Fetouhi; G. Belijar";"IRT Saint Exupéry, France; Leroy Somer, France";"";"";"";"";"";"";"";"";"";"";"";"";"0000001274";"0";"Réalisé";"1";"NULL";"NULL";"NULL";"NULL";"NULL";"";"NULL";"NULL";"NULL";"NULL";"NULL"
"773";"E034-10";"10";"E034";"communication";"Vieillissement multi-contrainte HVDC / Température : méthodologie, protocole et observables";"";"";"2023 Journées Scientifiques du Groupe de Travail « Matériaux Diélectriques » du GdR SEEDS ";"03/04/2023";"04/04/2023";"Lyon";"France";"https://materiauxdielec23.sciencesconf.org/";"";"";"";"";"";"";"";"";"";"";"";"C. Thomas; S. Pin";"IRT St-Exupéry, Toulouse";"";"";"";"";"";"";"";"";"";"";"";"";"0000001274";"0";"Réalisé";"1";"NULL";"NULL";"NULL";"NULL";"NULL";"";"NULL";"NULL";"NULL";"NULL";"NULL"
"774";"E034-11";"11";"E034";"communication";"Influence de la forme d’onde sur le vieillissement et l’activité DP";"";"";"2022 Journées Scientifiques sur les Décharges Electriques et Matériaux Isolants ";"28/04/2022";"29/04/2022";"Grenoble";"France";"https://materiauxdielec.sciencesconf.org/";"";"";"";"";"";"";"";"";"";"";"";"C. Abadie";"IRT St-Exupéry, Toulouse";"";"";"";"non";"";"";"";"";"";"";"";"";"0000001274";"0";"Réalisé";"1";"891";"774";"doc_final";"0";"2024-07/1720706047-974-Influence-de-la-forme-d...onde-sur-le-vieillissement-et-l...activit..-DP.pdf";"";"";"";"0000000383";"1720706047";"1"
"775";"E034-12";"12";"E034";"communication";"Scale change approach to monitor the thermo-oxidative degradation of electrical insulation for rotating machine";"";"";"2024 IEEE International Conference on Dielectrics";"30/06/2024";"04/07/2024";"Toulouse";"France";"https://ieee-icd.org/";"";"";"";"";"";"";"";"";"";"";"";"A. Rubio; S. Diaham; N. Lahoud Dignat; L. Fetouhi; G. Belijar; S. Pin; Z. Valdez-Nava";"IRT Saint Exupéry, Toulouse, France; LAPLACE, University of Toulouse, CNRS, INPT, UPS, Toulouse, France";"";"";"";"non";"";"";"";"";"";"";"";"";"0000001274";"0";"Réalisé";"1";"779";"775";"doc_final";"0";"2024-03/1709653030-269-ICD_IEEE_RUBIO_DIAHAM_LAHOUD_FETOUHI_BELIJAR_PIN_VALDEZ.pdf";"";"ale change approach to monitor the thermooxidative degradation of electrical insulation for  rotating machine";"";"0000000383";"1709653030";"1"
"776";"E034-13";"13";"E034";"communication";"Erosion of polymers by partial discharge at  atmospheric pressure";"";"";"2024 IEEE International Conference on Dielectrics (ICD)";"30/06/2024";"04/07/2024";"Toulouse";"France";"https://ieee-icd.org/";"";"";"";"";"";"";"";"";"";"";"";"H. Lagarrigue; A. Belinger; N.Naudé; G. Belijar; M. Jebli; C. Abadie";"IRT Saint Exupéry; LAPLACE, Université de Toulouse, CNRS, INPT, UPS, Toulouse, France ";"";"";"";"non";"";"";"";"";"";"";"";"";"0000001274";"0";"Réalisé";"1";"777";"776";"doc_final";"0";"2024-03/1709314926-112-ICD_IEEE_LAGARRIGUE_BELINGER_NAUDE_BELIJAR_JEBLI.pdf";"";"Erosion of polymers by partial discharge at atmospheric pressure";"";"0000000383";"1709314926";"1"
"777";"E034-14";"14";"E034";"communication";"Effect of Atmospheric Air Pressure and Electrode  Curvature on Air Breakdown Voltage & Surface  Flashover of Solid Dielectric with Same Clearance  & Creepage Distances";"";"";"2024 IEEE International Conference on Dielectrics (ICD)";"30/06/2024";"04/07/2024";"Toulouse";"France";"https://ieee-icd.org/";"";"";"";"";"";"";"";"";"";"";"";"Mohammed El Amine SLAMA, Guillaume BELIJAR, Mourad JEBLI & Michaël DARQUES";"IRT Saint Exupéry, Toulouse, France";"";"";"";"non";"";"";"";"";"";"";"";"";"0000001274";"0";"Réalisé";"1";"787";"777";"doc_final";"0";"2024-03/1710771006-502-ICD_IEEE_SLAMA_BELIJAR_JEBLI_DARQUES.pdf";"";"";"";"0000000383";"1710771006";"1"
"778";"E034-15";"15";"E034";"communication";"Lifetime investigations on insulating materials for High Voltage DC airborne applications";"";"";"2024 IEEE International Conference on Dielectrics (ICD)";"30/06/2024";"04/07/2024";"Toulouse";"France";"";"";"";"";"";"";"";"";"";"";"";"";" Jean Rivenc (1); Cécilien Thomas (2); Samuel Pin (2); Mourad Jebli (2); Guillaume Belijar (2); Jean-Charles Laurentie (3); Serge Agnel (3); Jérôme Castellon (3); Frédéric Forget (1); Romain Magnan (1); Léa Pommier (1); Bastien Neveux (1); Emilie Fond (4)";"";"";"";"";"non";"";"";"";"";"";"";"";"";"0000001274";"0";"Réalisé";"1";"780";"778";"doc_final";"0";"2024-03/1709654114-238-ICD_IEEE_RIVENC_ET_AL.pdf";"";"Lifetime investigations on insulating materials for  High Voltage DC airborne applications";"";"0000000383";"1709654114";"1"
"785";"U006-6";"6";"U006";"communication";"Cross-border 5G Seamless Connectivity for Connected and Automated Mobility: Challenges, Network Implementation, and Lessons Learnt";"";"";"IEEE Future Networks World Forum";"13/11/2023";"15/11/2023";"Baltimore";"Etats Unis";"https://fnwf2023.ieee.org/";"";"";"";"";"";"";"";"01/09/2023";"22/10/2023";"23/10/2023";"";"Dr. Francisco Vázquez-Gallego, Dr. Jad Nasreddine, Dr. Estela Carmona-Cejudo, Dr. Yuri Murillo, Dr. Ricard Vilalta, Mr. Philippe Veyssiere, Mr. Michail Dalgitsis, Dr. Maria A. Serrano, Dr. Angelos Antonopoulos, Mr. Javier Polo, Mrs. Judit Bastida and Mr. ";"I2cat, I2cat, I2cat, I2cat, IRT, Nearbycomputing, Nearbycomputing, IEEE, cellnex, cellnex and cellnex";"";"";"";"";"";"";"";"";"";"";"";"";"0000000989";"0";"Réalisé";"1";"722";"785";"doc_final";"0";"2023-11/1700649270-629-5GMED_IEEE_FutureNetworks_2023_vFINAL.pdf";"";"Cross-border 5G Seamless Connectivity for Connected and Automated Mobility: Challenges, Network Implementation, and Lessons Learnt";"";"0000000989";"1700649270";"1"
"792";"E034-16";"16";"E034";"communication";"Unveiling Internal Partial Discharges in Wiring and Cable Systems with Novel Testing Method";"";"";"2024 IEEE International Conference on Dielectrics (ICD)";"30/06/2024";"04/07/2024";"Toulouse";"France";"https://ieee-icd.org/";"";"";"";"";"";"";"";"";"";"";"";"Youcef KEMARI, Guillaume BELIJAR, Cédric ABADIE";"IRT Saint Exupéry";"";"";"";"non";"";"";"";"";"";"";"";"";"0000001274";"0";"Réalisé";"1";"772";"792";"doc_final";"0";"2024-03/1709288704-650-ICD_IEEE_KEMARI_BELIJAR_ABADIE_ID1221.pdf";"";"Unveiling Internal Partial Discharges in Wiring and  Cable Systems with Novel Testing Method";"";"0000000383";"1709288704";"1"
"797";"M021-1";"1";"M021";"communication";"Carbon fiber-reinforced vitrimer composites for aerospace applications";"";"";"COMET 2023";"14/06/2023";"14/12/2023";"Toulouse";"France";"";"";"";"";"";"";"";"";"";"";"";"";"Vincent Schenck";"IRT, SOFTMAT";"";"";"";"";"";"";"";"";"";"";"";"";"0000000897";"0";"Réalisé";"1";"730";"797";"doc_final";"0";"2023-12/1702631981-283-Pr..sentation-COMET-CNES-14-06-23-V.-SCHENK-final.pdf";"";"";"";"0000000897";"1702631981";"1"
"798";"M021-2";"2";"M021";"communication";"Pitch projet EVERGREEN";"";"";"4R Composites";"07/03/2023";"07/03/2023";"Bordeaux";"France";"https://r4-composites.com/";"";"";"";"";"";"";"";"";"";"";"";"Karine LABASTIE";"IRT";"";"";"";"";"";"";"";"";"";"";"";"";"0000000897";"0";"Réalisé";"1";"731";"798";"doc_final";"0";"2023-12/1702632738-879-Pr..sentation-4R-Composites_VF_3.pdf";"";"";"";"0000000897";"1702632738";"1"
"799";"M021-3";"3";"M021";"communication";"Vitrimer composites: the next generation of sustainable materials for aerospace applications";"";"";"salon du Bourget 2023";"21/06/2023";"21/06/2023";"Paris Villepinte";"France";"";"";"";"";"";"";"";"";"";"";"";"";"Mathias Destarac";"IRT";"";"";"";"";"";"";"";"";"";"";"";"";"0000000897";"0";"Réalisé";"1";"732";"799";"doc_final";"0";"2023-12/1702633018-553-Pr..sentation-Vitrim..res-Le-Bourget-210623.pdf";"";"";"";"0000000897";"1702633018";"1"
"800";"M021-4";"4";"M021";"communication";"Webinaire « Composites Vitrimères* ";"";"";"WEBINAIRE Ad'occ : Les matériaux vitrimères: un concept adapté aux composites";"22/06/2021";"22/06/2021";"toulouse";"France";"";"";"";"";"";"";"";"";"";"";"";"";"Mathias Derstarac, Patricia Sandré";"IRT, IRT";"";"";"";"";"";"";"";"";"";"";"";"";"0000000897";"0";"Réalisé";"1";"733";"800";"doc_final";"0";"2023-12/1702633302-380-Webinaire-Vitrimeres-220621-v2.pdf";"";"";"";"0000000897";"1702633302";"1"
"801";"A093-1";"1";"A093";"communication";"Carbon fiber-reinforced vitrimer  composites for space application";"";"";"COMET 2023";"14/06/2023";"14/06/2023";"Toulouse";"France";"";"";"";"";"";"";"";"";"";"";"";"";"Joséphine De Calbiac";"CNES";"";"";"";"";"";"";"";"";"";"";"";"";"0000000897";"0";"Réalisé";"1";"734";"801";"doc_final";"0";"2023-12/1702633796-398-Pr..sentation-COMET-CNES-14-06-23-J-de-Calbiac-final.pdf";"";"";"";"0000000897";"1702633796";"1"
"802";"M021-5";"5";"M021";"communication";"Les composites vitrimères  vers des procédés industriels";"";"";"P&C 2023";"12/09/2023";"14/09/2023";"Toulouse";"France";"https://pc2023.sciencesconf.org/";"";"";"";"";"";"";"";"";"";"";"";"Karine Labastie";"IRT";"";"";"";"";"";"";"";"";"";"";"";"";"0000000897";"0";"Réalisé";"1";"735";"802";"doc_final";"0";"2023-12/1702634619-855-Pr..sentation-P.C_2023.pdf";"";"";"";"0000000897";"1702634619";"1"
"803";"M006-1";"1";"M006";"communication";"Matériaux Composites Innovants pour Hautes Températures";"";"";"Journée Technique : "" Phthalonitriles : Composites Haute Température""";"09/02/2023";"09/02/2023";"Toulouse";"France";"";"";"";"";"";"";"";"";"";"";"";"";"Patricia Sandré, Agathe Bouvet Marchand";"IRT, Specific Polymers";"";"";"";"oui";"";"";"";"";"";"";"";"";"0000000897";"0";"Réalisé";"1";"737";"803";"doc_final";"736";"2023-12/1702635061-676-COMPINNOVHT-090223-V2.pptx";"";"";"";"0000000897";"1702635061";"1"
"815";"S013-2";"2";"S013";"communication";"Salon CES";"";"";"CES 2023";"04/01/2023";"08/01/2023";"Las Vegas";"Etats-Unis";"";"";"";"";"";"";"";"";"";"";"";"";"";"";"";"";"";"";"";"";"";"";"";"";"";"";"0000000900";"0";"Réalisé";"1";"759";"815";"doc_final";"0";"2024-02/1707745398-255-2023_01_12_ELLIOT.pdf";"";"Présentation projet ELLIOT";"";"0000000900";"1707745398";"1"
"817";"E009-2";"2";"E009";"communication";"Gate lifetime investigation at low temperature for p-GaN HEMT";"";"";"ESREF 2024 - Reliability of  Electron Devices, Failure Physics and Analysis";"23/09/2024";"26/09/2024";"Parma";"ITALIE";"https://www.esref2024.org/";"";"";"";"";"";"";"";"08/03/2024";"15/05/2024";"05/06/2024";"";"M. Alam (a), V. Rustichelli (a), M. Zerarka (a), C. Banc (a),(b), J. Pieprzyk (a),(c), O. Perrotin (a),(d), R. Ceccarelli (d), D. Trémouilles (e), M. Matmat (a), F. Coccetti (a)";"(a) IRT Saint Exupéry, Toulouse, France; (b) Safran Electronics & Defense; (c) STMicroelectronics, Toulouse, France; (d) Alter Technology, Toulouse, France;  (e) LAAS-CNRS, Université de Toulouse, CNRS, Toulouse, France Abstract";"";"";"";"";"";"";"";"";"";"";"";"";"0000000821";"0";"Réalisé";"1";"762";"817";"doc_final";"0";"2024-02/1708020531-829-Gate-lifetime-investigation-at-low-temperature_ESREF-2024.pdf";"";"Gate lifetime investigation at low temperature for p-GaN HEMT";"";"0000000821";"1708020531";"1"
"831";"S038-45";"45";"S038";"communication";"On Reducing Activity with Distillation and Regularization for Energy Efficient Spiking Neural Networks";"";"";"International Joint Conference on Neural Networks (IJCNN 2024)";"30/06/2024";"05/07/2024";"Yokohama";"Japon";"https://2024.ieeewcci.org/";"";"";"";"";"";"";"";"";"";"";"";"Thomas Louis, Alain Pegatoquet, Benoit Miramond, Adrien Girard";"IRT Saint Exupéry, Université Côte d'Azur";"";"";"";"";"";"";"";"";"";"";"";"";"0000000829";"0";"Refusé";"1";"770";"831";"doc_final";"0";"2024-02/1709040198-166-On_Reducing_Spiking_Activity_with_Distillation_in_Brain_Inspired_Neural_Network.submitted..pdf";"";"Papier";"";"0000000829";"1709040198";"1"
"838";"E009-3";"3";"E009";"communication";"Double Source Test Platform for GaN HEMT Aging";"";"";"JCGE Conférence des Jeunes Chercheurs en Génie Electrique";"18/06/2024";"21/06/2024";"Le Croisic ";"France";"https://seeds-jcge24.sciencesconf.org/";"";"";"";"";"";"";"";"05/03/2024";"15/04/2024";"01/06/2024";"";"Ababacar DIOUF 1, 2, Valeria RUSTICHELLI 2, Loris PACE 1, Emmanuel MARCAULT 4, Hervè MOREL 1";"1 INSA Lyon, Université Claude Bernard Lyon 1, Ecole Centrale de Lyon, CNRS, Ampère, UMR5005, 69621 Villeurbanne, France 2 IRT Saint-Exupery, 3 Rue Tarfaya, 31400 Toulouse, France   4 CEA Tech Occitanie 51 Rue de l’Innovation, Labege, 31670 Toulouse, Fran";"";"";"";"";"";"";"";"";"";"";"";"";"0000000821";"0";"Réalisé";"1";"775";"838";"doc_final";"0";"2024-03/1709301315-230-Double-Source-Test-Platform-for-GaN-HEMT-Aging.pdf";"";"Double Source Test Platform for GaN HEMT Aging";"";"0000000821";"1709301315";"1"
"839";"E025-5";"5";"E025";"communication";"Isothermal aging temperature for polyamide: contribution of thermal analysis models and TGA experiments";"";"";"JCAT 2024";"03/05/2024";"06/06/2024";"Clermont-Ferrand";"France";"https://jcat54.sciencesconf.org/";"";"";"";"";"";"";"";"01/03/2024";"";"";"";"Julien Chedaille, V Henri, P Henrard, E Dantras";"IRT,IRT, IRT Mad Safran, UPS CIRIMAT";"";"";"";"";"";"";"";"";"";"";"";"";"0000001461";"0";"Réalisé";"1";"1293";"839";"doc_final_extend";"0";"2025-09/1758011254-989-Pr..sentation_JCAT_CHEDAILLE.pdf";"";"";"";"0000000788";"1758011254";"1"
"843";"E009-5";"5";"E009";"communication";"Dependence between the drain current saturation and short-circuit robustness of p-GaN HEMTs";"";"";"ESREF 2024 - Reliability of  Electron Devices, Failure Physics and Analysis";"23/09/2024";"26/09/2024";"Parma";"ITALIE";"https://www.esref2024.org/";"";"";"";"";"";"";"";"08/03/2024";"15/05/2024";"05/06/2024";"";"M.L. Dedew (a,c)*, S. Lefebvre (a), T.A. Nguyen (a), T.L Le (b), V. Rustichelli (c), J. Oliveira (c), M. Alam (c), F. Coccetti (c),";"(a) SATIE, Cnam, CNRS, ENS Paris-Saclay, 4, avenue des sciences 91190, Gif-Sur-Yvette, France 	(b) SAFRAN TECH, 1, rue des jeunes bois Châteaufort, 78772, Magny-les-Hameaux, France 	(c) IRT Saint-Exupéry, 3 rue Tarfaya, B612, 31400, Toulouse, France";"";"";"";"";"";"";"";"";"";"";"";"";"0000000831";"0";"Réalisé";"1";"783";"843";"doc_final";"0";"2024-03/1709894182-592-Dependence-between-the-drain-current-saturation-and-short-circuit-robustness-of-p-GaN-HEMTs.pdf";"";"Dependence between the drain current saturation and short-circuit robustness of p-GaN HEMTs";"";"0000000821";"1709894182";"1"
"844";"A120-1";"1";"A120";"communication";"Modeling of Integrated CM/DM Inductors in EMI Filters for High Power Density Converters";"";"";"ECCE Europe 2024";"02/09/2024";"06/09/2024";"Darmstadt";"Germany";"https://www.ecce-europe.org/index.php?id=";"";"";"";"";"";"";"";"18/03/2024";"06/05/2024";"24/06/2024";"";"Rodrigo Drummond(1,2), Gregory Almeida(1), Bernardo Cougo(1), Sébastien Serpaud(1), Victor Dos Santos(1,3), Lenin M F Morais(2)";"1- IRT Saint Exupéry; 2- Graduate Program in Electrical Engineering - Universidade Federal de Minas Gerais; 3- Safran Tech, Electronic and Electricity Team";"";"";"";"";"";"";"";"";"";"";"";"";"0000000046";"0";"Réalisé";"1";"872";"844";"doc_final";"784";"2024-06/1719391297-351-Modeling_of_Integrated_CM_DM_inductors.pdf";"";"Modeling of Integrated CM/DM Inductors in EMI Filters for High Power Density Converters";"";"0000001358";"1719391297";"1"
"847";"E009-6";"6";"E009";"communication";"RADECS 2023";"";"";"RADECS 2023";"";"";"";"";"";"";"";"";"";"";"";"";"";"";"";"";"";"";"";"";"";"";"";"";"";"";"";"";"";"";"0000000821";"0";"Réalisé";"1";"NULL";"NULL";"NULL";"NULL";"NULL";"";"NULL";"NULL";"NULL";"NULL";"NULL"
"848";"E009-7";"7";"E009";"communication";"Effet de la résistance de grille sur la robustesse de transistors GaN en régime de court-circuit";"";"";"JCGE 2024";"18/06/2024";"21/06/2024";"Croisic";"France";"";"";"";"";"";"";"";"";"";"";"";"";"Mohamed Lemine DEDEW,";"SATIE, CNAM, ENS Paris-Saclay, CNRS, Université Paris-Saclay, IRT SAINT-EXUPERY ";"";"";"";"";"";"";"";"";"";"";"";"";"0000000831";"0";"Réalisé";"1";"1264";"848";"doc_final";"0";"2025-08/1756196823-983-JCGE_DEDEW_finale.pdf";"";"";"";"0000000831";"1756196823";"1"
"849";"V120-1";"1";"V120";"communication";"Enhanced Deep Learning Architecture for 3D Air Pollution Dispersion Forecasting";"";"";"HARMO22";"10/06/2024";"13/06/2024";"Pärnu";"Estonia";"https://www.harmo.org/";"";"";"";"";"";"";"";"13/11/2023";"19/01/2024";"30/04/2024";"";"Mouhcine Mendil; Paul Novello;  Sylvain Leirens; Christophe Duchenne; Patrick Armand";"IRT Saint Exupéry; IRT Saint Exupéry; Univ. Grenoble Alpes CEA Leti; CEA DAM DIF F-91297;  CEA DAM DIF  ";"";"";"";"";"";"";"";"";"";"";"";"";"0000001083";"0";"Réalisé";"1";"814";"849";"doc_final";"789";"2024-05/1714630701-339-H22-068_Mendil_Mouhcine.pdf";"";"Extended Abstract";"";"0000001083";"1714630701";"1"
"859";"U006-7";"7";"U006";"communication";"Evaluation of 5G Train Neutral Host Architecture for Future 5G Railway Communications";"";"";"IEEE 99th Vehicular Technology Conference: VTC2024-Spring";"24/06/2024";"27/06/2024";"Singapore";"Singapore";"https://events.vtsociety.org/vtc2024-spring/";"";"";"";"";"";"";"";"";"";"";"";"Ali El Amine, Jad Nasredine, Martin Trullenque Ortiz, Luca Petrucci, Philippe Veyssiere, Nuria Trujillo Quijada, Francisco Vasquez-Gallego and Daniel Camps-Mur";"";"";"";"";"oui";"";"";"";"";"";"";"";"";"0000000989";"0";"Réalisé";"1";"800";"859";"doc_final";"0";"2024-04/1712245692-855-5G_Neutral_host_infrastructure_for_railway.pdf";"";"Evaluation of 5G Train Neutral Host Architecture for Future 5G Railway Communications";"";"0000001201";"1712245692";"1"
"862";"S038-46";"46";"S038";"communication";"On Reducing Activity with Distillation and Regularization for Energy Efficient Spiking Neural Networks";"";"";"International Conference on Artificial Neural Networks (ICANN 2024)";"17/09/2024";"20/09/2024";"Lugano";"Suisse";"https://e-nns.org/icann2024/";"";"";"";"";"";"";"";"";"";"";"";"Thomas Louis, Alain Pegatoquet, Benoit Miramond, Adrien Girard";"IRT Saint Exupéry, Université Côte d'Azur";"";"";"";"non";"";"";"";"";"";"";"";"";"0000000829";"0";"Réalisé";"1";"962";"862";"doc_publie";"0";"2024-10/1729758292-540-On_Reducing_Spiking_Activity_with_Distillation_in_Brain_Inspired_Neural_Network.camera_ready..pdf";"";"";"";"0000000829";"1729758292";"1"
"866";"A064-4";"4";"A064";"communication";"Precise 3D modelling of SiC dies temperature oscillations for lifetime prediction of power modules used in DC/AC power converters ";"";"";"Therminic 2024";"";"";"";"";"";"";"";"";"";"";"";"";"";"";"";"";"A. Marie, B. Cougo, L. Renaudie, T. Kaounodji Koladoum and J.P. Fradin";"";"";"";"";"";"";"";"";"";"";"";"";"";"0000000046";"0";"Réalisé";"1";"1003";"866";"doc_publie";"0";"2024-11/1731595265-167-2024_09_25_THERMINIC_presentation_AM.pdf";"";"";"";"0000000046";"1731595265";"1"
"882";"S018-4";"4";"S018";"communication";"GO2S_2024_LYON_APISS";"";"";"GO2S (Guided Optics & Sensor Systems conference )";"03/06/2024";"04/06/2024";"Lyon - Hotel de la Région";"France";"https://go2s2024.sciencesconf.org";"";"";"";"";"";"";"";"26/04/2024";"15/05/2024";"26/04/2024";"";"Lucien Pouget et Marina Arnaud";"IRT Saint Exupéry";"";"";"";"non";"";"";"";"";"";"";"";"";"0000000989";"0";"Réalisé";"1";"842";"882";"doc_publie";"0";"2024-05/1717082816-317-GO2S_2024_LYON_APISS_Towards-the-standardization-of-FBG-sensing-for-aircraft-applications.pdf";"";"";"";"0000001202";"1717082816";"1"
"890";"A064-5";"5";"A064";"communication";"Challenges Related to WBG Power Devices atHigh Frequencies";"";"";"ECPE Workshop  2024: Condition and Health Monitoring in Power Electronics.";"27/06/2024";"28/06/2024";"Bilbao";"Espagne";"";"";"";"";"";"";"";"";"";"";"";"";"Bernardo Cougo";"IRT Saint Exupery";"";"";"";"";"";"";"";"";"";"";"";"";"0000000046";"0";"Réalisé";"1";"878";"890";"doc_final";"0";"2024-07/1719866234-987-Presentation-Bernardo-Cougo-IRT-Saint-Exupery---ECPE-Workshop-CHM-2024-for-PDF.pdf";"";"";"";"0000000046";"1719866234";"1"
"895";"S016-8";"8";"S016";"communication";"Modular Testing Framework for AI Integration in Spacecraft Systems: A Case Study from the RAPTOR Project";"";"";"SPAICE Conference 2024";"17/09/2024";"19/09/2024";"Harwell";"United Kingdom";"https://spaice.esa.int/";"";"";"";"";"";"";"";"27/05/2024";"01/07/2024";"27/05/2024";"";"Aurélien Bobey, Fabien Gallet, Thomas Chambon";"IRT Saint-Exupéry";"";"";"";"non";"";"";"";"";"";"";"";"";"0000001213";"0";"Réalisé";"1";"912";"895";"doc_final";"828";"2024-08/1722500006-115-Modular_Testing_Framework_for_AI_Integration_in_Spacecraft_GNC_Systems__A_Case_Study_from_the_Raptor_Project.pdf";"";"Modular Testing Framework for AI Integration in Spacecraft Systems: A Case Study from the RAPTOR Project";"Version finale.
Corrections mineurs et ajout d'un petit paragraphe de ""Guidelines"" à la fin des ""Discussions"",
suite au retours du comité de relecture de la conférence et à l'acceptation du papier.";"0000001213";"1722500006";"1"
"901";"S033-2";"2";"S033";"communication";" Towards instance-dependent approximation guarantees for scientific machine learning  using Lipschitz neural networks";"";"";"Algoritmy";"15/03/2024";"20/03/2024";"Podbanske";"Slovaquie";"https://www.math.sk/alg2024/";"";"";"";"";"";"";"";"";"";"";"";"Paul Novello";"";"";"";"";"non";"";"";"";"";"";"";"";"";"0000001149";"0";"Réalisé";"1";"1079";"901";"doc_final";"0";"2024-12/1733324080-248-Presentation_GDR.pdf";"";"";"";"0000001149";"1733324080";"1"
"918";"E034-17";"17";"E034";"communication";"Low permittivity porous polymer composites for high PDIV electrical insulation systems";"";"";"2024 CEIDP";"06/10/2024";"09/10/2024";"Auburn";"USA";"https://www.ceidp.org/";"";"";"";"";"";"";"";"";"";"";"";"Louiza FETOUHI, Yanid ARANGO, Pillar PUYUELO, Guillaume BELIJAR";"IRT Saint Exupéry - Technological Research Institute";"";"";"";"non";"";"";"";"";"";"";"";"";"0000001274";"0";"Réalisé";"1";"865";"918";"doc_final";"0";"2024-06/1718391859-579-ceidp-final-paper.pdf";"";"Low permittivity porous polymer composites for high PDIV electrical insulation systems";"";"0000000383";"1718391859";"1"
"926";"S033-6";"6";"S033";"communication";"Applying DEEL Toolbox on LARD - Presented to the working group EUROCAE SAE G-34/WG114";"";"";"Plénière EUROCAE SAE G-34/WG114";"20/06/2024";"20/06/2024";"Paris";"France";"";"";"";"";"";"";"";"";"";"";"";"";"Mélanie Ducoffe, Maxime Carrere, Léo Féliers, Adrien Gauffriau, Christophe Gabreau, Jean-Brice Ginestet, Franck Mamalet, Claire Pagetti, Thierry Sammour, Thierry Daubos, Corentin Friedrich, Agustin Martin Picard, Vincent Mussot, Paul Novello, Yannick Prud";"IRT Saint Exupéry, Airbus, ONERA, DGA TA, SNCF";"";"";"";"non";"";"";"";"";"";"";"";"";"0000000695";"0";"Réalisé";"1";"869";"926";"doc_final";"0";"2024-06/1719323896-496-WG114_20-06_Applying_DEEL_toolbox_on_LARD.pdf";"";"Applying the DEEL Toolbox on LARD";"";"0000000695";"1719323897";"1"
"929";"E003-13";"13";"E003";"communication";"Quantitative analysis of magnetic flux density spectrum influence on iron losses in electrical machine steel sheets";"";"";"26TH INTERNATIONAL CONFERENCE ON ELECTRICAL MACHINES ICEM 2024";"01/09/2024";"04/09/2024";"TURIN";"ITALIE";"https://www.symposium.it/en/events/2024/26th-international-conference-on-electrical-machines-icem-2024";"";"";"";"";"";"";"";"";"";"01/07/2024";"";"Alexandre Giraud, Franck Vangraefschèpe";"IRT Saint Exuoéry";"";"";"";"";"";"";"";"";"";"";"";"";"0000001296";"0";"Réalisé";"1";"874";"929";"doc_final";"873";"2024-06/1719477686-632-Quantitative-analysis-of-magnetic-flux-density-spectrum-influence-on-iron-losses-in-electrical-machine-steel-sheets-_-final-V1.pdf";"";"Quantitative analysis of magnetic flux density spectrum influence on iron losses in electrical machine steel sheets";"";"0000001296";"1719477686";"1"
"930";"S083-4";"4";"S083";"communication";"Expérimentation d'une nouvelle méthode d'inversion bathymétrique par Intelligence Artificielle à partir d’images vidéométriques";"";"";"JNGCGC 2024";"25/07/2024";"27/07/2024";"Anglet";"France";"https://site.paralia.fr/jngcgc-2024.html";"";"";"";"";"";"";"";"";"26/07/2024";"24/05/2024";"";"Maialen SAGARDUY 1, Tom SOMDECOSTE 1, Matthias DELPEY 1, Aurélien CALLENS 1, Guillaume JUBELIN 2, Grégory CAZANAVE 2, Denis MORICHON 3";"1. Suez Eau France, Rivages Pro Tech, Bidart, France. 2. IRT Saint-Exupéry, Toulouse, France. 3. Université de Pau et des Pays de l’Adour, E2S UPPA, SIAME, Anglet, France.";"";"";"";"non";"";"";"";"";"";"";"";"";"0000000799";"0";"Réalisé";"1";"875";"930";"doc_final";"0";"2024-07/1719847393-880-gcgc93-V2-Sagarduy.pdf";"";"Expérimentation d'une nouvelle méthode d'inversion bathymétrique par Intelligence Artificielle à partir d’images vidéométriques";"";"0000000799";"1719847393";"1"
"932";"S033-7";"7";"S033";"communication";"Présentation des métiers scientifiques et techniques auprès des collégiennes ";"";"";"N/A";"24/06/2024";"24/06/2024";"Toulouse";"";"";"";"";"";"";"";"";"";"";"";"";"";"";"";"";"";"";"";"";"";"";"";"";"";"";"";"0000000617";"0";"Réalisé";"1";"1026";"932";"doc_final";"0";"2024-11/1732635180-285-Capture-d.....cran-2024-11-26-163048.jpg";"";"";"";"0000000617";"1732635180";"1"
"934";"S033-8";"8";"S033";"communication";"FOCUS TECHNIQUE – OODEEL  :  a simple, compact, and hackable post-hoc deep out-of-distribution detection library   ";"";"";"FOCUS TECHNIQUE ANITI";"22/03/2024";"22/03/2024";"Toulouse - B612";"";"";"";"";"";"";"";"";"";"";"";"";"";"Paul NOVELLO";"";"";"";"";"";"";"";"";"";"";"";"";"";"0000000617";"0";"Réalisé";"1";"1416";"934";"doc_final_extend";"0";"2026-01/1769675241-871-Focus-technique-oodeel.pdf";"";"Focus technique oodeel";"";"0000000617";"1769675241";"1"
"939";"S033-11";"11";"S033";"communication";"Some new directions for Explainable AI An illustrated tutorial";"";"";"PFIA 2024";"01/07/2024";"05/07/2024";"La Rochelle";"France";"https://pfia2024.univ-lr.fr/";"";"";"";"";"";"";"";"";"";"";"";"Antonin Poché 1, Thomas Fel 2&3, Céline Hudelot 4, Wassila Ouerdane 4";"1 IRT Saint Exupéry, 2 Brown University, 3 ANITI, 4 Centrale Supélec";"";"";"";"non";"";"";"";"";"";"";"";"";"0000000617";"0";"Réalisé";"1";"884";"939";"doc_publie";"0";"2024-07/1720429311-676-PFIA_Tutoriel_XAI_2024.pptx.pdf";"";"";"";"0000000617";"1720429311";"1"
"940";"A124-1";"1";"A124";"communication";"Open Networks and Services Whitepaper Platforms Subdomain";"";"";"6G SNS IA";"";"";"";"";"https://6g-ia.eu/plans-papers/";"";"";"";"";"";"";"";"";"";"01/05/2024";"";"Julien EL AMINE, Tanissia DJEMAI, Osama ABBOUD and Artur HECKER";"";"";"";"";"";"";"";"";"";"";"";"";"";"0000000052";"0";"Réalisé";"1";"885";"940";"doc_final";"0";"2024-07/1720696575-487-6g-ia-open-sns_open-networks-status-and-future-development_platforms-final.pdf";"";"Open Networks and Services Whitepaper Platforms Subdomain";"";"0000001201";"1720696575";"1"
"947";"S033-16";"16";"S033";"communication";"Conformal prediction for object detection";"";"";"Journées Statistiques du Sud 2024";"19/06/2024";"21/06/2024";"Toulouse";"France";"https://indico.math.cnrs.fr/event/10091/";"";"";"";"";"";"";"";"";"";"";"";"Sébastien Gerchinovitz";"IRT Saint Exupéry & Institut de Mathématiques de Toulouse";"";"";"";"non";"";"";"";"";"";"";"";"";"0000000734";"0";"Réalisé";"1";"904";"947";"doc_final";"902";"2024-07/1721737124-496-gerchinovitz-JSS24.pdf";"";"";"";"0000000734";"1721737124";"1"
"948";"S033-17";"17";"S033";"communication";"Guaranteed prediction sets via concentration inequalities";"";"";"Journée de Statistique Mathématique 2024";"18/01/2024";"18/01/2024";"Paris";"France";"https://statmath2024.sciencesconf.org/";"";"";"";"";"";"";"";"";"";"";"";"Sébastien Gerchinovitz";"IRT Saint Exupéry & Institut de Mathématiques de Toulouse";"";"";"";"non";"";"";"";"";"";"";"";"";"0000000734";"0";"Réalisé";"1";"905";"948";"doc_final";"0";"2024-07/1721737385-569-talkIHP-lectureNotes.pdf";"";"";"";"0000000734";"1721737385";"1"
"949";"S033-18";"18";"S033";"communication";"Organisation du workshop CIMI ""Learning in Games""";"";"";" Learning in Games";"01/07/2024";"03/07/2024";"Toulouse";"France";"https://indico.math.cnrs.fr/event/10543/";"";"";"";"";"";"";"";"";"";"";"";"Sébastien Gerchinovitz, Jayakrishnan Nair, Balakrishna Prabhu, Bary Pradelski, Jérôme Renault ";"IRT Saint Exupéry & IMT / IIT Bombay / LAAS CNRS / Oxford University / Toulouse School of Economics";"";"";"";"non";"";"";"";"";"";"";"";"";"0000000734";"0";"Réalisé";"1";"906";"949";"doc_final";"0";"2024-07/1721737841-912-learningInGames-bookabstracts.pdf";"";"";"";"0000000734";"1721737841";"1"
"950";"S023-5";"5";"S023";"communication";"Edge AI and Hardware Accelerators";"";"";"ESA Morpheus Workshop on Edge AI and Neuromorphic hardware accelerators";"06/05/2024";"07/05/2024";"Noordwijk";"Pays-Bas";"https://atpi.eventsair.com/morpheus/";"";"";"";"";"";"";"";"";"";"";"";"E. Kervennic";"IRT Saint Exupéry";"";"";"";"";"";"";"";"";"";"";"";"";"0000000829";"0";"Réalisé";"1";"907";"950";"doc_final";"0";"2024-07/1722270797-784-2024_05_06---Morpheus-IRT---30-04.pdf";"";"";"";"0000000829";"1722270797";"1"
"952";"S018-5";"5";"S018";"communication";"Selective Modal Excitation of FBGs in a FMF Through Inscription Techniques and the use of a Spatial Multiplexer";"";"";"BGPP (Bragg Gratings, Photosensitivity and Poling in Optical Materials and Waveguides) - July 2024 , Canada";"28/07/2024";"01/08/2024";"Québec City, Québec, Canada";"Canada";"https://www.optica.org/events/congress/advanced_photonics_congress/program/bragg_gratings_photosensitivity_and_poling/";"";"";"";"";"";"";"";"29/07/2024";"30/07/2024";"01/08/2024";"";"James Hainsworth1,2*, Adriana Morana2, Lucien Pouget1, Marina Arnaud1, Sylvain Girard2, Jacques Decroix1, Emmanuel Marin2. ";"1IRT Saint Exupery, B612, 3 Rue Tarfaya, 31400 Toulouse, France; 2Laboratoire Hubert Curien, Batiment F, 18 Rue Professor Benoît Lauras 42000 Saint-Étienne, France. ";"";"";"";"";"";"";"";"";"";"";"";"";"0000000989";"0";"Réalisé";"1";"908";"952";"doc_final";"0";"2024-07/1722321189-580-Selective-Modal-Excitation-of-FBGs-in-a-FMF-Through-Inscription-Techniques-and-the-use-of-a-Spatial-Multiplexer-v1.pptx";"";"Selective Modal Excitation of FBGs in a FMF Through Inscription Techniques and the use of a Spatial Multiplexer v1";"";"0000001202";"1722321189";"1"
"954";"M011-3";"3";"M011";"communication";"An integrated approach to design manufacturing and characterisation of thin-walled and lattice structures";"";"";"ECSSMET";"23/09/2024";"27/09/2024";"Noordjwik";"Pays-Bas";"https://atpi.eventsair.com/ecssmet2024/";"";"";"";"";"";"";"";"";"";"";"";"Ludovic BARRIERE, Aude JAULENT, Clément ERNOULD, Antonio CASTRO MORENO, Benoît TRANCHAND, Antonio PENA CORREDOR, Florent GROTTO, Remy TANAYS, Julien AURBY, Christophe FABRIES";"IRT Saint Exupery, Thales Alenia Space, Airbus Operation SAS";"";"";"";"non";"";"";"";"";"";"";"";"";"0000000004";"0";"Réalisé";"1";"911";"954";"doc_final";"0";"2024-07/1722324755-350-An-integrated-approach-to-design-manufacturing-and-characterisation-of-thin-walled-and-lattice-structures.pdf";"";"";"";"0000000004";"1722324755";"1"
"958";"A132-1";"1";"A132";"communication";"Soft Demodulation powered by Neural Binary Classification";"";"";"IEEE Consumer Communications & Networking Conference";"10/01/2025";"13/01/2025";"Las Vegas";"USA";"https://ccnc2025.ieee-ccnc.org/";"";"";"";"";"";"";"";"15/08/2024";"15/09/2024";"";"";"";"";"";"";"";"";"";"";"";"";"";"";"";"";"0000001335";"0";"Refusé";"1";"916";"958";"doc_final";"915";"2024-08/1723544599-595-1571058739-paper.pdf";"";"";"";"0000001335";"1723544599";"1"
"961";"M010-5";"5";"M010";"communication";"Impact of heat treatments on microstructure and mechanical properties of ?/?' Ni-based superalloys obtained by DED processes";"";"";"AAMS 2024";"03/09/2024";"06/09/2024";"Palaiseau";"France";"";"";"";"";"";"";"";"";"";"";"";"";"G. Burlot, B. Max, A. Prillieux , A. Proietti , E. Ferreira , A. Rapetti , E. Saly, S. Hemery , M. Sazerat, R. Bordas1, P. Sallot, A. Cervellon, J. Cormier";"Institut Pprime / IRT Saint-Exupéry / Safran Additive Manufacturing Campus / Safran Tech / Safran Aircraft Engines";"";"";"";"";"";"";"";"";"";"";"";"";"0000001102";"0";"Réalisé";"1";"917";"961";"doc_final";"0";"2024-08/1723649283-943-AAMS_GB_V1.pdf";"";"Impact of heat treatments on microstructure  and mechanical properties of ?/?' Ni-based  superalloys obtained by DED processes";"";"0000001102";"1723649283";"1"
"964";"A120-6";"6";"A120";"communication";"Design Optimization of Integrated CM/DM Inductors for Power Drive Input Filter";"";"";"EPE 2025";"31/03/2025";"04/04/2025";"Paris";"France";"Cité des sciences et de l’industrie";"";"";"";"";"";"";"";"12/09/2024";"15/11/2024";"31/12/2024";"";"Rodrigo Drummond(1,2), Gregory Almeida(1), Bernardo Cougo(1), Sébastien Serpaud(1), Victor Dos Santos(1,3), Lenin M F Morais(2)";"1- IRT Saint Exupéry; 2- Graduate Program in Electrical Engineering - Universidade Federal de Minas Gerais; 3- Safran Tech, Electronic and Electricity Team";"";"";"";"";"";"";"";"";"";"";"";"";"0000000046";"0";"Réalisé";"1";"919";"964";"doc_final";"0";"2024-08/1725035945-693-r1_provisional_full_paper_EPE2025.pdf";"";"Provisional full paper - Design Optimization of Integrated CM/DM Inductors for Power Drive Input Filter";"";"0000001358";"1725035945";"1"
"965";"E005-5";"5";"E005";"communication";"Vitrimers: new opportunities for high performance sustainable power electronics packaging";"";"";"International Workshop on Integrated Power Packaging (IWIPP) ";"08/04/2025";"10/04/2025";"Tuscaloosa";"USA - Alabama";"http://iwipp.org/";"IEEE International Workshop on Integrated Power Packaging (IWIPP) Proceedings";"";"";"";"";"";"";"01/11/2024";"20/12/2024";"07/02/2025";"";"Arati Baptiste, Labalette Marina, Coccetti Fabio";"IRT Saint-Exupery";"";"";"";"non";"";"";"";"";"";"";"";"";"0000001461";"0";"Réalisé";"1";"1101";"965";"doc_final";"930";"2025-01/1737454011-923-IWIPP_Vitrimers-new-opportunities-for-high-performance-sustainable-power-electronics-packaging_formated_final_.doc";"";"Vitrimers new opportunities for high performance sustainable power electronics packaging";"";"0000000397";"1737454011";"1"
"968";"S018-6";"6";"S018";"communication";"Study report - RF-optic interrogation methods investigation";"";"";"";"06/09/2024";"06/09/2024";"Toulouse";"France";"";"";"";"";"";"";"";"";"";"";"06/09/2024";"";"Nassim ZAKI";"Master 2 EEA-ESET 2023/2024  - LAAS - CNRS - 7 av. du colonel Roche - BP 54200 - 31031 Toulouse Cedex 04";"";"";"";"";"";"";"";"";"";"";"";"";"0000000989";"0";"Réalisé";"1";"931";"968";"doc_final";"0";"2024-09/1726042401-420-rapport_stage.pdf";"";"Final study";"Final report of LAAS' intern on RF-optic interrogation methods.";"0000000512";"1726042401";"1"
"969";"M038-1";"1";"M038";"communication";"DÉFITITANE DÉcarbonation de la Filière TITANE Méthodes et Outils d’ACV: Enjeux, verrous et méthodologie pour quantifier l’impact environnemental de gammes de production du titane";"";"";"Journée Matériaux : ""Les technologies de fabrication aérospatiales de demain""";"27/09/2024";"27/09/2024";"Toulouse";"France";"";"";"";"";"";"";"";"";"13/09/2024";"";"";"";"Odeline DUMAS, Valentin SADIN";"Institut de Recherche Technologique (IRT) Saint Exupéry, 3 rue Tarfaya, 31400 Toulouse, France";"";"";"";"";"";"";"";"";"";"";"";"";"0000001240";"0";"Annulé";"1";"932";"969";"doc_final";"0";"2024-09/1726241490-864-2024_09_27_DEFITITANE_Journee_materiaux_IRT.pptx";"";"";"";"0000001240";"1726241490";"1"
"971";"S024-2";"2";"S024";"communication";"TSN for critical systems feedback from multi-industry project EDEN";"";"";"ETFA2024";"10/09/2024";"13/09/2024";"Padova";"Italie";"https://2024.ieee-etfa.org/ ";"";"";"";"";"";"";"";"";"";"";"";"Quentin Bailleul";"IRT Saint Exupéry";"";"";"";"non";"";"";"";"";"";"";"";"";"0000000950";"0";"Réalisé";"1";"940";"971";"doc_publie";"0";"2024-09/1727074937-200-TSN_for_critical_systems_feedback_from_multi-industry_project_EDEN.pdf";"";"";"";"0000000950";"1727074937";"1"
"972";"U011-2";"2";"U011";"communication";"CMC Application";"";"";"RecHycle's 1st Webinar";"17/09/2024";"17/09/2024";"En ligne";"";"";"";"";"";"";"";"";"";"";"";"";"";"";"";"";"";"";"";"";"";"";"";"";"";"";"";"0000000856";"0";"Réalisé";"1";"NULL";"NULL";"NULL";"NULL";"NULL";"";"NULL";"NULL";"NULL";"NULL";"NULL"
"985";"V053-8";"8";"V053";"communication";"A Methodological Framework for Supporting the Operational Analysis of ML-Based Systems";"";"";"31st International Conference on Systems Engineering (ICSEng)";"22/10/2024";"24/10/2024";"Varsovie";"Pologne";"https://icseng.pl/";"";"";"";"";"";"";"";"";"";"";"";"Afef Awadid (1) , Kevin Mantissa (1) , Xavier Leroux (2) , Boris Robert (3)";" 1 IRT SystemX 2 THALES [France] 3 IRT Saint Exupéry - Institut de Recherche Technologique";"";"";"";"non";"";"";"";"";"";"";"";"";"0000000591";"0";"Réalisé";"1";"945";"985";"doc_final";"0";"2024-09/1727353951-672-iCSEng-2024__Camera-Ready.pdf";"";"";"";"0000000289";"1727353951";"1"
"989";"S023-6";"6";"S023";"communication";"Détection d'anomalies à bord de satellites pour la protection de l'environnement marin";"";"";"Conférence Nationale sur les Applications Pratiques de l’Intelligence Artificielle (APIA 2024)";"01/07/2024";"05/07/2024";"La Rochelle";"France";"https://pfia2024.univ-lr.fr/Conf%C3%A9rences/APIA/";"";"";"";"";"";"";"";"";"";"";"";"T. Goudemant, C. Szywala, B. Francesconi, M. Aubrun, E. Kervennic, I. Grenet, Y. Bobichon, M. Bellizzi, A. Girard";"IRT Saint Exupéry, MuDataModels";"";"";"";"";"";"";"";"";"";"";"";"";"0000000829";"0";"Réalisé";"1";"947";"989";"doc_final";"0";"2024-10/1727794487-100-2024_04_30---D..tection-d.anomalies-..-bord-de-satellites-pour-la-protection-de-l.environnement-marin.pdf";"";"Papier";"";"0000000829";"1727794487";"1"
"990";"S023-7";"7";"S023";"communication";"On-board anomaly detection for efficient marine environmental monitoring";"";"";"On-Board Payload Data Compression Workshop (OBPDC 2024)";"02/10/2024";"04/10/2024";"Las Palmas de Gran Canaria";"Espagne";"https://atpi.eventsair.com/workshop-on-on-board-payload-data-compression-obpdc/";"";"";"";"";"";"";"";"";"";"";"";"T. Goudemant, C. Szywala, B. Francesconi, M. Aubrun, Y. Bobichon , M. Bellizzi, A. Girard";"IRT Saint Exupéry";"";"";"";"non";"";"";"";"";"";"";"";"";"0000000948";"0";"Réalisé";"1";"948";"990";"doc_final";"0";"2024-10/1727957459-822-Paper_OBPDC_delivered.pdf";"";"papier";"";"0000000948";"1727957459";"1"
"995";"M070-3";"3";"M070";"communication";"Développement d'un revêtement sol-gel pour la protection feu de l'aluminium";"";"";"COMET MAT ";"15/11/2024";"15/11/2024";"TOULOUSE";"France";"https://www.comet-cnes.fr/evenements/tendances-en-materiaux-2d-surfaces-revetements";"";"";"";"";"";"";"";"";"";"";"";"Marie Busquet, Julien Garcia";"IRT Saint exupéry";"";"";"";"non";"";"";"";"";"";"";"";"";"0000000669";"0";"Réalisé";"1";"955";"995";"doc_publie";"0";"2024-10/1729499704-809-Programme-journ..e-surfaces-2024.pdf";"";"";"";"0000000669";"1729499704";"1"
"997";"S033-25";"25";"S033";"communication";"Expliquer les décisions d’une IA avec Xplique";"";"";"";"17/10/2024";"17/10/2024";"Toulouse";"France";"https://www.meetup.com/Tlse-Data-Science/?eventOrigin=find_page&recSource=group_search&recId=cdb33d13-a294-489a-9059-b6124c1c4045&searchId=aac3f4cd-b981-4c71-b3b9-ee9ede682592";"";"";"";"";"";"";"";"";"";"";"";"Antonin Poché";"";"";"";"";"non";"";"";"";"";"";"";"";"";"0000001071";"0";"Réalisé";"1";"958";"997";"doc_publie";"0";"2024-10/1729667062-629-Xplique---Antonin-Poche---TDS---17-10-2024.pdf";"";"";"";"0000001071";"1729667062";"1"
"998";"S033-26";"26";"S033";"communication";"Comprendre l'IA : Création, Biais et Transparence.";"";"";"Lumière sur les Quai 2024 - 20 minutes pour comprendre";"22/10/2024";"22/10/2024";"Toulouse";"France";"https://lumieressurlequai.fr/dl/d0a5f4";"";"";"";"";"";"";"";"";"";"";"";"Fanny Jourdan, Antonin oché";"IRT Saint Exupéry";"";"";"";"non";"";"";"";"";"";"";"";"";"0000001071";"0";"Réalisé";"1";"960";"998";"doc_publie";"0";"2024-10/1729667390-794-talk-quai-des-savoirs.txt";"";"";"";"0000001071";"1729667390";"1"
"1009";"M024-4";"4";"M024";"communication";"Bibliographie sur la tenue à l’impact des CMC,";"";"";"12e atelier thématique du GDR (CMC)²";"";"";"";"";"";"";"";"";"";"";"";"";"";"";"";"";"M. SInglard";"IRT Saint-Exupery";"";"";"";"non";"";"";"";"";"";"";"";"";"0000001200";"0";"Réalisé";"1";"972";"1009";"doc_final";"0";"2024-10/1729781880-380-GDR-balistique-Marc-Singlard.pptx";"";"";"";"0000001200";"1729781880";"1"
"1010";"M033-1";"1";"M033";"communication";"Melt-Infiltration Monitoring by Visual Methods at High-Temperatures";"";"";"HT-CMC 11";"";"";"";"";"";"";"";"";"";"";"";"";"";"";"";"";"Andrés Lombana";"IRT";"";"";"";"non";"";"";"";"";"";"";"";"";"0000001200";"0";"Réalisé";"1";"973";"1010";"doc_final";"0";"2024-10/1729782056-384-HT-CMC11---Lombana---v3---ss-video.pptx";"";"";"";"0000001200";"1729782056";"1"
"1017";"E034-18";"18";"E034";"communication";"On the problematic of serial arc fault detection in aircraft under the presence of switching devices";"";"";"2024 HOLM";"06/10/2024";"10/10/2024";"Annapolis";"États-Unis";"https://ieee-holm.org/";"";"";"";"";"";"";"";"23/02/2024";"30/05/2024";"15/07/2024";"";"Raul Carreira Rufato (1) (2) ; Malyk Benmouffok (3) ; Cyril Van de Steen (1) ; Thierry Ditchi (2) ; Thierry Lebey (1) ; Yacine Oussar (2)";"(1) Safran Tech, Safran Group ; (2) LPEM, ESPCI Paris - PSL, CNRS, Sorbonne Université ; (3) IRT Saint Exupery";"";"";"";"non";"";"";"";"";"";"";"";"";"0000001274";"0";"Réalisé";"1";"979";"1017";"doc_final";"0";"2024-10/1730368933-646-ArticleHOLM2024_final_version.pdf";"";"";"";"0000001274";"1730368933";"1"
"1018";"S024-3";"3";"S024";"communication";"Designing reliable configuration for TSN synchronization on automotive networks";"";"";"2024 Ethernet & IP @ Automotive Technology Day";"16/10/2024";"17/10/2024";"Detroit";"USA";"https://standards.ieee.org/events/automotive/";"";"";"";"";"";"";"";"02/05/2024";"21/06/2024";"26/09/2024";"";"Daniel Hopf, Quentin Bailleul, Katia Jaffrès runser, Jean luc Scharbarg, Philippe Cuenot";"Continental Automotive, IRT Saint Exupéry, IRIT, IRIT, Seconded from Continental Automotive";"";"";"";"non";"";"";"";"";"";"";"";"";"0000000950";"0";"Réalisé";"1";"981";"1018";"doc_publie";"0";"2024-11/1730812345-386-Designing_reliable_configuration_for_TSN_synchronization_on_automotive_networks.pdf";"";"";"";"0000000950";"1730812345";"1"
"1019";"V199-1";"1";"V199";"communication";"Développement de capteurs de température imprimés basés sur des motifs antennaires";"";"";"COMET CNES Matériaux";"15/11/2024";"15/11/2024";"TOULOUSE";"France";"";"";"";"";"";"";"";"";"";"";"";"";"Julien ESCOBAR; Fatima Zahra";"IRT";"";"";"";"";"";"";"";"";"";"";"";"";"0000000285";"0";"Réalisé";"1";"983";"1019";"doc_publie";"0";"2024-11/1730897910-950-Pr..sentation-J.-ESCOBAR-COMET-CNES.pptx";"";"";"";"0000000285";"1730897910";"1"
"1020";"S007-4";"4";"S007";"communication";"Learning Heuristics for Combinatorial Optimization Problems on K-Partite Hypergraphs";"";"";"AAAI 2024 ";"";"";"";"";"";"";"";"";"";"";"";"";"";"";"";"";"M.Zouitine, A.Berjaoui, A.Lagnoux, C.Pellegrini, E.Rachelson";"";"";"";"";"";"";"";"";"";"";"";"";"";"0000000801";"0";"Réalisé";"1";"987";"1020";"doc_final";"0";"2024-11/1731399288-649-978-3-031-60599-4.pdf";"";"";"";"0000000801";"1731399288";"1"
"1023";"S007-7";"7";"S007";"communication";"Learning Heuristics for Combinatorial Optimization Problems on K-Partite Hypergraphs";"";"";"CPAIOR 2024";"";"";"";"";"";"";"";"";"";"";"";"";"";"";"";"";"(M.Zouitine, A.Berjaoui, A.Lagnoux, C.Pellegrini, E.Rachelson";"";"";"";"";"";"";"";"";"";"";"";"";"";"0000000801";"0";"Réalisé";"1";"990";"1023";"doc_final";"0";"2024-11/1731400005-953-CPAIOR2024.png";"";"";"";"0000000801";"1731400005";"1"
"1028";"A120-7";"7";"A120";"communication";"Comprehensive Analysis of High Bandwidth Converters Based on SiC Technolgy for Automotive and Aircraft Applications";"";"";"EPE2025";"";"";"";"";"";"";"";"";"";"";"";"";"";"";"";"";"Israel Divan, Bernardo Cogo, Lenin Morais";"IRT Saint-Exupery, UFMG (Brésil)";"";"";"";"";"";"";"";"";"";"";"";"";"0000000046";"0";"Réalisé";"1";"1006";"1028";"doc_final";"0";"2024-11/1731596333-497-epe25-t01-0222sn-sc-002831.pdf";"";"";"";"0000000046";"1731596334";"1"
"1033";"S033-28";"28";"S033";"communication";"MICCAI";"";"";"MICCAI";"06/10/2024";"11/10/2024";"";"";"";"";"";"";"";"";"";"";"";"";"";"";"Yannick Prudent, Thibaut Boissin";"";"";"";"";"";"";"";"";"";"";"";"";"";"0000000833";"0";"Réalisé";"1";"1019";"1033";"doc_final";"0";"2024-11/1732204369-868-SurgOpTeam__SurgVU2024_Report-.1..pdf";"";"";"";"0000000833";"1732204369";"1"
"1035";"S033-30";"30";"S033";"communication";"Robustness challenge in DEEL";"";"";"AI day at IRT Saint Exupéry : Opportunities and Challenges of Tomorrow";"24/10/2024";"24/10/2024";"Toulouse";"France";"";"";"";"";"";"";"";"";"";"";"";"";"Franck Mamalet";"IRT Saint exupery";"";"";"";"non";"";"";"";"";"";"";"";"";"0000000595";"0";"Réalisé";"1";"1021";"1035";"doc_final";"0";"2024-11/1732205853-477-Oct24_24-10-23_defi_robustesse.pdf";"";"";"";"0000000595";"1732205853";"1"
"1037";"S033-32";"32";"S033";"communication";"Intelligence artificielle pour les systèmes critiques : de l’aéronautique au médical";"";"";"assemblée générale de l’IRT Nanoelec (conférence invitée) - CEA";"14/11/2024";"14/11/2024";"Grenoble";"France";"";"";"";"";"";"";"";"";"";"";"";"";"Ahmad Berjaoui, Lionel Cordesses";"";"";"";"";"";"";"";"";"";"";"";"";"";"0000000617";"0";"Réalisé";"1";"1028";"1037";"doc_final";"1027";"2024-11/1732637579-442-CORDESSES_CEA_AG_01.pptx";"";"";"";"0000000617";"1732637579";"1"
"1039";"S033-33";"33";"S033";"communication";"Coopération Toulouse Montréal Accueil délégation FFQCD";"";"";"";"06/12/2024";"06/12/2024";"";"";"";"";"";"";"";"";"";"";"";"";"";"";"";"";"";"";"";"";"";"";"";"";"";"";"";"";"0000000617";"0";"Réalisé";"1";"1024";"1039";"doc_final";"0";"2024-11/1732627208-449-Programme-Pr..visionnel-complet-TM.pdf";"";"";"";"0000000617";"1732627208";"1"
"1040";"S033-34";"34";"S033";"communication";"IA de confiance: Quantification d'incertitude";"";"";"Toulouse Data Science";"17/10/2024";"17/10/2024";"Toulouse";"France";"";"";"";"";"";"";"";"";"";"";"";"";"Mouhcine Mendil";"";"";"";"";"";"";"";"";"";"";"";"";"";"0000001083";"0";"Réalisé";"1";"1029";"1040";"doc_final";"0";"2024-11/1732695405-489-uq_tds_diffusion.pdf";"";"";"";"0000001083";"1732695405";"1"
"1041";"S033-35";"35";"S033";"communication";"Prédiction Conforme";"";"";"Plate-Forme Intelligence Artificielle 2024 ";"01/07/2024";"05/07/2024";"La Rochelle";"France";"https://pfia2024.univ-lr.fr/";"";"";"";"";"";"";"";"";"";"";"";"Mouhcine Mendil, Joseba Dalmau";"";"";"";"";"";"";"";"";"";"";"";"";"";"0000001083";"0";"Réalisé";"1";"1030";"1041";"doc_final";"0";"2024-11/1732695537-326-practical_cp.pdf";"";"";"";"0000001083";"1732695537";"1"
"1043";"S033-37";"37";"S033";"communication";"Journée IA, opportunités et défis de demain / Explicabilité + Biais";"";"";"";"24/10/2024";"24/10/2024";"Toulouse";"France";"";"";"";"";"";"";"";"";"";"";"";"";"Agustin Martin PICARD";"";"";"";"";"non";"";"";"";"";"";"";"";"";"0000000617";"0";"Réalisé";"1";"1033";"1043";"doc_final";"0";"2024-11/1732717567-264-defi_explicabilite_bias.pdf";"";"";"";"0000000617";"1732717567";"1"
"1045";"S033-38";"38";"S033";"communication";"Journée IA, opportunités et défis de demain / Réseaux quantifiés + Robustesse";"";"";"";"24/10/2024";"24/10/2024";"Toulouse";"France";"";"";"";"";"";"";"";"";"";"";"";"";"Franck Mamalet";"";"";"";"";"";"";"";"";"";"";"";"";"";"0000000617";"0";"Réalisé";"1";"1034";"1045";"doc_final";"0";"2024-11/1732717794-453-Oct24_24-10-23_defi_robustesse.pdf";"";"Réseaux quantifiés + robustesse";"";"0000000617";"1732717794";"1"
"1046";"S033-39";"39";"S033";"communication";"Présentation à MobiliT.";"";"";"MobiliT.AI";"28/05/2024";"29/05/2024";"Montréal";"Canada";"https://www.mobilit.ai/sample-page/programme-2024/";"";"";"";"";"";"";"";"";"";"";"";"Fanny Jourdan";"IRT Saint Exupéry";"";"";"";"non";"";"";"";"";"";"";"";"";"0000000617";"0";"Réalisé";"1";"1041";"1046";"doc_final";"0";"2024-11/1732787458-653-TaCo---Mobilitai.pptx.pdf";"";"Slides de présentation";"";"0000000617";"1732787458";"1"
"1047";"S033-40";"40";"S033";"communication";"Invited Talk - NLP Group - MILA";"";"";"NLP Reading Group";"10/06/2024";"10/06/2024";"Montréal";"Canada";"https://mcgill-nlp.github.io/reading-group/";"";"";"";"";"";"";"";"";"";"";"";"Fanny Jourdan";"IRT Saint Exupéry";"";"";"";"non";"";"";"";"";"";"";"";"";"0000000617";"0";"Réalisé";"1";"1040";"1047";"doc_final";"0";"2024-11/1732787417-387-XAI_MILA.pptx.pdf";"";"Slides de présentation";"";"0000000617";"1732787417";"1"
"1049";"S033-42";"42";"S033";"communication";"Intervention Repas-Débat pour le Quai des Savoirs";"";"";"Festival Lumière sur le quai";"26/09/2024";"26/09/2024";"Toulouse";"France";"https://openagenda.com/en/quai-des-savoirs/events/biais-et-algorithmes-faut-il-sen-mefier";"";"";"";"";"";"";"";"";"";"";"";"Fanny Jourdan";"IRT Saint Exupéry";"";"";"";"non";"";"";"";"";"";"";"";"";"0000000617";"0";"Réalisé";"1";"1036";"1049";"doc_final";"0";"2024-11/1732786821-234-Pr..sentation_vulgarisation.pdf";"";"Présentation Repas-Débat";"";"0000000617";"1732786821";"1"
"1050";"S033-43";"43";"S033";"communication";"Invited Talk CentraleSupelec";"";"";"Séminaire MICS";"29/10/2024";"29/10/2024";"Gif-sur-Yvette";"France";"";"";"";"";"";"";"";"";"";"";"";"";"Fanny Jourdan";"IRT Saint Exupéry";"";"";"";"non";"";"";"";"";"";"";"";"";"0000000617";"0";"Réalisé";"1";"1035";"1050";"doc_final";"0";"2024-11/1732786627-459-TaCo---CentraleSupelec.pdf";"";"Slides de Présentation";"";"0000000617";"1732786627";"1"
"1051";"S033-44";"44";"S033";"communication";"L'explicabilité dans le NLP";"";"";"Cycle de présentation FOR";"14/05/2024";"14/05/2024";"Toulouse";"France";"";"";"";"";"";"";"";"";"";"";"";"";"Fanny Jourdan";"IRT Saint Exupéry";"";"";"";"non";"";"";"";"";"";"";"";"";"0000000617";"0";"Réalisé";"1";"1045";"1051";"doc_final";"1042";"2024-11/1732807808-855-XAI_NLP-FOR.pptx.pdf";"";"Slides de présentation";"";"0000000617";"1732807808";"1"
"1055";"S033-48";"48";"S033";"communication";"Robustness Assessment for Surrogate Neural Networks";"";"";"ANITI Days";"25/11/2024";"26/11/2024";"Toulouse";"France";"";"";"";"";"";"";"";"";"";"";"";"";"Mélanie Ducoffe";"Airbus, IRT Saint-Exupéry";"";"";"";"";"";"";"";"";"";"";"";"";"0000000816";"0";"Réalisé";"1";"1075";"1055";"doc_publie";"0";"2024-12/1733135631-331-Ducoffe_AnitiVerificationSurrogateNN.pdf";"";"";"";"0000000816";"1733135631";"1"
"1056";"S033-49";"49";"S033";"communication";"Designing a Vision-Based Landing Dataset Compliant with ML Operational Design Domain";"";"";"DEEPGREEN";"16/10/2024";"16/10/2024";"Toulouse";"France";"https://www.onera.fr/fr/deepgreen-2024";"";"";"";"";"";"";"";"15/10/2024";"15/10/2024";"15/10/2024";"";"Cyril Cappi, Noémie Cohen, Mélanie Ducoffe, Christophe Gabreau, Laurent Gardes, Adrien Gauffriau, Jean-Brice Ginestet, Franck Mamalet, Vincent Mussot, Claire Pagetti, David Vigouroux";"Airbus, DGA, IRT Saint Exupéry, ONERA, SNCF";"";"";"";"non";"";"";"";"";"";"";"";"";"0000000695";"0";"Réalisé";"1";"1049";"1056";"doc_final";"0";"2024-11/1732875178-509-Dataset_compliant_ODD_LARD.pptx";"";"Designing a Vision-Based Landing Dataset Compliant with ML Operational Design Domain";"";"0000000695";"1732875178";"1"
"1057";"S033-50";"50";"S033";"communication";"Applying of DEEL Toolbox on LARD";"";"";"DEEPGREEN";"16/10/2024";"16/10/2024";"Toulouse";"France";"https://www.onera.fr/fr/deepgreen-2024";"";"";"";"";"";"";"";"15/10/2024";"15/10/2024";"15/10/2024";"";"Thierry Daubos, Corentin Friedrich, Agustin Martin Picard, Vincent Mussot, Paul Novello, Yannick Prudent";"IRT Saint Exupery";"";"";"";"non";"";"";"";"";"";"";"";"";"0000000695";"0";"Réalisé";"1";"1050";"1057";"doc_final";"0";"2024-11/1732875442-696-Applying_DEEL_toolbox_on_LARD_short_2024.pptx";"";"Applying DEEL Toolbox on LARD";"";"0000000695";"1732875442";"1"
"1061";"S033-52";"52";"S033";"communication";"Démo Craft - Délégation Airbus";"";"";"";"28/12/2024";"28/12/2024";"Toulouse";"France";"";"";"";"";"";"";"";"";"";"";"";"";"David Vigouroux, Agustin Picard";"IRT Saint-Exupéry, IRT Saint-Exupéry";"";"";"";"";"";"";"";"";"";"";"";"";"0000000816";"0";"Réalisé";"1";"1076";"1061";"doc_final";"0";"2024-12/1733221822-754-Craft_CVPR.pdf";"";"";"";"0000000816";"1733221822";"1"
"1066";"S033-53";"53";"S033";"communication";"Towards instance dependent approximation guarantees for Lipschitz approximators, application to Scientific ML.";"";"";"ANITI days";"";"";"";"";"";"";"";"";"";"";"";"";"";"";"";"";"";"";"";"";"";"non";"";"";"";"";"";"";"";"";"0000001149";"0";"Réalisé";"1";"1080";"1066";"doc_final";"0";"2024-12/1733324388-948-Presentation_ANITI_short.pdf";"";"";"";"0000001149";"1733324388";"1"
"1069";"S023-11";"11";"S023";"communication";"Le projet IRMA et l'apport de l’Intelligence Artificielle dans les domaines de la télédétection et de la recherche océanique";"";"";"Table ronde de l’Université Côte d’Azur : Applications de l’IA en télédétection et en sciences marines";"04/12/2024";"04/12/2024";"Biot";"France";"";"";"";"";"";"";"";"";"";"";"";"";"C. Szywala";"IRT Saint Exupéry ";"";"";"";"";"";"";"";"";"";"";"";"";"0000000948";"0";"Réalisé";"1";"1082";"1069";"doc_final";"0";"2024-12/1733832566-741-2024.10.24_Journ..e_IA_Poster_AG.pdf";"";"Poster_projet_IRMA";"";"0000000948";"1733832566";"1"
"1071";"S033-54";"54";"S033";"communication";"Réunion officielle des partenaires Franco québecois : démonstrateurs, DEEL";"";"";"";"06/12/2024";"06/12/2024";"Toulouse";"France";"";"";"";"";"";"";"";"";"";"";"";"";"Gonzalez Ana, Lionel Cordesses, Didier Rigal, Joel Bertrand, Loic Courtot, Régis Lhomme";"IRT Saint Exupéry";"";"";"";"";"";"";"";"";"";"";"";"";"0000000617";"0";"Réalisé";"1";"1083";"1071";"doc_final";"0";"2024-12/1733916440-299-Prog-061224-.002..pdf";"";"Programme 0612";"";"0000000617";"1733916440";"1"
"1072";"S033-55";"55";"S033";"communication";"Visite de la Leadership In-service Engineering d'Airbus";"";"";"";"28/11/2024";"28/11/2024";"";"";"";"";"";"";"";"";"";"";"";"";"";"";"Grégory Flandin";"";"";"";"";"";"";"";"";"";"";"";"";"";"0000000617";"0";"Réalisé";"1";"1084";"1072";"doc_final";"0";"2024-12/1734002088-179-Visite-de-la-Leadership-In-service-Engineering-d.Airbus.jpg";"";"Agenda";"";"0000000617";"1734002088";"1"
"1073";"S033-57";"57";"S033";"communication";"Prédiction Conforme - ALSTOM";"";"";"";"17/09/2024";"17/09/2024";"";"";"";"";"";"";"";"";"";"";"";"";"";"";"Sébastien Gerchinovitz";"IRT Saint Exupéry";"";"";"";"";"";"";"";"";"";"";"";"";"0000000734";"0";"Réalisé";"1";"1087";"1073";"doc_publie";"0";"2024-12/1734018446-647-DEEL-UQ-overview-20240916.pptx";"";"";"";"0000000734";"1734018446";"1"
"1074";"S033-56";"56";"S033";"communication";"DEEL présentation Sorbonne";"";"";"";"";"";"";"";"";"";"";"";"";"";"";"";"";"";"";"";"Grégory Flandin";"";"";"";"";"non";"";"";"";"";"";"";"";"";"0000000617";"0";"Réalisé";"1";"1085";"1074";"doc_final";"0";"2024-12/1734017921-618-DEEL-Sorbonne-.jpg";"";"";"";"0000000617";"1734017921";"1"
"1075";"S006-5";"5";"S006";"communication";"Usability of Systems Modelling Environment, an Empirical Study ";"";"";"2025 AFIS/IEEE Workshop on Research Trends in Systems Design";"16/01/2025";"16/01/2025";"Paris";"France";"https://afis-workshop-2025.sciencesconf.org/";"";"";"";"";"";"";"";"";"";"";"";"Jean-Marie Gauthier,  Cyril Hatchi Jérôme Fasquel, Julien Baclet Pierre Gaufillet";"IRT Saint Exupéry, HDGroup, IRT Saint Exupéry, IRT Saint Exupéry, Airbus Defense and Space";"";"";"";"non";"";"";"";"";"";"";"";"";"0000000289";"0";"Réalisé";"1";"1093";"1075";"doc_final";"0";"2025-01/1736162369-537-Usability_of_EasyMOD_AFIS_Workshop.pdf";"";"Usability of Systems Modelling Environment, an Empirical Study";"";"0000000289";"1736162369";"1"
"1076";"S006-6";"6";"S006";"communication";"Enhancing Systems Engineering Activities through Human AI Collaboration with Large Language Models ";"";"";"Towards Sustainable Aviation Summit (TSAS 2025)";"28/01/2025";"30/01/2025";"Toulouse";"France";"https://www.3af-tsas.com/";"";"";"";"";"";"";"";"";"";"";"";"Jean-Marie Gauthier,  Amhad Berjaoui";"IRT Saint Exupéry, IRT Saint Exupéry";"";"";"";"non";"";"";"";"";"";"";"";"";"0000000289";"0";"Réalisé";"1";"1092";"1076";"doc_publie";"0";"2025-01/1736162320-170-TSAS_SE_Assistant.pptx";"";"";"";"0000000289";"1736162320";"1"
"1079";"S038-47";"47";"S038";"communication";"Edge AI and Hardware Accelerators";"";"";"ESA Morpheus Workshop on Edge AI and Neuromorphic hardware accelerators";"06/05/2024";"07/05/2024";"Noordwijk";"Pays-Bas";"https://atpi.eventsair.com/morpheus/";"";"";"";"";"";"";"";"";"";"";"";"E. Kervennic";"IRT Saint Exupéry";"";"";"";"non";"";"";"";"";"";"";"";"";"0000000829";"0";"Réalisé";"1";"1088";"1079";"doc_final";"0";"2025-01/1735830151-488-2024_05_06---Morpheus-IRT---30-04.pdf";"";"Présentation";"";"0000000829";"1735830151";"1"
"1085";"S033-58";"58";"S033";"communication";"L’explicabilité dans le NLP : identifier les biais dans les gros modèles de langue";"";"";"8eme journée de statistique mathématique";"16/01/2025";"16/01/2025";"Paris";"France";"https://statmath2025.sciencesconf.org/?lang=fr";"";"";"";"";"";"";"";"";"";"";"";"Fanny Jourdan";"IRT Saint Exupery";"";"";"";"non";"";"";"";"";"";"";"";"";"0000000617";"0";"Réalisé";"1";"1099";"1085";"doc_final";"0";"2025-01/1737108317-195-XAI_NLP_IHP.pdf";"";"slides";"";"0000000617";"1737108317";"1"
"1089";"S033-59";"59";"S033";"communication";"Technology deep dive: Managing Uncertainty with PUNCC";"";"";"Digital Factory Days";"22/01/2025";"22/01/2025";"";"";"";"";"";"";"";"";"";"";"";"";"";"";"Mouhcine Mendil";"";"";"";"";"";"";"";"";"";"";"";"";"";"0000001083";"0";"Réalisé";"1";"1106";"1089";"doc_final";"0";"2025-01/1737560192-207-2025-01-22-ETF-Digital-Factory-Days_PUNCC.pdf";"";"";"";"0000001083";"1737560192";"1"
"1096";"S033-61";"61";"S033";"communication";"Présentation XAI Séminaire Pole Data";"";"";"Centre Léon Bérard";"11/02/2025";"11/02/2025";"Lyon";"France";"";"";"";"";"";"";"";"";"";"";"";"";"Fanny Jourdan";"IRT Saint Exupéry";"";"";"";"non";"";"";"";"";"";"";"";"";"0000000617";"0";"Réalisé";"1";"1113";"1096";"doc_final";"0";"2025-02/1739286514-708-Fanny-_Jourdan_XAI_NLP_LeonBerard.pdf";"";"";"";"0000000617";"1739286514";"1"
"1101";"S023-12";"12";"S023";"communication";"Dynamic Mission Planning Performances for Earth Observing Satellites with Adaptive Multi-Agent System";"";"";"International Workshop on Planning & Scheduling for Space";"28/04/2025";"30/04/2025";"Toulouse";"France";"https://sites.google.com/view/iwpss2025/";"";"";"";"";"";"";"";"";"";"";"";"B. Marchand, B. Francesconi, A. Girard, E. Kaddoum, A. Perles";"IRT Saint-Exupéry, Thales Alenia Space, IRIT Université de Toulouse";"";"";"";"non";"";"";"";"";"";"";"";"";"0000000829";"0";"Réalisé";"1";"1206";"1101";"doc_publie";"0";"2025-05/1747661233-684-Mission-Planning-for-Earth-Observing-Satellites-Using-AMAS---IWPSS-2025---Benjamin-Marchand---V2---28032025.pdf";"";"";"";"0000000948";"1747661233";"1"
"1102";"S022-2";"2";"S022";"communication";"A Satellite Constellation Simulator for Space Systems Cybersecurity Research and Development";"";"";"Security for Space Systems (3S)";"04/11/2025";"06/11/2025";"Noordwijk";"Netherlands";"https://security4space.esa.int/2025/";"";"";"";"";"";"";"";"04/04/2025";"30/05/2025";"01/10/2025";"";"Simone Urbano, Jacques Girard, Louis Lolive, Vincent Nicomette, Pierre Bacquet, Patrick Hebrard, Guillaume Auriol, Ludovic Cintrat, Benjamin Deporte, Julien Airaud, Matteo Merialdo.";"Starion Group France, Thales Alenia Space, IRT Saint Exupéry,  LAAS-CNRS, Thales Alenia Space, Starion Group France, LAAS-CNRS, Gatewatcher, IRT Saint Exupery, CNES, Nexova. ";"";"";"";"non";"";"";"";"";"";"";"";"";"0000001023";"0";"Réalisé";"1";"1342";"1102";"doc_publie";"0";"2025-11/1764163521-760-A-Satellite-Constellation-Simulator-for-Space.pdf";"";"";"";"0000001023";"1764163521";"1"
"1103";"A120-8";"8";"A120";"communication";"Design Optimization of Integrated CM/DM Inductors for Power Drive Input Filter";"";"";"EPE 2025";"31/03/2025";"04/04/2025";"Paris";"France";"https://epe2025.com/";"";"";"";"";"";"";"";"15/08/2024";"15/11/2025";"17/02/2025";"";"Rodrigo Drummond (1,2), Bernardo Cougo (1), Duc-Hoan Tran (1), Gregory Almeida (1), Sébastien Serpaud (1), Victor Dos Santos (1,3), Lenin M. F. Morais (2)";"(1) IRT Saint Exupéry, (2) Graduate Program in Electrical Engineering - Universidade Federal de Minas Gerais, (3) Safran Tech";"";"";"";"";"";"";"";"";"";"";"";"";"0000000046";"0";"Réalisé";"1";"1119";"1103";"doc_final";"0";"2025-02/1740042846-380-DRUMMOND_Design_Optimization_of_CM_DM_Inductors_v3.pdf";"";"Final version";"";"0000001358";"1740042846";"1"
"1122";"A064-7";"7";"A064";"communication";"Cyclage de puissance à haute fréquence des onduleurs triphasés pour les applications aéronautiques";"";"";"SGE 2025";"01/07/2025";"03/07/2025";"Toulouse";"France";"";"";"";"";"";"";"";"";"21/02/2025";"";"";"";"Alice Teixeira2, Bernardo COUGO1, Lenin M. F. MORAIS2, Marco ANDRADE";"IRT Saint Exupery, UFMG/Brésil";"";"";"";"";"";"";"";"";"";"";"";"";"0000000046";"0";"Réalisé";"1";"1136";"1122";"doc_final";"0";"2025-03/1742374501-490-Resume_SGE2025_FR_High-Frequency-Power-Cycling-of-Three-Phase-Inverters-for-Aircraft-Applications-Mod-COGO.docx";"";"";"";"0000000046";"1742374501";"1"
"1123";"A064-8";"8";"A064";"communication";"High Frequency Power Cycling of Three-Phase Inverters for Aircraft Applications";"";"";"ESREF2025";"06/10/2025";"09/10/2025";"Bordeaux";"France";"";"";"";"";"";"";"";"";"25/03/2025";"";"";"";"Alice Teixeira1,2, Bernardo Cougo1, Lenin M. F. Morais3, Marco Andrade1";"IRT Saint Exupery; UFMG/Brésil";"";"";"";"";"";"";"";"";"";"";"";"";"0000000046";"0";"Refusé";"1";"1137";"1123";"doc_final";"0";"2025-03/1742374590-349-ESREF2025_paper_48.pdf";"";"";"";"0000000046";"1742374590";"1"
"1124";"A120-9";"9";"A120";"communication";"Optimisation de la conception des selfs intégrées MC/MD pour le filtre d'entrée des chaînes electromécaniques";"";"";"SGE 2025";"";"";"Toulouse";"";"";"";"";"";"";"";"";"";"20/02/2025";"";"";"";"Rodrigo DRUMMOND1,2, Bernardo COUGO1, Duc-Hoan TRAN1, Victor DOS SANTOS1,3, Gregory ALMEIDA1, Sébastien SERPAUD1, Lenin M. F. MORAIS2";"1IRT Saint Exupéry, Toulouse,  France; 2Universidade Federal de Minas Gerais, Belo Horizonte, Brésil ; 3SAFRANTECH, Toulouse, France";"";"";"";"";"";"";"";"";"";"";"";"";"0000000046";"0";"Réalisé";"1";"1139";"1124";"doc_final";"1138";"2025-03/1742374997-881-Abstract_SGE2025_IntegratedDMCMInductor_French-mod-COUGO.docx";"";"";"";"0000000046";"1742374997";"1"
"1125";"A120-10";"10";"A120";"communication";"Analyse des Convertisseurs SiC Haute Bande Passante pour les Applications Automobiles et Aéronautiques  ";"";"";"SGE 2025";"";"";"Toulouse";"";"";"";"";"";"";"";"";"";"20/02/2025";"";"";"";"Israel DIVAN1,2, Bernardo COUGO1, Lenin M. F. MORAIS2";"1IRT Saint Exupéry, Toulouse, France 2Universidade Federal de Minas Gerais, Belo Horizonte, Brésil";"";"";"";"";"";"";"";"";"";"";"";"";"0000000046";"0";"Réalisé";"1";"1140";"1125";"doc_final";"0";"2025-03/1742375118-487-Abstract_SGE2025_ConvertisseurHauteBandePassante_French_corrige-V2.docx";"";"";"";"0000000046";"1742375118";"1"
"1126";"A120-11";"11";"A120";"communication";"Analysis of Multilevel High Bandwidth Converters based on SiC Technology for Automotive and Aircraft Applications";"";"";"ECCE Europe 2025";"31/08/2025";"04/09/2025";"Birmingham";"England";"";"";"";"";"";"";"";"";"17/07/2025";"";"30/06/2025";"";"Israel Divan, Bernardo Cougo, Lenin Morais";"IRT Saint-Exupery; UFMG/Brésil";"";"";"";"non";"";"";"";"";"";"";"";"";"0000000046";"0";"Réalisé";"1";"1240";"1126";"doc_final";"1141";"2025-07/1752756562-391-IEEE_Analysis_of_Multilevel_High_Bandwidth_Converter_based_in_SiC_IDLC_V0.pdf";"";"";"";"0000000046";"1752756562";"1"
"1127";"E039-46";"46";"E039";"communication";"Multi objective and highly precise optimization of high performance SiC and GaN multilevel power inverters with severe constraints";"";"";"EPE 2025";"31/03/2025";"04/04/2025";"Paris";"France";"";"";"";"";"";"";"";"";"";"";"";"";"Bernardo Cougo";"IRT Saint-Exupery";"";"";"";"";"";"";"";"";"";"";"";"";"0000000046";"0";"Réalisé";"1";"1142";"1127";"doc_final";"0";"2025-03/1742376313-416-Presentation-Tutorial-EPE2025---Bernardo-COUGO---SiC-GaN-Power-Converter---for-PDF.pdf";"";"";"";"0000000046";"1742376313";"1"
"1129";"E039-47";"47";"E039";"communication";"Dependability and High Performance Optimization of next generation of Power Drive Systems for Aircraft Applications";"";"";"TSAS 2025";"28/01/2025";"30/01/2025";"Toulouse";"France";"https://www.3af-tsas.com/";"";"";"";"";"";"";"";"11/12/2024";"";"15/01/2025";"";"Bernardo Cougo, Sebastien Serpaud, Fabio Coccetti";"IRT Saint-Exupery";"";"";"";"";"";"";"";"";"";"";"";"";"0000000046";"0";"Réalisé";"1";"1144";"1129";"doc_final";"0";"2025-03/1742390837-212-Final-Paper---Dependability-and-High-Performance-Power-Drive-Systems_-IRT--COCCETTI.pdf";"";"";"";"0000000046";"1742390837";"1"
"1130";"V244-1";"1";"V244";"communication";"Banc d’essais de cycles thermiques haute fréquence des modules de puissance en SiC pour onduleurs et redresseurs";"";"";"SGE 2025";"01/07/2025";"03/07/2025";"Toulouse";"France";"";"";"";"";"";"";"";"";"11/02/2025";"12/03/2025";"19/05/2025";"";"Rodrigo DRUMMOND, Bernardo COUGO, Duc Hoan TRAN, Israel DIVAN";"IRT Saint Exupéry, Toulouse, France; UFMG, Belo Horizonte, Brésil;";"";"";"";"non";"";"";"";"";"";"";"";"";"0000001296";"0";"Réalisé";"1";"1147";"1130";"doc_final";"1145";"2025-03/1742393315-425-Abstract_SGE2025_BancDeTestImpedanceThermiqueHauteFrequence_FR_Vfinale-3.pdf";"";"";"";"0000001296";"1742393315";"1"
"1131";"V244-2";"2";"V244";"communication";"Application-representative high-frequency power cycling of SiC power modules used in inverters and rectifiers";"";"";"ESREF 2025";"06/10/2025";"09/10/2025";"Bordeaux";"France";"";"";"";"";"";"";"";"";"25/03/2025";"14/05/2025";"12/06/2025";"";"Rodrigo Drummond, Bernardo Cougo, Duc Hoan Tran";"IRT Saint-Exupery";"";"";"";"oui";"";"";"";"";"";"";"";"";"0000001296";"0";"Réalisé";"1";"1146";"1131";"doc_final";"0";"2025-03/1742393148-895-Drummond_HFPC_paper_ESREF_2025.pdf";"";"";"";"0000001296";"1742393148";"1"
"1133";"E009-10";"10";"E009";"communication";"Aging of p-GaN gate HEMTs under hard-switching conditions";"";"";"ESREF 2025";"06/10/2025";"09/10/2025";"Bordeaux";"France";"https://esref2025.sciencesconf.org/";"";"";"";"";"";"";"";"";"";"";"";"A. Diouf (a,e), V. Rustichelli (a), M. Alam (a) , L. Pace (b), E. Marcault (c), T. Grzes (d), H. Morel(e)";"(a) IRT Saint-Exupery, 3 Rue Tarfaya, 31400 Toulouse, France (b) Ecole Centrale de Lyon, INSA Lyon, Université Claude Bernard Lyon 1, CNRS, Ampère, UMR5005, 69130 Ecully, France (c) Commissariat à l’Énergie Atomique et aux Énergies Alternatives, CEA Occit";"";"";"";"non";"";"";"";"";"";"";"";"";"0000000831";"0";"Réalisé";"1";"1354";"1133";"doc_final";"1150";"2025-12/1764696889-647-ESREF_2025_Abstract_A_Diouf.pdf";"";"";"";"0000000831";"1764696889";"1"
"1141";"E009-12";"12";"E009";"communication";"Modeling and measurement of high frequency temperature variation of GaN transistors for inverter and rectifier applications";"";"";"ESREF 2025";"06/10/2025";"09/10/2025";"Bordeaux";"France";"https://esref2025.sciencesconf.org/";"";"";"";"";"";"";"";"18/03/2025";"";"06/06/2025";"";"Duc Hoan TRAN, Bernardo COUGO, Rodrigo DRUMMOND, Israel DIVAN, Gilles SEGOND";"IRT Saint-Exupery";"";"";"";"";"";"";"";"";"";"";"";"";"0000000821";"0";"Réalisé";"1";"1165";"1141";"doc_final";"0";"2025-04/1743594960-133-ESREF_2025_Abstract_Modeling-and-measurment-of-high-frequency-temperature-variation-of-GaN-transistors-for-inverter-applications.pdf";"";"Modeling and measurement of high frequency temperature variation of GaN transistors for inverter and rectifier applications";"";"0000000831";"1743594960";"1"
"1142";"E009-13";"13";"E009";"communication";"Failure Mechanisms of GaN HEMTs in Single Event Destructive Short-Circuit at Different VDS Voltage Levels";"";"";"ESREF 2025";"06/10/2025";"09/10/2025";"Bordeaux";"France";"https://esref2025.sciencesconf.org/";"";"";"";"";"";"";"";"";"";"";"";"M.Dedew (a,b),  S. Lefebvre (c), T.A. Nguyen (c), T.L. Le (d), V. Rustichelli (a), J. Oliveira (a), M. Alam (a), F. Coccetti (a)";"(a) IRT Saint-Exupéry, 3 rue Tarfaya, B612, 31400, Toulouse, France (b) SATIE, Université Paris-Saclay, ENS Paris-Saclay, 4, avenue des sciences 91190, Gif-Sur-Yvette, France (c) SATIE, Cnam, 292, rue Saint Martin, 75141, Paris Cedex 03, France (d) SAFRAN";"";"";"";"non";"";"";"";"";"";"";"";"";"0000000831";"0";"Réalisé";"1";"1156";"1142";"doc_final";"1155";"2025-04/1743494113-613-ESREF_2025_Abstract_Dedew.pdf";"";"Failure Mechanisms of GaN HEMTs in Single Event Destructive Short-Circuit at Different VDS Voltage Levels";"";"0000000831";"1743494113";"1"
"1143";"E009-14";"14";"E009";"communication";"Permanent degradation of p-GaN HEMTs due to repetitive overvoltage stress during hard turn-off switching";"";"";"ESREF 2025";"06/10/2025";"09/10/2025";"Bordeaux";"France";"https://esref2025.sciencesconf.org/";"";"";"";"";"";"";"";"";"";"";"";"T. Vadebout (a), P. Bevilacqua (a) , V. Rustichelli (b) , M. Alam (b) , L. Allirand (c) and H. Morel (a)";"(a) INSA Lyon, Université Claude Bernard Lyon 1, Centrale Lyon, CNRS, Ampère, F-69621, France (b) IRT Saint Exupery, F-31400, France (c) Schaeffler, F-31100, France";"";"";"";"non";"";"";"";"";"";"";"";"";"0000000831";"0";"Réalisé";"1";"1157";"1143";"doc_final";"0";"2025-04/1743494510-736-ESREF_2025_Abstract_Vadebout.pdf";"";"""Permanent degradation of p-GaN HEMTs due to repetitive overvoltage stress during hard turn-off switching""";"";"0000000831";"1743494510";"1"
"1150";"E009-19";"19";"E009";"communication";"Gate Resistance Effect on Short-Circuit Robustness of p-GaN HEMTs";"";"";"PCIM 2024";"11/06/2024";"13/06/2024";"Nuremberg";"Germany";"";"";"";"";"";"";"";"";"";"";"";"";"M. L; Dedew (a,b) , T.A.Nguyen (b) , T.Le (c) , M.Landel (b) , V.Rustichelli (a) , J.Oliveira(a), M. Alam(a) , F. Coccetti(a) , S. Lefebvre (b)";"(a) IRT Saint-Exupéry, France (b) SATIE, Cnam, CNRS, ENS Paris-Saclay, Université Paris-Saclay, France (c) SAFRAN TECH, France";"";"";"";"";"";"";"";"";"";"";"";"";"0000000831";"0";"Réalisé";"1";"1263";"1150";"doc_final";"0";"2025-08/1756196707-786-PCIM2024_Manuscript_DEDEW_final_2.pdf";"";"";"";"0000000831";"1756196707";"1"
"1159";"M010-6";"6";"M010";"communication";"Impact of heat treatments on the microstructure and the mechanical properties of ?/?' Ni-based superalloys obtained by DED processes : towards spatially & functionally graded parts";"";"";"TMS 2025";"23/03/2025";"27/03/2025";"Las Vegas";"Etats-Unis";"https://www.tms.org/TMS2025";"";"";"";"";"";"";"";"02/07/2024";"20/08/2024";"";"";"G.Burlot1,2, B. Max2, A. Prillieux2, A. Proietti3, E. Saly1,4, R. Lebot1,4, P. Sallot4, E. Ferreira5, A. Rapetti1, S. Hemery1, M. Sazerat1,5, R. Bordas1, S. Gillet6, A. Cervellon6, J. Cormier1";"1 Institut Pprime - Chasseneuil du Poitou, 2 IRT Saint-Exupéry - Toulouse, 3 Centre Castaing - Toulouse, 4 Safran Tech - Magny les Hameaux, 5 Safran Additive Manufacturing Campus - Le Haillan, 6 Safran Aircraft Engines - Châtellerault";"";"";"";"";"";"";"";"";"";"";"";"";"0000000101";"0";"Réalisé";"1";"1169";"1159";"doc_final";"0";"2025-04/1744183623-439-TMS_2025_Burlot_Vfinale.pdf";"";"Slides Présentation TMS_2025_G.Burlot";"";"0000000101";"1744183623";"1"
"1167";"E005-6";"6";"E005";"communication";"Vitrimers for power electronics";"";"";"IWIPP 2025";"08/04/2025";"10/04/2025";"Tuscaloosa";"United States of America";"https://iwipp.org/";"";"";"";"";"";"";"";"08/04/2025";"08/04/2025";"08/04/2025";"";"Partie 1 et 2 : Arati Baptiste (1), Labalette Marina (1), Coccetti Fabio (1) / Partie 3 :  Arati Baptiste (2-3), Bley Vincent (2), Teyssedre Gilbert (2), Pichon Pierre-Yves (3)";"(1) - IRT Saint-Exupery, (2) Laplace, (3) Mitsubishi Electrics R&D Centre Europe";"";"";"";"non";"";"";"";"";"";"";"";"";"0000001461";"0";"Réalisé";"1";"1178";"1167";"doc_final";"0";"2025-04/1744705707-241-20250408_IWIPP2025_Arati.pdf";"";"Vitrimers for power electronics";"Présentation donnée à la conférence IWIPP2025, en regard d'un article proposé par l'IRT et de précédents travaux développés par le Laplace/Mitsubishi Electrics R&D Centre Europe.";"0000000397";"1744705707";"1"
"1172";"S087-20";"20";"S087";"communication";"A COMPARISON OF MDO BI-LEVEL FORMULATION VARIANTS WITH MDF ON A HIGH-FIDELITY AEROELASTIC WING TEST CASE";"";"";"AEROBEST  2025";"22/04/2025";"24/04/2025";"Lisbon";"Portugal";"";"";"";"";"";"";"";"";"";"";"";"";"Gilberto Ruiz Jimenez, Nicolas Roussouly, Francois Gallard, Anne Gazaix, Joel Brezillon2 Kittinan Thanissaranon, Vida Bruck and Joaquim R.R.A. Martins";"IRT Saint Exupéry, Airbus, University of Michigan";"";"";"";"non";"";"";"";"";"";"";"";"";"0000000074";"0";"Réalisé";"1";"1410";"1172";"doc_publie";"0";"2025-12/1766407674-542-A_comparison_of_MDO_Bi_level_Formulation_Variants_with_MDF_on_a_High_Fidelity_Aeroelastic_Wing_Test_case.pdf";"";"";"";"0000000074";"1766407674";"1"
"1173";"S087-21";"21";"S087";"communication";"PRECONDITIONING TECHNIQUES FOR GENERAL CONSTRAINED OPTIMIZATION PROBLEMS: APPLICATION TO INDUSTRIAL AEROSPACE COMPONENT DESIGN";"";"";"AEROBEST 2025";"22/04/2025";"24/04/2025";"Lisbon";"Portugal";"";"";"";"";"";"";"";"";"";"";"";"";"Shouvik Bandopadhyay, Francois Gallard, and Simone Coniglio";"IRT Saint Exupéry, Airbus";"";"";"";"non";"";"";"";"";"";"";"";"";"0000000074";"0";"Réalisé";"1";"1408";"1173";"doc_publie";"0";"2025-12/1766401379-719-Aerobest_2025_preconditioning_paper_final_version.pdf";"";"";"";"0000000074";"1766401379";"1"
"1178";"A070-1";"1";"A070";"communication";"Optimal aircraft fleet and energy mix under limited availability of resources";"";"";"ISABE 2024";"";"";"Toulouse";"France";"";"";"";"";"";"";"";"";"";"";"";"";"Ian Costa-Alves,  Nicolas Gourdain, François Gallard and Anne Gazaix";"IRT Saint Exupéry, ISAE-SupAero";"";"";"";"";"";"";"";"";"";"";"";"";"0000000074";"0";"Réalisé";"1";"1193";"1178";"doc_final";"0";"2025-04/1745163924-450-ISABE_2024_Manuscript_ian_COSTA_ALVES_vFINAL.pdf";"";"Optimal aircraft fleet and energy mix under limited availability of resources";"";"0000000074";"1745163924";"1"
"1180";"U010-3";"3";"U010";"communication";"TOWARD DISTRIBUTED AND SCALABLE MULTI-DISCIPLINARY OPTIMIZATION WITH GEMSEO";"";"";"AEROBEST 2025";"22/04/2025";"24/04/2025";"Lisbon";"Portugal";"";"";"";"";"";"";"";"";"";"";"";"";"Jean-Christophe Giret, Francois Gallard, Antoine Dechaume, Jérome Fasquel, Jean-Francois Figué and Anne Gazaix";"IRT Saint Exupéry";"";"";"";"";"";"";"";"";"";"";"";"";"0000000697";"0";"Réalisé";"1";"1195";"1180";"doc_final";"0";"2025-04/1745164460-907-Papier_Aerobest_Platform_Aerobest.pdf";"";"TOWARD DISTRIBUTED AND SCALABLE MULTI-DISCIPLINARY OPTIMIZATION WITH GEMSEO";"";"0000000074";"1745164460";"1"
"1183";"A074-3";"3";"A074";"communication";"Etude de l'impact des variations d'épaisseur d'un composite tissé sur les propriétés mécaniques";"";"";"26eme Congrès Français de Mécanique";"25/08/2025";"29/08/2025";"Metz";"France";"https://cfm2025.sciencesconf.org/";"";"";"";"";"";"";"";"22/04/2025";"";"";"";"Mickael Leicht, Gautier Girard, Norman Mathieu, Baptiste Arati, Fabio Coccetti, Sébastien Mercier";"";"";"";"";"";"";"";"";"";"";"";"";"";"0000000831";"0";"Réalisé";"1";"1197";"1183";"doc_final";"0";"2025-04/1745327822-750-2025_04_16---CFM_LEICHT_APU.pdf";"";"";"";"0000001271";"1745327822";"1"
"1188";"S023-14";"14";"S023";"communication";"Onboard AI for Environmental Monitoring: Early In-Orbit Results from Multi-Mission Demonstrations";"";"";"European Conference on Artificial Intelligence (ECAI 2025)";"25/10/2025";"30/10/2025";"Bologne";"Italie";"https://ecai2025.org/";"";"";"";"";"";"";"";"";"";"";"";"T. Goudemant, C. Szywala, A. Girard";"IRT Saint Exupéry";"";"";"";"";"";"";"";"";"";"";"";"";"0000000948";"0";"Refusé";"1";"1201";"1188";"doc_final";"1200";"2025-05/1747127300-376-Onboard-AI-for-Environmental-Monitoring-Early-In-Orbit-Results-from-Multi-Mission-Demonstrations---ECAI-2025---VF---Double-blind---Compress...pdf";"";"Papier compressé";"";"0000000948";"1747127300";"1"
"1189";"S033-62";"62";"S033";"communication";"Explainable AI : Basics and Some Challenges and Opportunities for Energy domain";"";"";"ESIA 2025";"13/04/2025";"14/05/2025";"Strasbourg";"France";"https://afia.asso.fr/ecoles-saisonnieres-afia/esia-2025/";"";"";"";"";"";"";"";"";"";"";"";"Wassila Ouerdane, Antonin Poché";"Wassila Ouerdane: Centrale Supélec ; Antonin Poché: IRT Saint Exupéry & IRIT";"";"";"";"non";"";"";"";"";"";"";"";"";"0000000617";"0";"Réalisé";"1";"1204";"1189";"doc_final";"0";"2025-05/1747320836-977-Wassila_Ouerdane_ESIA2025.pdf";"";"Slides de la présentation";"3h de présentation dont une partie pratique.";"0000000617";"1747320836";"1"
"1194";"U017-3";"3";"U017";"communication";"Evaluating the reliability of highly demanding Power Electronic for electrical mobility : key findings from Archimedes Chips JU Project & other collaborative projects";"";"";"ADTC 2025";"14/05/2025";"16/05/2025";"Grenoble";"France";"https://adtc-conference.eu/";"";"";"";"";"";"";"";"";"12/05/2025";"14/05/2025";"";"Marina Labalette";"IRT saint exupery";"";"";"";"";"";"";"";"";"";"";"";"";"0000001272";"0";"Réalisé";"1";"1209";"1194";"doc_final";"0";"2025-05/1747745264-402-ADTC-May-2025-TS-Power-Electronics_-Marina-Labalette_final-250515.pdf";"";"Evaluating the reliability of highly demanding Power Electronic for electrical mobility : key findings from Archimedes Chips JU Project & other collaborative projects";"To achieve carbon neutrality by 2050, the EU Green Deal outlines a range of initiatives, including the development of efficient, safe, and environmentally friendly transportation systems. A key element of this strategy is the large-scale electrification of vehicles, including planes, cars, and trains.
Wide Band Gap (WBG) components, based on SiC (Silicon Carbide) and GaN (Gallium Nitride) technologies, are promising candidates to support this rapid electrification. However, ensuring their reliability is a critical prerequisite. This is the main focus of the Archimedes Chips Joint Undertaking (JU) project, which aims to develop reliable, dependable, and robust WBG technologies.
In this talk, the speaker will share insights into the Archimedes project, as well as highlight other collaborative initiatives at IRT, such as SiCRET and GaNRET. Finally, the conclusion will address the potential unintended consequences of relying solely on electrification measures, involving massive use of Power Electronics, to achieve decarbonization.”
";"0000001272";"1747745264";"1"
"1195";"S023-15";"15";"S023";"communication";"Le projet IRMA - Une illustration de l’utilisation de l’IA pour le spatial, des centres de données HPC aux dispositifs embarqués";"";"";"Forum Teratec 2025";"21/05/2025";"22/05/2025";"Paris";"France";"https://www.forumteratec.com/";"";"";"";"";"";"";"";"";"";"";"";"A. Girard";"IRT Saint Exupéry";"";"";"";"non";"";"";"";"";"";"";"";"";"0000000948";"0";"Réalisé";"1";"1210";"1195";"doc_final";"0";"2025-05/1747755673-924-2025_05_22---Teratec---Adrien-GIRARD.pdf";"";"Présentation";"";"0000000948";"1747755673";"1"
"1196";"S023-16";"16";"S023";"communication";"Explaining raw data complexity to improve satellite onboard processing";"";"";"European Data Handling &  Data Processing Conference (EDHPC 2025)";"13/10/2025";"17/10/2025";"Elche";"Espagne";"https://atpi.eventsair.com/edhpc-2025/";"";"";"";"";"";"";"";"";"";"";"";"A. Dorise, M. Bellizzi, A. Girard, S. May";"CNES, IRT Saint Exupéry";"";"";"";"non";"";"";"";"";"";"";"";"";"0000000948";"0";"Réalisé";"1";"1322";"1196";"doc_publie";"0";"2025-11/1763374076-171-DORISE2025_explaining_raw_data_complexity_for_onboard_processing_v2.pdf";"";"";"";"0000000948";"1763374076";"1"
"1203";"U017-4";"4";"U017";"communication";"Contribution à la définition des enjeux et verrous de la soutenabilité en électronique de puissance";"";"";"SGE2025";"01/07/2025";"03/07/2025";"TOULOUSE";"France";"https://sge2025.sciencesconf.org/resource/page/id/13";"";"";"";"";"";"";"";"";"";"30/05/2025";"";"Adrien Voldoire1, Guillaume Vine2, Luiz Villa3, Paul-Etienne Vidal2, Ulrich Soupremanien4, Florentin Salomez5, Boubakr Rahmani6, Tanguy Phulpin1, Pierre Lefranc5, Lionel Laudebat7, Marina Labalette13, Pierre-Olivier Jeannin5, Hugo Helbling8, Suzanne Guill";"Université Paris-Saclay, CentraleSupélec, CNRS, Laboratoire de Génie Électrique et Électronique de Paris, 91192, Gif-sur-Yvette, France 2 Univ. Toulouse, INP-ENIT, LGP, 65000 Tarbes, France 3 LAAS-CNRS, 7 avenue du Colonel Roche, 31031, Toulouse, France 4";"";"";"";"";"";"";"";"";"";"";"";"";"0000001272";"0";"Réalisé";"1";"1218";"1203";"doc_final";"0";"2025-06/1749558055-789-GT-CEPPS_SGE_2025_v20250530-.version-finale..pdf";"";"";"";"0000001272";"1749558055";"1"
"1206";"S033-63";"63";"S033";"communication";"DRIM: Learning Disentangled Representations from Incomplete Multimodal Healthcare Data";"";"";"MICCAI";"06/10/2024";"10/10/2024";"MARRAKESH";"MOROCCO";"https://conferences.miccai.org/2024/en/";"";"";"";"";"";"";"";"";"";"";"";"Lucas Robinet, Ahmad Berjaoui, Ziad Kheil, Elizabeth Cohen-Jonathan Moyal";"IUCT , IRT Saint Exupery";"";"";"";"";"";"";"";"";"";"";"";"";"0000000591";"0";"Réalisé";"1";"1332";"1206";"doc_final";"1331";"2025-11/1764065418-809-DRIM---Learning-Disentangled-Representations-from-Incomplete-Multimodal-Healthcare-Data.pdf";"";"";"";"0000000591";"1764065418";"1"
"1208";"S033-65";"65";"S033";"communication";"Multimodal Masked Autoencoder Pre-training for 3D MRI-Based Brain Tumor Analysis with Missing Modalities";"";"";"European Conference on Artificial Intelligence (ECAI)";"25/10/2025";"30/10/2025";"Bologne";"Italie";"https://ecai2025.org/";"";"";"";"";"";"";"";"";"";"";"";"Lucas Robinet, Ahmad Berjaoui, Elizabeth Cohen-Jonathan Moyal";"IUCT, IRT SAINT EXUPERY";"";"";"";"";"";"";"";"";"";"";"";"";"0000000591";"0";"Réalisé";"1";"1339";"1208";"doc_final";"0";"2025-11/1764066009-359-Multimodal-Masked-Autoencoder-Pre-training-for-3D-MRI-Based-Brain-Tumor-Analysis-with-Missing-Modalities.pdf";"";"";"";"0000000591";"1764066009";"1"
"1212";"S033-69";"69";"S033";"communication";"Utilisation de l’IA pour la prise en charge personnalisée des patients porteurs de glioblastome";"";"";"Colloque Unicancer";"25/01/2025";"25/01/2025";"Paris";"France";"";"";"";"";"";"";"";"";"";"";"";"";"Ahmad Berjaoui, Elizabeth Cohen-Jonathan Moyal";"IRT SAINT EXUPERY, IUCT ONCOPOLE";"";"";"";"non";"";"";"";"";"";"";"";"";"0000000591";"0";"Réalisé";"1";"1334";"1212";"doc_final";"0";"2025-11/1764065603-383-Colloque_Unicancer.pdf";"";"";"";"0000000591";"1764065603";"1"
"1213";"S033-70";"70";"S033";"communication";"Utilisation de l’IA pour la prise en charge personnalisée des patients porteurs de glioblastome";"";"";"Toulouse Onco Week";"05/02/2025";"05/02/2025";"TOULOUSE";"France";"";"";"";"";"";"";"";"";"";"";"";"";"Ahmad Berjaoui, Elizabeth Cohen-Jonathan Moyal";"IRT SAINT EXUPERY, IUCT ONCOPOLE";"";"";"";"";"";"";"";"";"";"";"";"";"0000000591";"0";"Réalisé";"1";"1333";"1213";"doc_final";"0";"2025-11/1764065544-852-Toulouse_Onco_Week.pdf";"";"";"";"0000000591";"1764065544";"1"
"1214";"S033-71";"71";"S033";"communication";"Utilisation de l’IA pour la prise en charge personnalisée des patients porteurs de glioblastome";"";"";"Future Intelligence - IA et Santé";"13/03/2025";"13/03/2025";"Toulouse";"France";"https://futureintelligence.tech/";"";"";"";"";"";"";"";"";"";"";"";"Ahmad Berjaoui, Elizabeth Cohen-Jonathan Moyal";"IRT SAINT EXUPERY, IUCT ONCOPOLE";"";"";"";"";"";"";"";"";"";"";"";"";"0000000591";"0";"Réalisé";"1";"1335";"1214";"doc_final";"0";"2025-11/1764065673-166-Future_Intelligence.pdf";"";"";"";"0000000591";"1764065673";"1"
"1215";"S033-72";"72";"S033";"communication";"Using sustainable AI to better understand and treat glioblastoma";"";"";"Colloque SHS";"21/05/2025";"21/05/2025";"Lyon";"France";"";"";"";"";"";"";"";"";"";"";"";"";"Ahmad Berjaoui, Elizabeth Cohen-Jonathan Moyal";"IRT SAINT EXUPERY, IUCT ONCOPOLE";"";"";"";"";"";"";"";"";"";"";"";"";"0000000591";"0";"Réalisé";"1";"1336";"1215";"doc_final";"0";"2025-11/1764065736-875-Colloque_SHS.pdf";"";"";"";"0000000591";"1764065736";"1"
"1216";"S033-73";"73";"S033";"communication";"Using AI to better understand and treat glioblastoma";"";"";"FAPESP Week 2025";"11/06/2025";"11/06/2025";"Toulouse";"France";"";"";"";"";"";"";"";"";"";"11/06/2025";"11/06/2025";"";"Ahmad Berjaoui, Elizabeth Cohen-Jonathan Moyal";"IRT SAINT EXUPERY, IUCT ONCOPOLE";"";"";"";"";"";"";"";"";"";"";"";"";"0000000591";"0";"Réalisé";"1";"1337";"1216";"doc_final";"0";"2025-11/1764065788-375-FAPESP.pdf";"";"";"";"0000000591";"1764065788";"1"
"1221";"U017-5";"5";"U017";"communication";"Influence of high frequency power cycles on SiC power module lifetime under automotive mission profile";"";"";"ESREF 2025";"06/10/2025";"09/10/2025";"Bordeaux";"France";"https://esref2025.sciencesconf.org/";"";"";"";"";"";"";"";"23/03/2025";"09/05/2025";"10/06/2025";"";"	 Bernardo Cougo1, Israel Divan1,2, Duc-Hoan Tran1, Lenin M. F. Morais2, Vitor Araujo2, Renata Oliveira de Sousa3, Marina Labalette1, Caio C. O. Mendes4, Bruno Condamin5, Fabio Coccetti1";"IRT Saint Exupéry, Toulouse, France. 2 UFMG, Belo Horizonte, Brazil. 3 UTFPR, Curitiba, Brazil.  4 ST Microelectronics, Toulouse, France. 5 Valeo, Erlangen, Germany.";"";"";"";"";"";"";"";"";"";"";"";"";"0000001272";"0";"Réalisé";"1";"1222";"1221";"doc_final";"0";"2025-06/1749803100-489-ESREF_2025_InfluenceOfHighFrequencyThermalCycles-Final-After-Acceptation.pdf";"";"Influence of high frequency power cycles on SiC power module lifetime under automotive mission profile ";"";"0000001272";"1749803100";"1"
"1236";"A074-5";"5";"A074";"communication";"Inverse identification of cure shrinkage of resin within woven composte : application to composite used in Power Electronics";"";"";"ESMC 2025";"07/07/2025";"11/07/2025";"Lyon";"France";"https://sf2m.fr/events/esmc-2025/";"";"";"";"";"";"";"";"";"";"";"";"Leicht, Girard, Mathieu, Arati, Coccetti, Mercier";"";"";"";"";"";"";"";"";"";"";"";"";"";"0000000831";"0";"Réalisé";"1";"1237";"1236";"doc_final";"0";"2025-07/1751629805-270-2025_06_27---LEICHT_ESMC-.1..pdf";"";"";"";"0000001271";"1751629805";"1"
"1239";"E003-14";"14";"E003";"communication";"Analysis of Multilevel High Bandwidth Converters based on SiC Technology for Automotive and Aircraft Applications";"";"";"ECCE Europe 2025";"02/09/2025";"05/09/2025";"Birmingham";"Angleterre";"https://www.ecce-europe.org/2025/";"";"";"";"";"";"";"";"";"";"30/06/2025";"";"Israel Divan, Bernardo Cougo, Lenin Morais";"IRT Saint-Exupery; Université Fédérale de Minas Gerais";"";"";"";"non";"";"";"";"";"";"";"";"";"0000000046";"0";"Réalisé";"1";"1241";"1239";"doc_final";"0";"2025-07/1752756638-536-IEEE_Analysis_of_Multilevel_High_Bandwidth_Converter_based_in_SiC_IDLC_V0.pdf";"";"Analysis of Multilevel High Bandwidth Converters based on SiC Technology for Automotive and Aircraft Applications";"";"0000000046";"1752756638";"1"
"1241";"S003-2";"2";"S003";"communication";"IP Protection using Simplification and Masking for Model-Based Safety Analysis (MBSA) Model Exchange";"";"";"ESREL-SRA-E 2025";"15/06/2025";"19/06/2025";"Stavanger";"Norvège";"https://esrel2025.com/";"";"";"";"";"";"";"";"";"";"";"";"Tony GHUELDRE, Wilkinson JOAS, Julien VIDALIE, Xavier DE BOSSOREILLE";"IRT Saint Exupéry, IRT Saint Exupéry/Safran Aircraft Engines, IRT Saint Exupéry/Airbus Protect, IRT Saint Exupéry/Airbus Protect";"";"";"";"non";"";"";"";"";"";"";"";"";"0000001394";"0";"Réalisé";"1";"1244";"1241";"doc_publie";"0";"2025-07/1753262432-611-4A-Vidalie.pptx";"";"";"";"0000000289";"1753262432";"1"
"1244";"S023-20";"20";"S023";"communication";"Onboard AI for Environmental Monitoring: Early In-Orbit Results from Multi-Mission Demonstrations";"";"";" International Conference on Advances in Artificial Intelligence (ICAAI 2025)";"14/11/2025";"16/11/2025";"Manchester";"Royaume-Uni";"https://www.icaai.org/";"";"";"";"";"";"";"";"";"";"";"";"T. Goudemant, C. Szywala, A. Girard";"IRT Saint Exupéry";"";"";"";"non";"";"";"";"";"";"";"";"";"0000000948";"0";"Réalisé";"1";"1324";"1244";"doc_publie";"0";"2025-11/1763374810-605-A1060-paper---Onboard-AI-for-Environmental-Monitoring-Early-In-Orbit-Results_compressed.pdf";"";"";"";"0000000948";"1763374810";"1"
"1245";"U012-2";"2";"U012";"communication";"CoFMPy: A Python Framework for Rapid Prototyping of FMI-based Digital Twins";"";"";"EDTconf";"06/10/2025";"07/10/2025";"Grand Rapids";"États-Unis";"https://conf.researchr.org/home/edtconf-2025";"";"";"";"";"";"";"";"04/07/2025";"05/08/2025";"20/08/2025";"";"Corentin Friedrich, Andrés Lombana, Jérôme Fasquel, Charlie Schlick, Nora Bennani, Mouhcine Mendil";"IRT Saint Exupéry";"";"";"";"";"";"";"";"";"";"";"";"";"0000001083";"0";"Réalisé";"1";"1248";"1245";"doc_final";"0";"2025-08/1755176612-705-EDTconf_cofmpy.pdf";"";"";"";"0000001083";"1755176612";"1"
"1248";"S023-21";"21";"S023";"communication";"From event to action: A reactive loop demonstrator for Earth Observation based on modular AI-driven components";"";"";"Conference on Artificial Intelligence for Defence (CAID 2025)";"18/11/2025";"19/11/2025";"Rennes";"France";"https://caid-conference.eu/";"";"";"";"";"";"";"";"";"";"";"";"B. Francesconi, T. Goudemant, B. Marchand, L. Palluel, H. Meleiro, O. Thiery, A. Girard";"IRT Saint Exupéry, Geo4i";"";"";"";"non";"";"";"";"";"";"";"";"";"0000000948";"0";"Réalisé";"1";"1321";"1248";"doc_publie";"0";"2025-11/1763373770-640-Publi_demolabo_IRMA_V3.pdf";"";"";"";"0000000948";"1763373770";"1"
"1257";"E003-16";"16";"E003";"communication";"Méthodologie d’extraction des éléments parasites d’un module de puissance SiC basée sur mesures N-port";"";"";"SGE 2025";"";"";"Toulouse";"France";"";"";"";"";"";"";"";"";"";"";"";"";"Gregory ALMEIDA, Sébastien SERPAUD, Victor DOS SANTOS, Bernardo COUGO, Fabio COCCETTI";"IRT Saint-Exupéry, SAFRANTECH";"";"";"";"non";"";"";"";"";"";"";"";"";"0000000046";"0";"Réalisé";"1";"1267";"1257";"doc_final";"0";"2025-08/1756389225-223-250127_SGE_2025_N_port.pdf";"";"";"";"0000000046";"1756389225";"1"
"1258";"S023-23";"23";"S023";"communication";"Démonstration d’une solution embarquée de space edge computing pour des missions d’observation";"";"";"Lancement du programme AI4ENV dédié à l'IA pour l'environnement et le spatial";"04/09/2025";"04/09/2025";"Toulouse";"France";"https://aniti.univ-toulouse.fr/en/2025/05/15/appel-a-participation-lancement-du-programme-integratif-ai4env-dedie-a-lia-pour-lenvironnement-et-le-spatial/";"";"";"";"";"";"";"";"";"";"";"";"MF. Foulon, P. Cossard, H. Didtsch, A. Hankache, B. Samyn, M. Aubrun, T. Goudemant, A. Girard";"Thales Alenia Space, IRT Saint Exupéry";"";"";"";"non";"";"";"";"";"";"";"";"";"0000000948";"0";"Réalisé";"1";"1271";"1258";"doc_final";"0";"2025-09/1756732009-887-Poster-AI4-ENV.pdf";"";"Poster";"";"0000000948";"1756732009";"1"
"1262";"A026-13";"13";"A026";"communication";"Compaction isostatique à chaud d’alliages à base de Nickel Focus sur l’oxydation et la nitruration";"";"";"Journées Annuelles du réseau thématique COnCOrD";"09/10/2025";"10/10/2025";"Troyes";"France";"https://ja2025concord.sciencesconf.org/registration?lang=fr";"";"";"";"";"";"";"";"";"";"";"";"Aurélien Prillieux";"IRT Saint Exupéry";"";"";"";"non";"";"";"";"";"";"";"";"";"0000000804";"0";"Réalisé";"1";"1306";"1262";"doc_publie";"0";"2025-10/1760450713-825-GDR_concord_VF.pptx";"";"";"";"0000000804";"1760450713";"1"
"1273";"S023-24";"24";"S023";"communication";"Présentation du projet IRMA";"";"";"Rencontres Techniques et Numériques du CNES (RTNC 2025)";"02/12/2025";"02/12/2025";"Toulouse";"France";"https://cnes.fr/entreprises/rencontres-techniques-numeriques";"";"";"";"";"";"";"";"";"";"";"";"J. Cohen, A. Dorise";"IRT Saint Exupéry, CNES";"";"";"";"non";"";"";"";"";"";"";"";"";"0000000948";"0";"Réalisé";"1";"1338";"1273";"doc_final";"0";"2025-11/1764065823-456-2025_12_02---Poster-IRMA---RTNC_v2_JC.pdf";"";"Poster - Le projet IRMA de l'IRT Saint Exupéry";"";"0000000948";"1764065823";"1"
"1277";"U015-1";"1";"U015";"communication";"A gradient-enabled MDAO plugin API for FlowSimulator and MDAO Frameworks like GEMSEO & OpenMDAO";"";"";"4th European Workshop on MDO";"03/06/2025";"05/06/2025";"Toulouse";"";"";"";"";"";"";"";"";"";"";"";"";"";"A. Stueck§, A. Scotto*, S. Gottfried§, K. Masilamani§ and A. Büchner§";"* IRT Saint Exupéry, § DLR Institute of Software Methods for Product Virtualization";"";"";"";"non";"";"";"";"";"";"";"";"";"0000000289";"0";"Réalisé";"1";"1327";"1277";"doc_final";"1326";"2025-11/1763975297-240-_European_MDO_Workshop_06-2025.pptx";"";"";"";"0000000289";"1763975297";"1"
"1279";"S003-4";"4";"S003";"communication";"MBSA model-exchange and its challenges";"";"";"Journée GT SdF Occitanie x COMET SYS";"03/10/2025";"03/10/2025";"Toulouse";"";"";"";"";"";"";"";"";"";"";"";"";"";"Tony GHUELDRE, Wilkinson JOAS, Julien VIDALIE, Xavier DE BOSSOREILLE, Sébastien DUTHOIT";"IRT Saint Exupéry, IRT Saint Exupéry/Safran Aircraft Engines, Airbus Protect/IRT Saint Exupéry, Airbus Protect/IRT Saint Exupéry, LGM";"";"";"";"non";"";"";"";"";"";"";"";"";"0000001394";"0";"Réalisé";"1";"1329";"1279";"doc_publie";"0";"2025-11/1763975750-878-17-GHUELDRE---V2.pptx";"";"";"";"0000000289";"1763975750";"1"
"1281";"M070-6";"6";"M070";"communication";"Dynamic Model of a Resonant Electromechanical De-icing System";"";"";"10th International Conference on Recent Advances in Aerospace Actuation Systems and Components";"21/05/2025";"23/05/2025";"Toulouse";"France";"";"";"";"";"";"";"";"";"";"";"";"";"Pothin J., Reysset A., Budinger M., Pommier-Budinger V";"ICA, ISAE SUPAERO";"";"";"";"non";"";"";"";"";"";"";"";"";"0000000669";"0";"Réalisé";"1";"1343";"1281";"doc_final";"0";"2025-11/1764259094-274-Freezing2---Synth..se-d.activit..---D..givrage---Freezing2---Ann..e-2025.docx";"";"Dynamic Model of a Resonant Electromechanical De-icing System";"";"0000000669";"1764259094";"1"
"1285";"M070-10";"10";"M070";"communication";"Elaboration de revêtements par projection thermique pour des applications de dégivrage électrothermique";"";"";"Journées Revêtements Appliqués par VoIe sèchE (RAVIE)";"19/11/2025";"20/11/2025";"Toulouse";"France";"https://www.a3ts.org/evenements/ravies-2025-revetements-appliques-par-voie-seches";"";"";"";"";"";"";"";"";"";"";"";"Arthur Coiral, Julien Escobar, Alain Denoirjean, Simon Goutier ";"IRT Saint Exupéry, IRCER";"";"";"";"non";"";"";"";"";"";"";"";"";"0000000669";"0";"Réalisé";"1";"1347";"1285";"doc_final";"0";"2025-11/1764260413-268-Abstract-A3TS-Journ..es-RAVIES.docx";"";"Elaboration de revêtements par projection thermique pour des applications de dégivrage électrothermique";"";"0000000669";"1764260413";"1"
"1308";"V177-1";"1";"V177";"communication";"A Comprehensive Study on the Gate Switching Instability of 1.2 kV SiC MOSFETs Considering Application Relevant Conditions";"";"";"ECCE Europe 2025";"31/08/2025";"04/09/2025";"Birmingham";"Royaume-Uni";"https://www.ecce-europe.org/2025/";"";"";"";"";"";"";"";"25/02/2025";"16/05/2025";"29/06/2025";"";"Sven Thiele, Joao Oliveira, Olivier Perrotin, Regis Meuret, Fabio Coccetti, Thomas Basler";"Chemnitz University of Technology, IRT Saint Exupery, Alter Technology France";"";"";"";"";"";"";"";"";"";"";"";"";"0000001296";"0";"Réalisé";"1";"1380";"1308";"doc_final";"0";"2025-12/1765291323-120-ECCE-Europe_2025_ETVS-ECPE.pdf";"";"A Comprehensive Study on the Gate Switching Instability of 1.2 kV SiC MOSFETs Considering Application Relevant Conditions";"";"0000001296";"1765291323";"1"
"1313";"S033-87";"87";"S033";"communication";"FAccT 2025";"";"";"FAccT 2025";"23/06/2025";"26/06/2025";"Athène";"Grèce";"https://facctconference.org/";"";"";"";"";"";"";"";"";"";"";"";"Fanny Jourdan";"";"";"";"";"non";"";"";"";"";"";"";"";"";"0000000617";"0";"Réalisé";"1";"1423";"1313";"doc_final";"0";"2026-05/1778513643-914-facct.pdf";"";"FairTranslate: An English-French Dataset for Gender Bias Evaluation in Machine Translation by Overcoming Gender Binarity";"";"0000000617";"1778513643";"1"
"1314";"S033-88";"88";"S033";"communication";"COLM 2025";"";"";"COLM ";"07/10/2025";"10/10/2025";"Montreal";"Canada";"https://colmweb.org/2025/";"";"";"";"";"";"";"";"";"";"";"";"Fanny Jourdan";"";"";"";"";"non";"";"";"";"";"";"";"";"";"0000000617";"0";"Réalisé";"1";"1424";"1314";"doc_final";"0";"2026-05/1778515799-104-eurobert.pdf";"";"EuroBERT: Scaling Multilingual Encoders for European Languages";"";"0000000617";"1778515799";"1"
"1315";"S033-89";"89";"S033";"communication";"Invited Talk - McGill NLP Group";"";"";"McGill NLP Group";"21/11/2025";"21/11/2025";"Montreal";"Canada";"";"";"";"";"";"";"";"";"";"";"";"";"Fanny Jourdan";"";"";"";"";"non";"";"";"";"";"";"";"";"";"0000000617";"0";"Réalisé";"1";"1425";"1315";"doc_final";"0";"2026-05/1778517201-470-MyWorkPresentation_Mila.pdf";"";"Explainability for NLP";"";"0000000617";"1778517201";"1"
"1316";"S033-90";"90";"S033";"communication";"ILLS Présentation";"";"";"ETS";"18/11/2025";"18/11/2025";"Montreal";"Canada";"";"";"";"";"";"";"";"";"";"";"";"";"Fanny Jourdan";"";"";"";"";"non";"";"";"";"";"";"";"";"";"0000000617";"0";"Réalisé";"1";"1426";"1316";"doc_final";"0";"2026-05/1778517399-880-MyWorkPresentation_ETS.pdf";"";"Explainability and Fairness";"";"0000000617";"1778517399";"1"
"1317";"S033-91";"91";"S033";"communication";"Invited Talk FATE group - MILA";"";"";"FATE Group MILA";"12/11/2025";"12/11/2025";"Montreal";"Canada";"";"";"";"";"";"";"";"";"";"";"";"";"Fanny Jourdan";"";"";"";"";"non";"";"";"";"";"";"";"";"";"0000000617";"0";"Réalisé";"1";"1427";"1317";"doc_final";"0";"2026-05/1778517946-243-FairTranslate_Mila.pdf";"";"FairTranslate";"";"0000000617";"1778517946";"1"
"1320";"S033-94";"94";"S033";"communication";"Explainability as a Tool for Fairness (Practice Tutorial)";"";"";"FAAcT 2026";"25/06/2026";"28/06/2026";"Montreal";"Canada";"https://facctconference.org/";"";"";"";"";"";"";"";"";"";"";"";"Fanny Jourdan, Antonin Poché";"";"";"";"";"non";"";"";"";"";"";"";"";"";"0000000617";"0";"Réalisé";"1";"1430";"1320";"doc_final";"0";"2026-05/1778531314-762-FAccT_tutorial-3.pdf";"";"Explainability as a Tool for Fairness (Practice Tutorial)";"";"0000000617";"1778531314";"1"
