"p_id";"p_ident";"p_number";"p_projet";"p_type";"p_titre";"p_type_com";"p_speaker_invite";"p_nom_conference";"p_date_debut_conference";"p_date_fin_conference";"p_ville_conference";"p_pays_conference";"p_lien_conference";"p_nom_journal";"p_publication_journal";"p_volume_journal";"p_pages_journal";"p_annee_publication";"p_doi";"p_url_bdd";"p_date_soumission";"p_date_notification";"p_date_soumission_finale";"p_nom_responsable";"p_liste_auteurs";"p_affiliation";"p_directeur_stage";"p_date_debut_stage";"p_date_fin_stage";"p_award";"p_date_soutenance_these";"p_composition_jury_these";"p_etablissement_delivrant_these";"p_directeur_these";"p_date_debut_these";"p_date_fin_these";"p_nom_meeting";"p_date_meeting";"p_auteur";"p_avec_abstract";"Statut";"p_actif";"pf_id";"pf_publication_id";"pf_type";"pf_version_of";"pf_file";"pf_abstract";"pf_titre";"pf_notes";"pf_postman";"pf_timestamp";"pf_actif"
"22";"M031-6";"6";"M031";"conference";"TEM dislocation interaction with the microstructure of an Al-Si-Mg alloy elaborated by laser beam melting";"";"";"TMS2022";"27/02/2022";"03/03/2022";"Anaheim";"USA";"https://www.tms.org/AnnualMeeting/TMS2022";"";"";"";"";"";"";"";"01/07/2021";"";"";"";"Nicolas Bello1, Malo Jullien2, Cassiopée Galy1, Céline Larignon1 et Joël Douin2";"IRT / CEMES, CEMES, IRT, IRT, CEMES";"";"";"";"non";"";"";"";"";"";"";"";"";"0000000089";"1";"Réalisé";"1";"22";"22";"doc_final";"0";"2021-09/1631265774-615-2022_MAT_BELLO_TEM-dislocation-interaction-with-the-microstructure-of-an-Al-Si-Mg-alloy--_TMS2022-V1.pdf";"2021-07/1625238529-564-2022_MAT_BELLO_TEM-dislocation-interaction-with-the-microstructure-of-an-Al-Si-Mg-alloy--_TMS2022-V1.pdf";"";"";"0000000832";"1631265774";"1"
"27";"M031-7";"7";"M031";"conference";"On the use of X-ray microtomography to control artificial defect geometries produced by metal additive manufacturing";"";"";"ICT Conference 2022 - 11th Conference on Industrial Computed Tomography";"08/02/2022";"11/02/2022";"Wels";"Austria";"https://3dct.at/cms2/index.php/de/welcome2022";"";"";"";"";"";"";"";"20/07/2021";"";"";"";"Julien Lesseur, Benoit Tranchand";"IRT, IRT";"";"";"";"non";"";"";"";"";"";"";"";"";"0000000089";"1";"Réalisé";"1";"355";"27";"doc_final";"353";"2023-02/1677142101-688-2022_MAT_LESSEUR_On-the-use-of-X-ray-microtomography-to-control-artificial-defect-geometries_ICT2022-.Presentation..pdf";"2021-07/1625649050-179-2022_MAT_LESSEUR_On-the-use-of-X-ray-microtomography-to-control-artificial-defect-geometries_ICT2022.pdf";"";"";"0000000832";"1677142101";"1"
"28";"M031-8";"8";"M031";"conference";"TEM characterization of an AS7G06 alloy with several heat treatments";"";"";"TMS2022";"27/02/2022";"03/03/2022";"Anaheim";"Austria";"https://www.tms.org/AnnualMeeting/TMS2022";"";"";"";"";"";"";"";"";"";"";"";"Nicolas Bello, Cassiopée Galy, Céline Larignon, Joël Douin";"IRT/CEMES, IRT , IRT, CEMES";"";"";"";"non";"";"";"";"";"";"";"";"";"0000000089";"1";"Réalisé";"1";"357";"28";"doc_final";"0";"2023-02/1677142526-305-2022_MAT_BELLO_TEM-characterization-of-an-AS7G06-alloy-with-several-heat-treatments_TMS2022-V1.pdf";"2021-07/1626772018-922-2022_MAT_BELLO_TEM-characterization-of-an-AS7G06-alloy-with-several-heat-treatments_TMS2022-V1.pdf";"";"";"0000000832";"1677142526";"1"
"44";"M011-1";"1";"M011";"conference";"Contributions of augmented simulation to identification of material parameters: application to lattice structures";"";"";"IDICS";"03/11/2021";"05/11/2021";"Nantes";"France";"";"";"";"";"";"";"";"";"";"";"";"";"Ludovic BARRIERE, Philippe BRAMMER";"IRT Saint Exupery, EIKOSIM";"";"";"";"";"";"";"";"";"";"";"";"";"0000000004";"1";"Réalisé";"1";"49";"44";"doc_publie";"0";"2021-11/1636983632-363-IDICS2021_BARRIERE.pdf";"2021-10/1633968230-334-summary-barriere-ludovic-2020-03-15102853.pdf";"";"";"0000000004";"1636983632";"1"
"55";"M031-10";"10";"M031";"conference";"In situ TEM observations on an aluminium alloy elaborated by laser beam melting";"";"";"2022 MRS Spring Meeting & Exhibit";"08/05/2022";"13/05/2022";"Honolulu";"USA";"https://www.mrs.org/meetings-events/spring-meetings-exhibits/2022-mrs-spring-meeting";"";"";"";"";"";"";"";"";"";"";"";"Nicolas Bello, Malo Jullien, Cassiopée Galy, Céline Larignon, Joël Douin";"1. MMP, IRT Saint Exupéry, Toulouse, Occitanie, France.  2. PPM, Centre d’Élaboration des Matériaux et d’Etudes Structurales, Toulouse, Occitanie, France.  3. SUMO, Institut Clément Ader (UMR CNRS 5312), Toulouse, Occitanie, France. ";"";"";"";"";"";"";"";"";"";"";"";"";"0000000089";"1";"Réalisé";"1";"41";"55";"doc_final";"0";"2021-11/1636103938-245-2022_MAT_BELLO_TITLE-In-situ-TEM-observations-on-an-aluminium-alloy-elaborated-by-laser-beam-melting_MRS_2022.pdf";"2021-10/1635407443-518-2022_MAT_BELLO_TITLE-In-situ-TEM-observations-on-an-aluminium-alloy-elaborated-by-laser-beam-melting_MRS_2022.pdf";"";"";"0000000832";"1636103938";"1"
"61";"S080-2";"2";"S080";"conference";"Satcom Virtualisation Platform ";"";"";"Joint European Conference on Networks and Communications & 6G Summit (EUCNC 2021)";"08/06/2021";"11/06/2021";"Porto";"Portugal";"";"";"";"";"";"";"";"";"28/02/2021";"12/04/2021";"16/04/2021";"";"Youssouf Drif, Olivier Gremillet, Ahmad Al Sheikh, Emmanuel Chaput, Emmanuel Lavinaly, Pascal Berthouz, Boris Tiomela Joux, Fabrice Arnal, Jacques Decroix";"IRT Saint Exupery (Drif, Gremillet, Al Sheikh,Decroix); IRIT (Chaput, Lavinal) ; LAAS (Berthou); Airbus Defence and Space (Tiomela)";"";"";"";"";"";"";"";"";"";"";"";"";"0000000472";"1";"Refusé";"1";"40";"61";"doc_final";"0";"2021-11/1636102021-427-1616424423-779-EuCNC-3-.003..pdf";"2021-11/1636100768-320-1616424423-779-EuCNC-3-.003..pdf";"";"";"0000000472";"1636102021";"1"
"69";"S080-3";"3";"S080";"conference";"Slice Aware Non Terrestrial Networks ";"";"";"LOCAL COMPUTER NETWORK 2021";"04/10/2021";"07/10/2021";"virtuel";"Canada";"https://www.ieeelcn.org/";"";"";"";"";"";"";"";"01/06/2021";"25/06/2021";"22/07/2021";"";"Youssouf DRIF, Emmanuel LAVINAL, Emmanuel CHAPUT, Pascal BERTHOU, Boris TIOMELA JOU, Olivier GREMILLET, Fabrice ARNAL";"Youssouf DRIF (IRT/IRIT), Emmanuel LAVINAL (IRIT), Emmanuel CHAPUT (IRIT), Pascal BERTHOU (LAAS), Boris TIOMELA JOU (ADS), Olivier GREMILLET (IRT), Fabrice ARNAL (TAS)";"";"";"";"non";"";"";"";"";"";"";"";"";"0000000472";"1";"Réalisé";"1";"43";"69";"doc_final";"0";"2021-11/1636110163-236-Slice-aware-Non-Terrestrial-Networks.pdf";"2021-11/1636110070-227-Slice-aware-Non-Terrestrial-Networks.pdf";"";"";"0000000472";"1636110163";"1"
"84";"E033-6";"6";"E033";"conference";"Simulation analysis of partial discharge in random wounding insulation systems in aeronautical conditions";"";"";"ICD 2022";"04/07/2022";"07/07/2022";"Palerme";"Italie";"";"";"";"";"";"";"";"";"30/10/2021";"";"";"";"Cyril VAN DE STEEN, Cédric ABADIE, Guillaume BELIJAR";"IRT, IRT, IRT";"";"";"";"";"";"";"";"";"";"";"";"";"0000000383";"1";"Réalisé";"1";"174";"84";"doc_final";"0";"2022-05/1652779556-247-IEEE_ICD2022_Van_de_Steen_Article_Simulation-analysis-of-partial-discharge-in-random.pdf";"2021-11/1636980736-561-IEEE_ICD2022_Van_de_Steen.pdf";"Simulation analysis of partial discharge in random  wounding insulation systems in aeronautical  conditions";"";"0000000798";"1652779556";"1"
"85";"E033-7";"7";"E033";"conference";"Investigation of thermal degradation by dielectric markers correlated to analytic properties drift";"";"";"ICD 2022";"";"";"";"";"";"";"";"";"";"";"";"";"30/10/2021";"";"";"";"Louiza FETOUHI,Marie SABATOU, Mateusz SZCZEPANSKI, Samuel PIN, Cécilien Thomas, Guillaume BELIJAR";"Leroy Somer, IRT, Leroy Somer, IRT, IRT, IRT";"";"";"";"";"";"";"";"";"";"";"";"";"0000000383";"1";"Réalisé";"1";"173";"85";"doc_final";"0";"2022-05/1652778708-923-IEEE_ICD2022_Louiza.Fetouhi_Investigation-of-thermal-degradation-by--dielectric-markers-correlated-to-structural-properties-drift.pdf";"2021-11/1636980950-768-IEEE_ICD2022_Fetouhi_Abstract.pdf";"Investigation of thermal degradation by  dielectric markers correlated to structural properties drift";"";"0000000798";"1652778708";"1"
"86";"E033-8";"8";"E033";"conference";"How does PDIV change during isothermal ageing of magnet wire";"";"";"EIC 2022";"";"";"";"";"";"";"";"";"";"";"";"";"30/10/2021";"";"";"";"Mateusz SZCZEPANSKI, Louiza FETOUHI, Marie Sabatou, Sarah Dreuilhe, Samuel PIN, Cyril VAN DE STEEN, Guillaume BELIJAR";"Leroy Somer, Leroy Somer, IRT, IRT, IRT, IRT, IRT";"";"";"";"";"";"";"";"";"";"";"";"";"0000000383";"1";"Réalisé";"1";"46";"86";"abstract";"0";"";"2021-11/1636981450-308-IEEE_EIC2022_Szczepanski_abstract.pdf";"How does PDIV change during isothermal ageing of magnet wire";"";"0000000798";"1636981450";"1"
"87";"E033-9";"9";"E033";"conference";"Aging study in electromechanical chain: design of experiment definition using step stress tests";"";"";"EIC 2022";"";"";"";"";"";"";"";"";"";"";"";"";"30/10/2021";"";"";"";"S. Pin, M. Sabatou, M. Szczepanski, S. Dreuilhe, L. Fetouhi, G. Belijar";"IRT, IRT, Leroy Somer, IRT, Leroy Somer, IRT";"";"";"";"";"";"";"";"";"";"";"";"";"0000000383";"1";"Réalisé";"1";"47";"87";"abstract";"0";"";"2021-11/1636981740-319-EIC-2022---Abstract-S-Pin.pdf";"Aging study in electromechanical chain: design of experiment definition using step stress tests";"";"0000000798";"1636981740";"1"
"91";"U008-1";"1";"U008";"conference";"Future of Insulation Systems in Power Conversion Chain : Partial Discharges and Ageing Phenomena from Type I to Type II applications";"";"";"EIC 2022";"";"";"";"";"";"";"";"";"";"";"";"";"30/10/2021";"";"";"";"R. Acheen, T. Lebey, S. Duchesne, C. Abadie";"Safran, Safran, Safra, IRT";"";"";"";"";"";"";"";"";"";"";"";"";"0000001176";"1";"Réalisé";"1";"50";"91";"abstract";"0";"";"2021-11/1637048585-812-EIC-2022---Abstract-Robin-Acheen.pdf";"Future of Insulation Systems in Power Conversion Chain : Partial Discharges and Ageing Phenomena from Type I to Type II applications";"";"0000000798";"1637048585";"1"
"98";"S001-2";"2";"S001";"conference";"Assessing a precise gPTP simulator with IEEE802.1AS hardware measurements";"";"";"ERTS 2022";"01/06/2022";"02/06/2022";"Toulouse";"fr";"https://www.erts2022.org/";"";"";"";"";"";"";"";"03/10/2021";"30/01/2022";"30/01/2022";"";"Quentin Bailleul, Katia Jaffr`es-Runser, Jean-Luc Scharbarg, Philippe Cuenot";"IRT, IRIT, IRIT, IRT/Continental";"";"";"";"";"";"";"";"";"";"";"";"";"0000000084";"1";"Réalisé";"1";"128";"98";"doc_final";"0";"2022-02/1644479375-177-2022_MODSC_Quentin_Bailleul_Assessing_a_precise-gPTP_simulator-with_IEEE802.1AS_hardware_measurements-ERTS2022.pdf";"2021-12/1639155417-165-2021_MODSC_Quentin_Bailleul_Abstract_Assessing-a-precise-gPTP-simulator-with-IEEE802.1AS-hardware-measurements-ERTS2022.pdf";"";"";"0000000049";"1644479375";"1"
"109";"S080-5";"5";"S080";"conference";"Smart Management of Virtualized Network Service Chains in 5G   Infrastructure";"";"";"ERTS 2022 (EMBEDDED REAL TIME SYSTEMS)";"30/03/2022";"31/03/2022";"Toulouse";"France";"https://www.erts2022.org/";"";"";"";"";"";"";"";"03/10/2021";"18/11/2021";"31/01/2022";"";"T. Djemai, O. Grémillet, P. Berthou, A. Bergaoui, A. Al Sheikh, Y. Drif, F. Arnal;, B. Tiomela Jou";"IRT (Djemai, Grémillet, Bergaoui, Al Sheikh, Driff, Arnal), LAAS (Berthou), IRIT (Drif), Airbus Defence and Space (Tiomela Jou) ";"";"";"";"non";"";"";"";"";"";"";"";"";"0000000052";"1";"Réalisé";"1";"457";"109";"doc_final";"456";"2023-03/1678802498-152-erts_2022_vf0.1..pdf";"2023-03/1678801872-711-erts_2022_vf0.1..pdf";"Smart Management of Virtualized Network Service Chains in 5G Infrastructure";"";"0000000052";"1678802498";"1"
"110";"V075-1";"1";"V075";"conference";"Instance-Dependent Bounds for Zeroth-order Lipschitz Optimization with Error Certificates";"";"";"NeurIPS";"";"";"Paris";"";"";"";"";"";"";"";"";"";"";"";"19/10/2021";"";"François Bachoc, Tommaso Cesari, Sébastien Gerchinovitz";"IMT - Institut de Mathématiques de Toulouse UMR5219; GdR MASCOT-NUM - Méthodes d'Analyse Stochastique des Codes et Traitements Numériques; Toulouse School of Economics ;   IRT Saint Exupéry";"";"";"";"non";"";"";"";"";"";"";"";"";"0000000734";"0";"Réalisé";"1";"391";"110";"doc_final";"66";"2023-02/1677599016-953-bachoc21-ZerothOrderLipschitzOptimization.pdf";"";"A general approximation lower bound in L^p norm, with applications to feed-forward neural networks";"";"0000000734";"1677599016";"1"
"114";"V075-5";"5";"V075";"conference";"Achieving robustness in classification using optimal transport with hinge regularization";"";"";"CVPR'21";"";"";"";"";"";"";"";"";"";"";"";"";"";"";"19/10/2021";"";"Mathieu Serrurier, Franck Mamalet, Alberto González-Sanz, Thibaut Boissin, Jean-Michel Loubes, Eustasio del Barrio ";"";"";"";"";"non";"";"";"";"";"";"";"";"";"0000000595";"0";"Réalisé";"1";"393";"114";"doc_publie";"0";"2023-02/1677599725-920-2006.06520.pdf";"";"";"";"0000000595";"1677599725";"1"
"128";"S085-2";"2";"S085";"conference";"Towards an agile, model-based multidisciplinary process to improve operational diagnosis in complex systems";"";"";"ERTS 2022";"01/06/2022";"02/06/2022";"TOULOUSE";"FRANCE";"https://www.erts2022.org/";"";"";"";"";"";"";"";"13/09/2021";"18/11/2021";"30/01/2022";"";"Nikolena Christofi ";"IRT Saint Exupery";"";"";"";"";"";"";"";"";"";"";"";"";"0000001126";"0";"Réalisé";"1";"132";"128";"doc_final";"0";"2022-02/1644853069-253-ERTS22_Full_Paper_v2.pdf";"";"Towards an agile, model-based multidisciplinary process to improve operational diagnosis in complex systems";"For ERTS2022";"0000001126";"1644853069";"1"
"131";"S038-2";"2";"S038";"conference";"Binary Graph Neural Networks";"";"";"Conference on Computer Vision and Pattern Recognition (CVPR 2021)";"19/06/2021";"25/06/2021";"Fully digital";"Fully digital";"https://cvpr2021.thecvf.com/";"";"";"";"";"";"";"";"";"";"";"";"Mehdi Bahri, Gaétan Bahl, Stefanos Zafeiriou";"Imperial College London, Université Côte d'Azur - Inria, IRT Saint-Exupéry";"";"";"";"";"";"";"";"";"";"";"";"";"0000000829";"0";"Réalisé";"1";"74";"131";"doc_final";"0";"2021-12/1640084236-877-2021_06_19---CVPR---Binary-Graph-Neural-Networks.pdf";"";"";"";"0000000829";"1640084236";"1"
"137";"S038-7";"7";"S038";"conference";"Low-power neural networks for semantic segmentation of satellite images";"";"";"International Conference on Computer Vision (ICCV 2019)";"27/10/2019";"02/11/2019";"Séoul";"Corée du Sud";"https://iccv2019.thecvf.com/";"";"";"";"";"";"";"";"";"";"";"";"Gaétan Bahl, Lionel Daniel, Matthieu Moretti, Florent Lafarge";"Université Côte d'Azur - INRIA, IRT St Exupéry";"";"";"";"";"";"";"";"";"";"";"";"";"0000000829";"0";"Réalisé";"1";"86";"137";"doc_final";"0";"2021-12/1640088197-368-2019_10_27---ICCV---Low-power-neural-networks.pdf";"";"Papier";"";"0000000829";"1640088197";"1"
"139";"S038-9";"9";"S038";"conference";"An FPGA-based Hybrid Neural Network accelerator for embedded satellite image classification";"";"";"International Symposium on Circuits and Systems (ISCAS 2020)";"17/05/2020";"20/05/2020";"Séville,";"Espagne";"https://iscas2020.org/";"";"";"";"";"";"";"";"";"";"";"";"Edgar Lemaire, Matthieu Moretti, Lionel Daniel, Benoît Miramond, Philippe Millet, Frédéric Férésin, Sébastien Bilavarn";"Thales Research & Technology, Université Côte d'Azur / LEAT / CNRS, IRT St Exupéry, Thales Alenia Space";"";"";"";"";"";"";"";"";"";"";"";"";"0000000829";"0";"Réalisé";"1";"88";"139";"doc_final";"0";"2021-12/1640088711-666-2020_10_10---ISCAS---Hybrid-Neural-Network-accelerator.pdf";"";"Papier";"";"0000000829";"1640088711";"1"
"160";"E042-7";"7";"E042";"conference";"ICIM-CPI : Integrated circuits immunity model: conducted pulse immunity";"";"";"EMC/APEMC 2018 (International Symposium on Electromagnetic Compatibility and Asia-Pacific Symposium on Electromagnetic Compatibility) Singapore";"01/05/2018";"01/05/2018";"Singapour";"";"";"EMC/APEMC 2018 (International Symposium on Electromagnetic Compatibility and Asia-Pacific Symposium on Electromagnetic Compatibility) Singapore";"";"";"";"";"";"";"";"";"";"";"A. Durier, P. Fernandez-Lopez, J.-L. Levant and C. Marot";"";"";"";"";"";"";"";"";"";"";"";"";"";"0000000821";"0";"Réalisé";"1";"NULL";"NULL";"NULL";"NULL";"NULL";"";"NULL";"NULL";"NULL";"NULL";"NULL"
"161";"E042-8";"8";"E042";"conference";"Modeling the internal activity of a FPGA for conducted emission prediction purpose";"";"";"EMC/APEMC 2018 (International Symposium on Electromagnetic Compatibility and Asia-Pacific Symposium on Electromagnetic Compatibility) Singapore";"01/05/2018";"01/05/2018";"Singapour";"";"";"";"";"";"";"";"";"";"";"";"";"";"C. Ghfiri, A. Durier, C. Marot, A. Boyer and S. Ben Dhia";"";"";"";"";"";"";"";"";"";"";"";"";"";"0000000821";"0";"Réalisé";"1";"NULL";"NULL";"NULL";"NULL";"NULL";"";"NULL";"NULL";"NULL";"NULL";"NULL"
"163";"E042-10";"10";"E042";"conference";"Creep measurement and choice of creep laws for BGA assemblies' reliability simulation";"";"";"ESREF 2018 (29th European Symposium on Reliability of Electron Devices, Failure Physics and Analysis)";"01/10/2018";"01/10/2018";"";"";"";"";"";"";"";"";"";"";"";"";"";"";"M. Zerarka and O. Crepel";"";"";"";"";"";"";"";"";"";"";"";"";"";"0000000821";"0";"Réalisé";"1";"NULL";"NULL";"NULL";"NULL";"NULL";"";"NULL";"NULL";"NULL";"NULL";"NULL"
"164";"E042-11";"11";"E042";"conference";"Simulation and modelling of long term reliability of digital circuits implemented in FPGA";"";"";"ESREF 2018 (29th European Symposium on Reliability of Electron Devices, Failure Physics and Analysis)";"01/10/2018";"01/10/2018";"";"";"";"";"";"";"";"";"";"";"";"";"";"";"J. D. Aguirre Morales, F. Marc, A. Bensoussan and A. Durier";"";"";"";"";"";"";"";"";"";"";"";"";"";"0000000821";"0";"Réalisé";"1";"NULL";"NULL";"NULL";"NULL";"NULL";"";"NULL";"NULL";"NULL";"NULL";"NULL"
"165";"E042-12";"12";"E042";"conference";"Efficient state of health estimation of Li-ion battery under several ageing types for aeronautic applications";"";"";"ESREF 2018 (29th European Symposium on Reliability of Electron Devices, Failure Physics and Analysis)";"01/10/2018";"01/10/2018";"";"";"";"";"";"";"";"";"";"";"";"";"";"";"Y. C. Zhang, O. Briat, J.-Y. Deletage, C. Martin, N. Chadourne and J.-M. Vinassa";"";"";"";"";"";"";"";"";"";"";"";"";"";"0000000821";"0";"Réalisé";"1";"NULL";"NULL";"NULL";"NULL";"NULL";"";"NULL";"NULL";"NULL";"NULL";"NULL"
"190";"M008-1";"1";"M008";"conference";"Composites à matrice céramique industriels et commerciaux pour le chemisage d’alvéole de stockage de déchets radioactifs";"";"";"JNC22";"28/06/2021";"30/06/2021";"N/A : Virtuelle";"France";"JNC 22 - 22es Journées Nationales sur les Composites - Sciencesconf.org";"";"";"";"";"";"";"";"29/01/2021";"01/05/2021";"01/06/2021";"";"E. PERRET(1); M. BOX(1); F. REBILLAT(2); G.L. VIGNOLES(2); N. TEXIER-MANDOKI(3)";"1 - IRT SAINT EXUPERY // 2 - LCTS // 3 - ANDRA";"";"";"";"non";"";"";"";"";"";"";"";"";"0000000755";"1";"Réalisé";"1";"301";"190";"doc_publie";"0";"2023-01/1674651389-474-JNC22APU.pdf";"2022-01/1642091564-272-JNC22_PERRET-IRT_StExupery_ResumeV8.docx";"";"";"0000000755";"1674651389";"1"
"199";"U002-1";"1";"U002";"conference";"A data-driven scalable MDO problem to compare MDO formulations";"";"";"AIAA Aviation Forum";"02/08/2021";"06/08/2021";"Virtuel";"";"";"";"";"";"";"";"";"";"";"";"";"";"Matthias De Lozzo; François Gallard; Anne Gazaix; Mohammad Abu-Zurayk; Caslav Ilic; Gilbert Roge; Gabriel Fougeron ";"Matthias De Lozzo / IRT Saint Exupéry- François Gallard / IRT Saint Exupéry -Anne Gazaix / Airbus Operation SAS -Mohammad Abu-Zurayk / DLR - Caslav Ilic / DLR - Gilbert Roge / Dassault Aviation - Gabriel Fougeron / ESI Group";"";"";"";"";"";"";"";"";"";"";"";"";"0000000472";"0";"Réalisé";"1";"100";"199";"doc_final";"0";"2022-01/1642426257-580-6.2021-3053.pdf";"";"";"";"0000000472";"1642426257";"1"
"200";"U002-2";"2";"U002";"conference";"Comparing Two Multidisciplinary Optimization Formulations of Trimmed Aircraft Subject to Industry-relevant Loads and Constraints";"";"";"AIAA Aviation Forum";"02/08/2021";"06/08/2021";"Virtuel";"";"";"";"";"";"";"";"";"";"";"";"";"";"Mohammad Abu-Zurayk; Andrei Merle; Caslav Ilic ; Matthias Schulze; Jannik Häßy; Matthias De Lozzo; François Gallard; Anne Gazaix ";"Mohammad Abu-Zurayk / DLR - Andrei Merle / DLR - Caslav Ilic / DLR- Matthias Schulze / DLR -Jannik Häßy / DLR -Matthias De Lozzo / IRT Saint Exupéry -François Gallard / IRT Saint Exupéry -Anne Gazaix / IRT Saint Exupéry, Airbus Operation SAS";"";"";"";"";"";"";"";"";"";"";"";"";"0000000472";"0";"Réalisé";"1";"101";"200";"doc_final";"0";"2022-01/1642426445-396-6.2021-3075.pdf";"";"";"";"0000000472";"1642426445";"1"
"201";"U002-3";"3";"U002";"conference";"Multidisciplinary Adjoint-based Optimizations in the MADELEINE Project: Overview and Main Results";"";"";"AIAA Aviation Forum";"02/08/2021";"06/08/2021";"Virtuel";"";"";"";"";"";"";"";"";"";"";"";"";"";"Michaël Méheut on behalf of the MADELEINE consortium / ONERA";"Michaël Méheut on behalf of the MADELEINE consortium / ONERA";"";"";"";"";"";"";"";"";"";"";"";"";"0000000472";"0";"Réalisé";"1";"102";"201";"doc_final";"0";"2022-01/1642426633-846-6.2021-3052.pdf";"";"";"";"0000000472";"1642426633";"1"
"204";"V075-8";"8";"V075";"conference";"Numerical influence of ReLU’(0) on backpropagation";"";"";"NeurIPS";"";"";"Paris";"France";"";"";"";"";"";"";"";"";"29/06/2021";"28/09/2021";"28/09/2021";"";"David Bertoin, Jérôme Bolte, Sébastien Gerchinovitz, Edouard Pauwels";"";"";"";"";"";"";"";"";"";"";"";"";"";"0000000617";"0";"Réalisé";"1";"105";"204";"doc_final";"0";"2022-01/1642429789-882-V075-8_Numerical-influence-of-ReLU....0.-on-backpropagation.pdf";"";"Numerical influence of ReLU’(0) on backpropagation";"https://hal.archives-ouvertes.fr/hal-03265059v2";"0000000617";"1642429789";"1"
"219";"M081-6";"6";"M081";"conference";"Estimer les contraintes admissibles d’un matériau en associant essais physiques et essais virtuels";"";"";"JNC 22";"01/06/2021";"01/06/2021";"";"";"";"";"";"";"";"";"";"";"";"";"";"";"S. Miot, L. Barrière, J. Camacho, M. De Lozzo";"IRT Saint Exupery";"";"";"";"";"";"";"";"";"";"";"";"";"0000000004";"0";"Réalisé";"1";"112";"219";"doc_final";"0";"2022-01/1643033398-837-JNC22_MIOT_Resume.pdf";"";"abstract";"";"0000000004";"1643033398";"1"
"238";"V075-9";"9";"V075";"conference";"A testing approach for dependable Machine Learning systems";"";"";"ERTS 2022";"01/06/2022";"02/06/2022";"Toulouse";"France";"https://www.erts2022.org/";"";"";"";"";"";"";"";"";"18/11/2021";"18/01/2022";"";"Cyril Cappi, Camille Chapdelaine, Laurent Gardes, Eric Jenn, Baptiste Lefevre, Sylvaine Picard, Thomas Soumarmon";"SNCF, Safran Tech et IRT Saint-Exupéry, SNCF, IRT Saint-Exupéry, THALES AVS, Safran Tech, Continental";"";"";"";"";"";"";"";"";"";"";"";"";"0000000084";"0";"Réalisé";"1";"123";"238";"doc_final";"0";"2022-02/1644220087-958-ERTS2022_paper_3.pdf";"";"";"";"0000000084";"1644220087";"1"
"240";"V075-10";"10";"V075";"conference";"Can we reconcile safety objectives with machine learning performances?";"";"";"ERTS ";"01/06/2022";"02/06/2022";"Toulouse";"France";"https://www.erts2022.org/";"";"";"";"";"";"";"";"05/09/2021";"18/11/2022";"28/01/2022";"";"Hugues Bonnin, Eric Jenn, Lucian Alecu, Thomas Fel, Laurent Gardes, Sébastien Gerchinovitz, Ludovic Ponsolle, Franck Mamalet, Vincent Mussot, Cyril Cappi, Kevin Delmas and Baptiste Lefevre";"Continental, IRT Saint Exupery, Continental, SNCF, SNCF, IRT Saint Exupery, APSYS, IRT Saint Exupery, IRT Saint Exupery, SNCF, ONERA, THALES AVS";"";"";"";"oui";"";"";"";"";"";"";"";"";"0000000084";"0";"Réalisé";"1";"394";"240";"doc_publie";"0";"2023-02/1677600549-175-ERTS2022_paper_39.pdf";"";"";"";"0000000595";"1677600549";"1"
"257";"A026-1";"1";"A026";"communication";"Optimisation des paramètres de matériaux à gradient élaborés par Laser Metal Deposition - Powder";"";"";"Journée des Doctorants AddimAlliance";"01/07/2021";"02/07/2021";"Albi";"FRANCE";"http://www.addimalliance.fr/siteWeb/journee-des-doctorants-2021/";"";"";"";"";"";"";"";"";"";"";"";"Agathe Curnis (1)(2) – Aurélien Prillieux (1) – Ioana Popa (2) – Lisa Nicolas (1) – Sébastien Chevalier (2)";"(1) Institut de Recherche Technologique (IRT) Saint Exupéry, 3 rue Tarfaye, 31400 Toulouse, France, (2) ICB, UMR 6303 CNRS, Univ. Bourgogne Franche-Comté, 21078 Dijon Cedex";"";"";"";"";"";"";"";"";"";"";"";"";"0000000804";"1";"Réalisé";"1";"296";"257";"doc_final";"0";"2023-01/1673429725-448-Pr..sentation-AddimAlliance_07-01_ACURNIS.pdf";"2022-08/1659558197-705-CURNIS-COnCOrD-JA2022.pdf";"Optimisation des paramètres de matériaux à gradient élaborés par Laser Metal Deposition - Powder";"";"0000000804";"1673429726";"1"
"261";"A026-2";"2";"A026";"conference";"Corrosion à haute température de matériaux à gradient élaborés par Laser Metal Deposition - Powder";"";"";"52ème JECH";"30/03/2022";"01/04/2022";"La Rochelle";"FRANCE";"https://apps.univ-lr.fr/cgi-bin/WebObjects/Colloque.woa/wa/menu?code=2861&idMenu=11722&lang=fr";"";"";"";"";"";"";"";"25/02/2022";"";"";"";"Agathe Curnis (1)(2) – Aurélien Prillieux (1) – Ioana Popa (2) – Lisa Nicolas (1) – Sébastien Chevalier (2)";"S:\Opérations\Springboards\SPRINGBOARD 2021\A026 -Thèse Matériaux à Gradients\10- AC\6- Présentations\2022-03-31_Présentation JECH\Abstract JECH 2022_AC_v4.docx";"";"";"";"";"";"";"";"";"";"";"";"";"0000000804";"1";"Réalisé";"1";"204";"261";"abstract";"142";"";"2022-06/1656333052-743-Abstract-JECH-2022_AC.pdf";"CORROSION À HAUTE TEMPÉRATURE DE MATÉRIAUX À GRADIENT ÉLABORÉS PAR LASER METAL DEPOSITION – POWDER";"";"0000000367";"1656333052";"1"
"263";"M014-1";"1";"M014";"conference";"OXYDATION ET NITRURATION D’UN SUPERALLIAGE A BASE DE NICKEL  LORS DE TRAITEMENT DE COMPACTION ISOSTATIQUE A CHAUD";"";"";"52ème JECH";"31/03/2022";"01/04/2022";"La Rochelle";"France";"https://apps.univ-lr.fr/cgi-bin/WebObjects/Colloque.woa/wa/menu?code=2861&idMenu=11722&lang=fr";"";"";"";"";"";"";"";"";"";"";"";"Nicolas MROZOWSKI (1), Aurélien PRILLIEUX (1), Clara DESGRANGES (2), Enrica EPIFANO (3), Daniel MONCEAU (3)";"(1) IRT Saint Exupéry, (2) SAFRAN TECH, (3) CIRIMAT-CNRS";"";"";"";"";"";"";"";"";"";"";"";"";"0000001251";"1";"Réalisé";"1";"146";"263";"doc_final";"0";"2022-03/1647015890-280-2022_MAT_MROZOWSKI_OXYDATION-ET-NITRURATION-D...UN-SUPERALLIAGE-A-BASE-DE-NICKEL_JECH---Presentation.pdf";"2022-03/1646132805-115-2022_MAT_MROZOWSKI_OXYDATION-ET-NITRURATION-D...UN-SUPERALLIAGE-A-BASE-DE-NICKEL_JECH.pdf";"";"";"0000000832";"1647015890";"1"
"264";"M015-1";"1";"M015";"conference";"Deep learning architecture for the detection, labeling and online measurement of surface treatment defects by laser";"";"";"IAA2022";"03/03/2022";"04/03/2022";"Carvoeiro, Algarve ";"Portugal";"https://web.fe.up.pt/~iaa2022/";"";"";"";"";"";"";"";"03/11/2021";"03/11/2021";"";"";"B Martin1 , S Kirchner1 , J Lecomte1 , J-B Duga1 , L Ferres1 , M Peron1,2 , N Cuvillier1,3";"1: IRT Saint Exupéry, Esplanade des Arts et Métiers, 33405 Talence, France ; 2: ArianeGroup, Les cinq chemins Rue du Touban, 33185 Le Haillan, France ; 3: Safran Composites, 33 Avenue de la Gare, 91760 Itteville, France";"";"";"";"non";"";"";"";"";"";"";"";"";"0000000381";"1";"Réalisé";"1";"332";"264";"doc_publie";"0";"2023-02/1676977861-471-2022-03-03-IAA2022_V0.pdf";"2022-03/1646302487-488-IAA22_16_Martin.pdf";"";"";"0000000217";"1676977861";"1"
"268";"S008-1";"1";"S008";"conference";"Stray light analysis of Compact Gas Imager";"";"";"ICSO 2022";"03/10/2022";"07/10/2022";"Dubrovnik";"Croatie";"https://atpi.eventsair.com/icso2022/";"";"";"";"";"";"";"";"02/05/2022";"";"22/08/2022";"";"V. Khodnevych1, D. Simeoni2, N. Tetaz2, B. Chetrite2, M. Carlavan2";"";"";"";"";"non";"";"";"";"";"";"";"";"";"0000000967";"1";"Réalisé";"1";"459";"268";"doc_final";"0";"2023-03/1678813297-390-Khodnevych_47.pdf";"2022-03/1648476391-923-ICSO2022.pdf";"Stray light analysis of Compact Gas Imager  V. Khodnevycha, D. Simeonia, ";"";"0000000967";"1678813297";"1"
"275";"V075-13";"13";"V075";"conference";"Leveraging Influence Functions for Dataset Exploration and Cleaning";"";"";"ERTS22";"";"";"";"";"";"";"";"";"";"";"";"";"23/03/2022";"";"";"";"Agustin Martin Picard, David Vigouroux, Petr Zamolodtchikov, Quentin Vincenot, Jean-Michel Loubes, Edouard Pauwels";"";"";"";"";"";"";"";"";"";"";"";"";"";"0000000617";"0";"Réalisé";"1";"154";"275";"doc_final";"0";"2022-04/1649258266-280-V075-13_Leveraging_Influence_Functions_for_Dataset_Exploration_and_Cleaning_finalV2.pdf";"";"Leveraging_Influence_Functions_for_Dataset_Exploration_and_Cleaning_finalV2";"";"0000000617";"1649258266";"1"
"276";"M031-23";"23";"M031";"conference";"Effect of process induced defects on the fatigue behavior of AS7G06 alloy obtained by LBM process";"";"";"Metal AMS 2022 : International Metal Additive Manufacturing Symposium";"13/04/2022";"14/04/2022";"Senslis";"France";"https://www.cetim-engineering.com/metal-ams/";"";"";"";"";"";"";"";"";"";"";"";"Benoît TRANCHAND* TRANCHAND*, Matthieu BONNERIC**, Antonio CASTRO MORENO*, Charles BRUGGER**, Julien LESSEUR*, Nicolas SAINTIER**";"* IRT Saint Exupéry, Toulouse, France **Arts et Métiers Institute of Technology , I2M , Bordeaux, France";"";"";"";"non";"";"";"";"";"";"";"";"";"0000000089";"0";"Réalisé";"1";"155";"276";"doc_final";"0";"2022-04/1649432308-576-202204---Pr..sentation-MEtal-AMS-Senlis-I2M_pour-membres.pdf";"";"Effect of process induced defects on the fatigue behavior of AS7G06 alloy obtained by LBM process";"";"0000000832";"1649432308";"1"
"277";"M031-24";"24";"M031";"conference";"Impact of heat treatments on alloy IN718 produced by SLM process";"";"";"Metal AMS 2022 : International Metal Additive Manufacturing Symposium";"13/04/2022";"14/04/2022";"Senslis";"France";"https://www.cetim-engineering.com/metal-ams/";"";"";"";"";"";"";"";"";"";"";"";"Bertrand MAX";"Irt Saint Exupéry";"";"";"";"non";"";"";"";"";"";"";"";"";"0000000089";"0";"Réalisé";"1";"156";"277";"doc_final";"0";"2022-04/1649432568-813-Presentation-Metal-AMS---Impact-of-heat-treatments.pdf";"";"Impact of heat treatments on alloy IN718 produced by SLM process";"";"0000000832";"1649432568";"1"
"278";"M082-12";"12";"M082";"conference";"Développement et évaluation de revêtements glaciophobes durables pour des applications aéronautiques";"";"";"Matériaux 2022";"24/10/2022";"28/10/2022";"Lille";"France";"https://materiaux2022.org/";"";"";"";"";"";"";"";"05/04/2022";"";"19/04/2022";"";"Julien Garcia1, Martin Huré1,2, Philippe Olivier2";"1 IRT Saint Exupéry, Toulouse, France ; 2 ICA UMR CNRS 5312, Toulouse, France ";"";"";"";"non";"";"";"";"";"";"";"";"";"0000000669";"1";"Réalisé";"1";"349";"278";"doc_final";"0";"2023-02/1677075556-716-Mat..riaux-2022---8388---D..veloppement-et-..valuation-de-rev..tements-glaciophobes-durables-pour-des-applications-a..ronautiques---J.-GARCIA.pptx";"2023-02/1677075473-760-Mat..riaux-2022---8388---D..veloppement-et-..valuation-de-rev..tements-glaciophobes-durables-pour-des-applications-a..ronautiques---J.-GARCIA.pptx";"";"";"0000000669";"1677075556";"1"
"279";"M082-13";"13";"M082";"conference";"Elaboration de revêtements anti-érosion et anti-icing par projection plasma de suspensions pour pièces aéronautiques ";"";"";"Matériaux 2022";"24/10/2022";"28/10/2022";"Lille";"France";"https://materiaux2022.org/";"";"";"";"";"";"";"";"05/04/2022";"";"19/04/2022";"";"Julien Escobar1, Maxence Gombault1,2 , Simon Goutier2, Christophe Chazelas2, Armelle Vardelle2, Sophie Senani3, Aurélien Joulia3";"1, IRT Saint-Exupéry, Toulouse ; 2, IRCER, Limoges ; 3, SAFRAN TECH, Châteaufort";"";"";"";"non";"";"";"";"";"";"";"";"";"0000000669";"1";"Réalisé";"1";"345";"279";"doc_final";"0";"2023-02/1677075388-407-Presentation-Mat..riaux-2022_Final.pptx";"2023-02/1677075272-719-Presentation-Mat..riaux-2022_Final.pptx";"";"";"0000000669";"1677075388";"1"
"284";"V078-1";"1";"V078";"conference";"A Capella-based Tool for the Early Assessment of Nano/Micro Satellites Availability";"";"";"8th International Symposium on Model-Based Safety Assessment (IMBSA 2022)";"05/09/2022";"07/09/2022";"Munich";"Allemagne";"https://easyconferences.eu/imbsa2022/";"";"";"";"";"";"";"";"29/04/2022";"08/06/2022";"04/07/2022";"";"Guillaume Brau, Eric Jenn, Silvana radu";"IRT Saint-Exupéry, IRT Saint-Exupéry, ESA";"";"";"";"";"";"";"";"";"";"";"";"";"0000000084";"0";"Réalisé";"1";"231";"284";"doc_final";"228";"2022-08/1660747526-557-article_elmasat-final.pdf";"";"";"";"0000000084";"1660747526";"1"
"287";"V078-2";"2";"V078";"conference";"ELMASAT: a Tool for Availability Evaluation and Trade-offs Analysis using Capella";"";"";"1st ESA RAMS conference";"14/06/2022";"16/06/2022";"Noordwijk";"Pays-Bas";"https://atpi.eventsair.com/esa-rams-conference/";"";"";"";"";"";"";"";"04/04/2022";"";"13/06/2022";"";"Guillaume Brau, Eric Jenn";"IRT Saint-Exupery, IRT Saint-Exupery";"";"";"";"";"";"";"";"";"";"";"";"";"0000000084";"1";"Réalisé";"1";"230";"287";"doc_final";"0";"2022-08/1660741668-299-2022-06-15---RAMS.pdf";"2022-04/1650432617-607-abstract-rams-irt-saint-exupery.pdf";"";"";"0000000084";"1660741668";"1"
"289";"S038-17";"17";"S038";"conference";"Road extraction from overhead images with Graph Neural Networks";"";"";"Conference on Computer Vision and Pattern Recognition (CVPR EarthVision 2022)";"19/06/2022";"19/06/2022";"Nouvelle-Orléans";"Etats-Unis";"https://www.grss-ieee.org/events/earthvision-2022/";"";"";"";"";"";"";"";"";"";"";"";"Gaetan Bahl, Mehdi Bahri, Florent Lafarge";"IRT Saint Exupéry, Imperial College London, Université Côte d'Azur - INRIA";"";"";"";"non";"";"";"";"";"";"";"";"";"0000000829";"0";"Réalisé";"1";"217";"289";"doc_publie";"0";"2022-07/1658848560-432-2022_06_20---CVPR---GNN-Road-extraction.pdf";"";"";"";"0000000829";"1658848560";"1"
"290";"S038-18";"18";"S038";"conference";"Scanner Neural Network for on-board segmentation of satellite images";"";"";"International Geoscience and Remote Sensing Symposium (IGARSS 2022)";"17/07/2022";"22/07/2022";"Kuala Lumpur";"Malaisie";"https://www.igarss2022.org/";"";"";"";"";"";"";"";"";"";"";"";"Gaétan Bahl, Florent Lafarge";"IRT Saint Exupéry, Université Côte d'Azur - Inria";"";"";"";"non";"";"";"";"";"";"";"";"";"0000000829";"0";"Réalisé";"1";"218";"290";"doc_publie";"0";"2022-07/1658848832-189-2022_07_17---IGARSS---ScannerNet.pdf";"";"";"";"0000000829";"1658848832";"1"
"297";"S001-6";"6";"S001";"conference";"TSN Network example with a Hot-Standby Grandmaster for critical embedded applications";"";"";"TSN/ 2022";"28/09/2022";"29/09/2022";"Stuttgart";"Allemagne";"https://events.weka-fachmedien.de/tsna-conference/home/";"";"";"";"";"";"";"";"12/05/2022";"30/06/2022";"01/09/2022";"";"Quentin Bailleul; Marcus Pietzsch";"IRT Saint Exupéry; s Fraunhofer IPMS";"";"";"";"non";"";"";"";"";"";"";"";"";"0000000084";"1";"Réalisé";"1";"255";"297";"doc_final";"0";"2022-10/1665998800-890-2022_MODSC_Quentin_Baillel_TSN_Network_example_with_a_Hot-Standby_Grandmaster_for_critical_embedded_applications_TSNA2022.pdf";"2022-05/1652379260-125-TSNA2022-_-TSN-Network-example-with-a-Hot-Standby-Grandmaster-for-critical-embedded-applications.pdf";"TSN Network example with a Hot-Standby Grandmaster for critical embedded applications";"";"0000000049";"1665998800";"1"
"301";"V075-15";"15";"V075";"conference";"On the explainable properties of 1-Lipschitz Neural Networks: An Optimal Transport Perspective";"";"";"NeuRIPS";"10/12/2023";"16/12/2023";"Nouvelle-Orléans";"USA";"https://nips.cc/";"";"";"";"";"";"";"";"17/05/2023";"22/09/2023";"12/10/2022";"";"Mathieu Serrurier (1), Franck Mamalet(2), Thomas Fel (2), Louis Béthune (1),Thibaut Boissin(2)";"(1) Université Paul-Sabatier, IRIT; (2) IRT Saint-Exupéry";"";"";"";"";"";"";"";"";"";"";"";"";"0000000595";"1";"Réalisé";"1";"719";"301";"doc_publie";"0";"2023-11/1700503017-895-Slides_OTNN.pptx";"2022-06/1654511914-103-hkr_explainability_forReview.pdf";"";"";"0000000595";"1700503017";"1"
"321";"V075-17";"17";"V075";"conference";"Xplique A Deep Learning Explainability Toolbox";"";"";"CVPR";"19/06/2022";"24/06/2022";"Nouvelle Orléans";"USA";"https://cvpr2022.thecvf.com/";"";"";"";"";"";"";"";"";"";"";"";"thomas_fel (Primary), lucas.hervier, david.vigouroux, antonin.poche, justin.plakoo, remi.cadene, mathieu_chalvid, julien_colin, thibaut.boissin, louis.bethune, agustin-martin.picard, clr.ncdm, l.gardes, gregory.flandin, thomas_serre";"";"";"";"";"";"";"";"";"";"";"";"";"";"0000000998";"0";"Réalisé";"1";"200";"321";"doc_final";"199";"2022-06/1655395450-450-Xplique-A-Deep-Learning-Explainability-Toolbox.pdf";"";"Xplique A Deep Learning Explainability Toolbox";"Workshop on Explainable Artificial Intelligence for Computer Vision (XAI4CV 2022) @ CVPR 2022";"0000000998";"1655395450";"1"
"322";"M031-26";"26";"M031";"conference";"Cinétique d'évolutions microstructurales dans l'alliage de titane Ti-6Al-4V élaboré par fabrication additive SLM et EBM";"";"";"Matériaux 2022";"24/10/2022";"28/10/2022";"Lille";"France";"https://materiaux2022.org/";"";"";"";"";"";"";"";"";"";"";"";"Yassine Lakroune, Damien Connétable, Jonathan Hugues, Moukrane Dehmas";"CIRIMAT Université de Toulouse, CNRS 4 allée Emile Monso BP 44362 31030 Toulouse Cedex 4 France 2 ,IRT Saint Exupéry 3 rue Tarfaya 31405 Toulouse Cedex 4 France";"";"";"";"non";"";"";"";"";"";"";"";"";"0000000089";"1";"Réalisé";"1";"364";"322";"doc_final";"0";"2023-02/1677146872-402-2022_MAT_LAKROUNE_Cin..tique-d...volutions-_MATERIAUX_2022.pdf";"2022-06/1654759210-574-2022_MAT_LAKROUNE_Cin..tique-d...volutions-_MATERIAUX_2022.pdf";"";"";"0000000832";"1677146872";"1"
"328";"S005-2";"2";"S005";"communication";"From Classical Algorithms to Machine Learning Algorithms for Sensor Drift Detection - An Experiment Report";"";"";"Workshop on Trustworthy Artificial Intelligence - Colocated with ECML/PKDD 22";"19/09/2022";"19/09/2022";"Grenoble";"France";"https://trustworthy-ai-22.sciencesconf.org/resource/page/id/1";"";"";"";"";"";"";"";"22/06/2022";"13/07/2022";"02/09/2022";"";"Mohammed BELCAID, Christophe FAURE, Eric JENN, Vincent BANVILLE, Claire PAGETTI";"CS GROUP, CS GROUP et IRT St Ex, IRT St-Ex, CSGROUP, ONERA";"";"";"";"";"";"";"";"";"";"";"";"";"0000000084";"1";"Refusé";"1";"205";"328";"doc_final";"0";"2022-06/1656420086-612-GV_paper-26.pdf";"2022-06/1655999407-566-GV_paper-26.pdf";"";"";"0000000084";"1656420086";"1"
"341";"M081-11";"11";"M081";"conference";"Caractérisation et modélisation de l'interface fibre/matrice";"";"";"Journées matériaux numériques";"27/09/2022";"29/09/2022";"Tours";"";"";"";"";"";"";"";"";"";"";"";"";"";"Bénédicte Reine, Stéphanie Miot, Ludovic Barrière";"IRT Saint Exupery";"";"";"";"";"";"";"";"";"";"";"";"";"0000000004";"1";"Annulé";"1";"NULL";"NULL";"NULL";"NULL";"NULL";"";"NULL";"NULL";"NULL";"NULL";"NULL"
"342";"A026-4";"4";"A026";"communication";"Evolution à haute température de matériaux à gradient de composition élaborés par Laser Metal Deposition - Powder";"";"";"Journées annuelles GdR COnCOrD";"11/07/2022";"12/07/2022";"Grenoble";"FRANCE";"gdr-concord.cnrs.fr";"";"";"";"";"";"";"";"01/06/2022";"10/06/2022";"11/07/2022";"";"Agathe Curnis (1)(2) – Lisa Nicolas(1) – Aurélien Prillieux (1) – Ioana Popa (2) – Sébastien Chevalier (2)";"(1) Institut de Recherche Technologique (IRT) Saint Exupéry, 3 rue Tarfaya, 31400 Toulouse, France, (2) ICB, UMR 6303 CNRS, Univ. Bourgogne Franche-Comté, 21078 Dijon Cedex";"";"";"";"";"";"";"";"";"";"";"";"";"0000000804";"1";"Réalisé";"1";"225";"342";"";"0";"2022-08/1659558373-364-Pr..sentation-GdR-COnCOrD-11-Juillet-2022---AC.pdf";"2022-08/1659558346-583-CURNIS-COnCOrD-JA2022.pdf";"";"";"0000000367";"1659558373";"1"
"343";"A026-5";"5";"A026";"conference";"Evolution à haute température de matériaux à gradient de composition élaborés par Laser Metal Deposition - Powder";"";"";"Journées scientifiques AddimAlliance";"30/06/2022";"01/07/2022";"Bayonne";"FRANCE";"http://www.addimalliance.fr/siteWeb/journees-scientifiques-aa2022/ ";"";"";"";"";"";"";"";"";"";"";"";"Agathe Curnis (1)(2) – Aurélien Prillieux (1) – Ioana Popa (2) – Sébastien Chevalier (2)";"(1) Institut de Recherche Technologique (IRT) Saint Exupéry, 3 rue Tarfaya, 31400 Toulouse, France, (2) ICB, UMR 6303 CNRS, Univ. Bourgogne Franche-Comté, 21078 Dijon Cedex";"";"";"";"";"";"";"";"";"";"";"";"";"0000000804";"1";"Réalisé";"1";"226";"343";"abstract_extend";"0";"2022-08/1659594651-755-Pr..sentation-AddimAlliance-2022---AC-VF.pdf";"";"";"";"0000000367";"1659594651";"1"
"353";"M026-1";"1";"M026";"conference";"Analyse du recuit d’une encre conductrice à base de particules submicroniques d’argent pour l’impression de liaisons électriques sur structure aéronautique";"";"";"Materiaux 2022";"24/10/2022";"28/10/2022";"Lille";"France";"";"";"";"";"";"";"";"";"02/06/2022";"01/09/2022";"05/10/2022";"";"Lisa Rivière, Pierre Roumanille, Robin Alarcon, Vivien Murat, Yanid Arango, Julien Munoz";"";"";"";"";"";"";"";"";"";"";"";"";"";"0000000555";"1";"Annulé";"1";"438";"353";"doc_final";"0";"2023-03/1678270540-525-Rivi..re_Colloque-4_session7_ref8420.pptx";"2022-09/1662630276-174-RIVIERE_Colloque4_Materiaux2022_soumission.pdf";"";"";"0000000624";"1678270540";"1"
"362";"S007-2";"2";"S007";"conference";"Look where you look! Saliency-guided Q-networks for visual RL tasks";"";"";"NEURIPS";"29/11/2022";"01/12/2022";"Nouvelle-Orléans";"USA";"";"";"";"";"";"";"";"";"";"14/09/2022";"14/09/2022";"";"Bertoin David, Zouitine Adil, Zouitine Mehdi, Rachelson Emmanuuel";"IRT Saint Exupery, ISAE Supaero";"";"";"";"";"";"";"";"";"";"";"";"";"0000000801";"0";"Réalisé";"1";"986";"362";"doc_final";"0";"2024-11/1731398945-462-2209.09203v3.pdf";"";"";"";"0000000801";"1731398945";"1"
"367";"S020-1";"1";"S020";"conference";"Look where you look! Saliency-guided Q-networks for visual RL task";"";"";"NEURIPS 2022";"28/11/2022";"03/12/2022";"Nouvelle-Orléan (Louisane)";"Etats-unis";"https://neurips.cc/";"";"";"";"";"";"";"";"16/05/2022";"14/09/2022";"19/05/2022";"";"David Bertoin*, Adil Zouitine*, Mehdi Zouitine*, Emmanuel Rachelson";"IRT Saint Exupéry, ISAE SUPAERO, ANITI, Institut Mathématique de Toulouse, Université de Toulouse";"";"";"";"";"";"";"";"";"";"";"";"";"0000000801";"1";"Réalisé";"1";"858";"367";"doc_final";"0";"2024-06/1718287649-384-NeurIPS-2022-look-where-you-look-saliency-guided-q-networks-for-generalization-in-visual-reinforcement-learning-Paper-Conference.pdf";"2024-06/1718287473-159-NeurIPS-2022-look-where-you-look-saliency-guided-q-networks-for-generalization-in-visual-reinforcement-learning-Paper-Conference.pdf";"Look where you look! Saliency-guided Q-networks for generalization in visual Reinforcement Learning";"";"0000000799";"1718287649";"1"
"375";"S001-8";"8";"S001";"conference";"A bound on the worst-case synchronization precision of IEEE802.1AS";"";"";"RTAS2023";"09/05/2023";"12/05/2023";"San Antonio, Texas";"Etat Unis";"http://2023.rtas.org/";"";"";"";"";"";"";"";"31/10/2022";"20/01/2023";"24/02/2023";"";"Quentin Bailleul , Katia Runser-Joffres, Jean-Luc Scharbarg, Philippe Cuenot";"IRT, IRIT, IRIT, IRT/Continental";"";"";"";"";"";"";"";"";"";"";"";"";"0000000084";"0";"Refusé";"1";"265";"375";"doc_final_extend";"0";"2022-11/1668077725-976-20222_MOSC_Quentil_Bailleul_A_bound_on_the_worst-case_synchronization_precision_of_-IEEE802.1AS_RTAS2022.pdf";"";"A_bound_on_the_worst-case_synchronization_precision_of_ IEEE802.1AS";"Submitted article for selection";"0000000049";"1668077725";"1"
"377";"M014-2";"2";"M014";"conference";"Réactivité d’un superalliage à base de nickel de fabrication additive lors de traitements de compaction isostatique à chaud";"";"";"A3TS - Traitements et Parachèvements de Pièces issues de la FA ";"30/11/2022";"01/12/2022";"Colmar";"France";"https://www.a3ts.org/evenements/fabrication-additive-colmar-2022";"";"";"";"";"";"";"";"";"";"";"";"Nicolas Mrozowski,  Aurélien Prillieux, Daniel Monceau, Enrica Epifano, Clara Desgranges, Safran Tech";"IRT Saint Exupéry, IRT Saint Exupéry, CIRIMAT, CIRIMAT, SAFRAN";"";"";"";"non";"";"";"";"";"";"";"";"";"0000001251";"1";"Réalisé";"1";"280";"377";"doc_final";"0";"2022-11/1669819009-630-2022_MAT_R..activit..-d...un-superalliage-_MROZOWSKI__A3TS.pdf";"2022-11/1668002366-263-2022_MAT_R..activit..-d...un-superalliage-_MROZOWSKI__A3TS.pdf";"";"";"0000000832";"1669819009";"1"
"388";"A023-1";"1";"A023";"conference";"High performance vitrimer composites.";"";"";"ECCM ";"26/06/2022";"30/06/2022";"Lausanne";"Suisse";"https://eccm20.org/";"";"";"";"";"";"";"";"30/12/2021";"16/02/2022";"20/04/2022";"";"Vincent Schenk , Mathias Destarac , Marc Guerre, Karine Labastie, Philippe Olivier.";"IRT;IMRCP; IMRCP; IRT; ICA";"";"";"";"";"";"";"";"";"";"";"";"";"0000000055";"0";"Réalisé";"1";"278";"388";"doc_final";"276";"2022-11/1669214002-534-ECCM20-61964_ORAL_Schenk_Vincent-FINAL.pptx";"2022-11/1668586959-315-ECCM20-61964_Fullpaper_Schenk_Vincent.docx";"";"";"0000000055";"1669214002";"1"
"394";"E003-2";"2";"E003";"conference";"Propagation des perturbations electromagnetiques conduites sur des reseaux propulsifs d’aeronefs";"";"";"CEM 2023";"13/06/2023";"15/06/2023";"Toulouse";"France";"https://cem2023.sciencesconf.org/";"";"";"";"";"";"";"";"28/12/2022";"";"";"";"Victor Dos Santos, Pascal Frey";"Safran Tech, IRT Saint Exupéry";"";"";"";"";"";"";"";"";"";"";"";"";"0000000821";"1";"Réalisé";"1";"723";"394";"doc_final";"0";"2023-11/1700747525-478-CEM2023_FR_article_final_v0.pdf";"2023-02/1677574531-507-CEM2023_FR_abstract_VDS.pdf";"PROPAGATION DES PERTURBATIONS ELECTROMAGNETIQUES CONDUITES SUR DES RESEAUX PROPULSIFS D’AERONEFS";"";"0000000821";"1700747525";"1"
"397";"E086-4";"4";"E086";"conference";"	MODELISATION ET MESURE DE LA DIAPHONIE ENTRE UN HARNAIS AERONAUTIQUE HVDC ET UNE LIAISON SENSIBLE";"";"";"CEM TOULOUSE 2023";"13/06/2023";"15/06/2023";"TOULOUSE";"FRANCE";"https://cem2023.sciencesconf.org/";"";"";"";"";"";"";"";"28/12/2022";"";"";"";"Charles Jullien1, Laurent Moisset2,1, David Thomasse2,1, Sid-Ahmed Aris2";"SAFRAN,IRT St Ex";"";"";"";"";"";"";"";"";"";"";"";"";"0000000788";"1";"Réalisé";"1";"327";"397";"abstract";"326";"";"2023-02/1676967445-100-CJLMDT_PFP_CEM2023_V0.1.docx";"MODELISATION ET MESURE DE LA DIAPHONIE ENTRE UN HARNAIS AERONAUTIQUE HVDC ET UNE LIAISON SENSIBLE";"";"0000000788";"1676967445";"1"
"399";"E086-5";"5";"E086";"conference";"Caractérisation de résistances thermiques locales liées à des assemblages de câbles et connecteurs électriques de forte puissance";"";"";"SFT 2023 (Société Française de Thermique)";"30/05/2023";"02/06/2023";"REIMS";"FRANCE";"https://www.sft.asso.fr/";"";"";"";"";"";"";"";"";"";"";"";"Alexandre Marie1, Jean-Pierre Fradin1, Yves Fardel2, David Thomasse2";"ICAM, IRT St Ex, Safran";"";"";"";"";"";"";"";"";"";"";"";"";"0000000788";"1";"Réalisé";"1";"330";"399";"abstract";"328";"";"2023-02/1676967777-906-Papier_SFT_2023_HYBELEC_v3.pdf";"Caractérisation de résistances thermiques locales liées à des assemblages de câbles et connecteurs électriques de forte puissance";"";"0000000788";"1676967777";"1"
"408";"A026-6";"6";"A026";"conference";"High temperature corrosion of compositionally graded materials fabricated by Laser Metal Deposition – powder";"";"";"EUROCORR";"27/08/2023";"31/08/2023";"BRUXELLES";"BELGIQUE";"https://www.eurocorr2023.org/about-congress/";"";"";"";"";"";"";"";"16/01/2023";"";"13/01/2023";"";"Agathe Curnis (1)(2) –Ioana Popa (2) – Aurélien Prillieux (1) –  Sébastien Chevalier (2)";"(1) Institut de Recherche Technologique (IRT) Saint Exupéry, 3 rue Tarfaya, 31400 Toulouse, France, (2) ICB, UMR 6303 CNRS, Univ. Bourgogne Franche-Comté, 21078 Dijon Cedex";"";"";"";"";"";"";"";"";"";"";"";"";"0000000804";"1";"Réalisé";"1";"295";"408";"abstract";"0";"";"2023-01/1673429163-304-eurocorr-2023-abstract-AC.pdf";"High temperature corrosion of compositionally graded materials fabricated by Laser Metal Deposition – powder";"";"0000000804";"1673429163";"1"
"413";"S001-9";"9";"S001";"conference";"How to design a safe Ethernet TSN network on spaceraft application";"";"";"DASIA 2023";"06/06/2023";"08/06/2023";"SITGES";"Espagne";"https://eurospace.org/dasia-conference-aspx/";"";"";"";"";"";"";"";"10/02/2023";"01/03/2023";"01/07/2023";"";"Massimo Barbero, Philippe Cuenot, Damien Fruchard, Thierry Ledier, Barthelemny Attanasio";"IRT, Realité Virtuelle, TAS";"";"";"";"non";"";"";"";"";"";"";"";"";"0000000084";"1";"Réalisé";"1";"503";"413";"doc_publie";"0";"2023-06/1686734792-536-2023_MOSC_Massimo_Barbero_and_al_How_to_Design_a_safe_Ethernet_TSN_Network_on_spacecraft_application_DASIA2023.pdf";"2023-02/1675276215-626-2023_MOSC_Massiomo_Barbero_and_all_Abstract_How_to_Design_a_safe_Ethernet_TSN_Network_on_spacecraft_application_DASIA2023.pdf";"";"";"0000000049";"1686734792";"1"
"424";"S005-3";"3";"S005";"conference";"Interference Analysis using the PHYLOG Modeling Language: an Industrial Case Study";"";"";"SAFECOMP 2023 (42nd International  Conference on Computer Safety, Reliability and Security)";"19/09/2023";"22/09/2023";"Toulouse";"France";"https://safecomp2023.cnrs.fr/";"";"";"";"";"";"";"";"13/06/2023";"22/04/2023";"01/06/2023";"";"Guillaume Brau, Eric Jenn, Kevin Delmas, Frédéric Boniol and Emmanuel Courty";"IRT, IRT, ONERA, ONERA, LIEBHERR";"";"";"";"";"";"";"";"";"";"";"";"";"0000000084";"1";"Refusé";"1";"313";"424";"abstract";"0";"";"2023-02/1676459360-852-SAFECOMP2023.pdf";"Interference Analysis using the PHYLOG Modeling Language: an Industrial Case Study";"";"0000000084";"1676459360";"1"
"425";"M015-2";"2";"M015";"conference";"Understanding the transfer between pulsed lasers for surface preparation";"";"";"AB2023";"13/07/2023";"14/07/2023";"Porto";"Portugal";"https://web.fe.up.pt/~ab2023/";"";"";"";"";"";"";"";"03/03/2023";"";"";"";"S Kirchner, J Lecomte, L Ferres, T Balutch, C Debras, M Péron, N Cuvillier";"1IRT Saint Exupéry, Esplanade des Arts et Métiers, 33405 Talence, France. 2Naval Group 3Thales Alenia Space, 5 allée des Gabians, 06156 Cannes La Bocca, France 4ArianeGroup, Les cinq chemins, rue du Touban, 33185 Le Haillan, France. 5Safran Composites, 33";"";"";"";"";"";"";"";"";"";"";"";"";"0000000381";"1";"Réalisé";"1";"548";"425";"doc_publie";"0";"2023-07/1690284144-441-AB2023_KIRCHNER.pdf";"2023-02/1676540290-274-AB2023_abstract_Kirchner_v0.doc";"";"";"0000000217";"1690284144";"1"
"426";"M015-3";"3";"M015";"conference";"Effect of coupled parameters on the robustness of laser surface preparation process";"";"";"14th European Adhesion Conference (EURADH)";"10/09/2023";"13/09/2023";"Garmisch-Partenkirchen";"Allemagne";"https://dechema.de/en/euradh_wcarp_2023.html";"";"";"";"";"";"";"";"31/01/2023";"";"";"";"Sara Kirchner, IRT Saint Exupéry, Talence/France  Julie Lecomte, IRT Saint Exupéry, Talence/France Laurent Ferres, IRT Saint Exupéry, Talence/France Colin Debras, Thales Alenia Space, Cannes/France Maxime Péron, ArianeGroup, Le Haillan/France Nicolas Cuvi";"Sara Kirchner, IRT Saint Exupéry, Talence/France  Julie Lecomte, IRT Saint Exupéry, Talence/France Laurent Ferres, IRT Saint Exupéry, Talence/France Colin Debras, Thales Alenia Space, Cannes/France Maxime Péron, ArianeGroup, Le Haillan/France Nicolas Cuvi";"";"";"";"";"";"";"";"";"";"";"";"";"0000000381";"1";"Réalisé";"1";"745";"426";"doc_publie";"0";"2024-01/1706102660-908-EURADH_43499_KIRCHNER.pdf";"2023-02/1676544479-287-EURADH_abstract_v1.pdf";"";"";"0000000217";"1706102660";"1"
"428";"E034-2";"2";"E034";"conference";"A Townsend’s secondary ionization coefficient  estimation method for partial discharge inception  voltage prediction for insulating polymers";"";"";"2022 IEEE 4th International Conference on Dielectrics (ICD)";"03/07/2022";"07/07/2022";"Palerme";"Italie";"https://ieeexplore.ieee.org/xpl/conhome/9863422/proceeding";"";"";"";"";"";"";"";"";"";"";"";"Y. Kemari; C. Van de Steen; G. Belijar; L. Laudebat; S. Diaham; Z. Valdez-Nava; C. Abadie";"IRT Antoine de Saint Exupéry, 3 Rue Tarfaya, Toulouse cedex 4, France LAPLACE (Laboratoire Plasma et Conversion d’Énergie, Université de Toulouse, CNRS; Bat 3R3, 118 route de Narbonne, Toulouse cedex 9, France";"";"";"";"";"";"";"";"";"";"";"";"";"0000001176";"1";"Réalisé";"1";"889";"428";"doc_final";"0";"2024-07/1720703265-403-A-Townsend...s-secondary-ionization-coefficient-estimation-method-for-partial-discharge-inception-voltage-prediction-for-insulating-polymers.pdf";"2023-02/1676642164-122-Kemari2022---A-Townsend.s-Secondary-Ionization-Coefficient-Estimation-Method-for-Partial-Discharge-Inception-Voltage-Prediction-for-Insulating-Polymers.pdf";"";"";"0000000383";"1720703265";"1"
"433";"E002-1";"1";"E002";"conference";"Novel 2?MPL (two-phase mechanically pumped loop ) cooling circuit evaporator design for highly dissipative space electronic";"";"";"IMAPS THERMAL 2023";"08/03/2023";"09/03/2023";"POITIERS";"France";"https://france.imapseurope.org/event/thermal-2023/";"";"";"";"";"";"";"";"21/11/2022";"";"06/03/2023";"";"Benjamin LAGIER, Frédéric BOUDESSEUL, Laure BAERT";"";"";"";"";"non";"";"";"";"";"";"";"";"";"0000001271";"1";"Réalisé";"1";"473";"433";"doc_publie";"0";"2023-04/1680517997-558-IMAPS-THERMAL-2023-SOCOOL2.pdf";"2023-02/1676908577-514-IMAPS-THERMAL-2023-SOCOOL2.pdf";"";"";"0000001224";"1680517997";"1"
"434";"M015-4";"4";"M015";"conference";"Élimination des contaminations de surface avant collage par préparation de surface laser";"";"";"JADH2022";"21/09/2022";"23/09/2022";"La Turballe";"France";"https://www.jadh-sfa.fr/";"";"";"";"";"";"";"";"30/04/2022";"02/06/2022";"";"";"S. Kirchner1, J. Lecomte1, L. Ferres1, C. Debras1,2, M. Péron1,3, N. Cuvillier1,4";"1 IRT Saint Exupéry, Esplanade des Arts et Métiers, 33405 Talence, France.  2 Thales Alenia Space, 5 Allée des Gabians, 06156 Cannes La Bocca, France. 3ArianeGroup, Les cinq chemins Rue du Touban, 33185 Le Haillan, France.  4 Safran Composites, 33 Avenue ";"";"";"";"non";"";"";"";"";"";"";"";"";"0000000381";"1";"Réalisé";"1";"335";"434";"doc_publie";"0";"2023-02/1676978549-400-JADH2022_V0.pdf";"2023-02/1676978307-602-JADH2022_Abstract_V2.docx";"";"";"0000000217";"1676978549";"1"
"474";"E039-19";"19";"E039";"conference";"Modeling and Design of High Bandwidth Feedback Loop for dv/dt Control in CMOS AGD for GaN";"";"";"EE 2020 32nd International Symposium on Power Semiconductor Devices and ICs (ISPSD)";"";"";"";"";"";"";"";"";"";"";"";"";"";"";"26/02/2020";"";"Bau, Plinio; Cousineau, Marc; Cougo, Bernardo; Richardeau, Frédéric; Rouger, Nicolas";"IRT Saint-Exupéry, LAPLACE";"";"";"";"";"";"";"";"";"";"";"";"";"0000000046";"0";"Réalisé";"1";"NULL";"NULL";"NULL";"NULL";"NULL";"";"NULL";"NULL";"NULL";"NULL";"NULL"
"476";"E039-21";"21";"E039";"conference";"Modeling of Common-Mode Voltage Source for Multilevel Inverter Topologies";"";"";" 2020 International Symposium on Electromagnetic Compatibility ";"";"";"";"";"";"";"";"";"";"";"";"";"";"";"26/02/2020";"";"Sathler, Hans H; Cougo, Bernardo; Carayon, Jean-Pierre; Costa, François; Labrousse, Denis";"IRT Saint-Exupéry, SATIE";"";"";"";"";"";"";"";"";"";"";"";"";"0000000046";"0";"Réalisé";"1";"NULL";"NULL";"NULL";"NULL";"NULL";"";"NULL";"NULL";"NULL";"NULL";"NULL"
"478";"E039-23";"23";"E039";"conference";"Sub-Nanosecond Delay CMOS Active Gate Driver for Closed-Loop dv/dt Control of GaN Transistors";"";"";"IEEE International Symposium on Power Semiconductor Devices and ICs - ISPSD";"";"";"";"";"";"";"";"";"";"";"";"";"";"";"26/02/2019";"";"P. Bau, M. Cousineau, B. Cougo, F. Richardeau, S. Vinnac, D. Flumian, N. Rouger";"IRT Saint-Exupéry, LAPLACE";"";"";"";"";"";"";"";"";"";"";"";"";"0000000046";"0";"Réalisé";"1";"NULL";"NULL";"NULL";"NULL";"NULL";"";"NULL";"NULL";"NULL";"NULL";"NULL"
"490";"A064-1";"1";"A064";"conference";"Mesure de transitoire rapide de température de jonction de transistors SiC pour évaluation de la duré de vie des modules de puissance dans les onduleurs triphasés";"";"";"SYMPOSIUM DE GENIE ELECTRIQUE (SGE 2023)";"05/07/2023";"07/07/2023";"Lille";"France";"https://sge2023.sciencesconf.org/";"";"";"";"";"";"";"";"15/01/2023";"";"02/05/2023";"";"Bernardo COUGO, Gilles SEGOND, Alice TEIXEIRA, Lenin M. F. MORAIS, Marco ANDRADE, Duc Hoan TRAN";"IRT Saint Exupéry, Toulouse, France ; Universidade Federal de Minas Gerais, Belo Horizonte, Brésil";"";"";"";"";"";"";"";"";"";"";"";"";"0000000046";"0";"Réalisé";"1";"537";"490";"doc_final";"0";"2023-07/1689951217-775-449045EvaluationPreciseDeLaTemperatureDeJonctionDesTransistorsSicEnDynamiquePourLestimationDeLaDureeDeVieDesModulesDePuissanceUtilisesDansLesOnduleursTriphases.pdf";"";"Evaluation précise de la température de jonction des transistors SiC en dynamique pour l’estimation de la durée de vie des modules de puissance utilisés dans les onduleurs triphasés";"";"0000000046";"1689951217";"1"
"511";"V075-18";"18";"V075";"conference";"Local Feature Swapping for Generalization in Reinforcement Learning";"";"";"ICLR 2022";"25/04/2022";"29/04/2022";"";"";"";"";"";"";"";"";"";"";"06/10/2021";"24/01/2022";"24/01/2022";"";"David Bertoin, Emmanuel Rachelson ";"IRT Saint Exupéry, ISAE Supaero";"";"";"";"non";"";"";"";"";"";"";"";"";"0000000617";"0";"Réalisé";"1";"383";"511";"doc_final";"382";"2023-02/1677517834-434-2204.06355.pdf";"";"";"";"0000000587";"1677517834";"1"
"513";"V075-20";"20";"V075";"conference";"Hijacking an autonomous delivery drone equipped with the ACAS-Xu system";"";"";"ERTS2022";"01/06/2022";"02/06/2022";"Toulouse";"";"";"";"";"";"";"";"";"";"";"";"";"";"David Bertoin, Adrien Gauffriau, Jayant Sen Gupta ";"IRT Saint-Exupéry, Airbus";"";"";"";"";"";"";"";"";"";"";"";"";"0000000617";"0";"Réalisé";"1";"401";"513";"doc_final";"0";"2023-02/1677602078-374-ERTS2022_Hijacking_ACAS.pdf";"";"";"";"0000000587";"1677602078";"1"
"515";"V075-22";"22";"V075";"conference";"Look where you look! Saliency-guided Q-networks for generalization in visual Reinforcement Learning,";"";"";"NeurIPS 2022";"28/11/2022";"09/12/2022";"Nouvelle-Orléans";"";"";"";"";"";"";"";"";"";"";"";"";"";"David Bertoin, Adil Zouitine, Mehdi Zouitine, Emmanuel Rachelson ";"IRT Saint-Exupery, ISAE Supaero";"";"";"";"non";"";"";"";"";"";"";"";"";"0000000617";"0";"Réalisé";"1";"399";"515";"doc_final";"0";"2023-02/1677601855-923-10301_look_where_you_look_saliency_g.pdf";"";"";"";"0000000587";"1677601855";"1"
"520";"E003-4";"4";"E003";"conference";"Modélisation de la distribution aléatoire des conducteurs dans les encoches d’un bobinage statorique : impact sur les impédances de mode commun et différentiel";"";"";"CEM 2023 Toulouse";"13/06/2023";"15/06/2023";"Toulouse";"France";"https://cem2023.sciencesconf.org/data/pages/CEM2023_appel_v2bis.pdf";"";"";"";"";"";"";"";"28/12/2022";"01/03/2023";"01/05/2023";"";"A. Piat, S. Hlioui, P.-E. Lévy, F. Costa";"IRT Saint Exupéry, , CY Cergy Paris Université (SATIE), ENS Paris-Saclay (SATIE), Université Paris Est Créteil (SATIE)";"";"";"";"";"";"";"";"";"";"";"";"";"0000000821";"1";"Réalisé";"1";"387";"520";"doc_final";"0";"2023-02/1677597689-159-CEM-2023.pdf";"2023-02/1677597822-684-CEM-2023.pdf";"Modélisation de la distribution aléatoire des conducteurs dans les encoches d’un bobinage statorique : impact sur les impédances de mode commun et différentiel";"";"0000000821";"1677597689";"1"
"521";"E003-5";"5";"E003";"conference";"Predictive sensitivity analysis of HF impedance of motor windings";"";"";"EMC Europe 2023";"04/09/2023";"08/09/2023";"Kraków";"Pologne";"https://emceurope2023.org/";"";"";"";"";"";"";"";"06/03/2023";"30/04/2023";"01/06/2023";"";"A. Piat, S. Hlioui, P.-E. Lévy, F. Costa";"IRT Saint Exupéry, , CY Cergy Paris Université (SATIE), ENS Paris-Saclay (SATIE), Université Paris Est Créteil (SATIE)";"";"";"";"";"";"";"";"";"";"";"";"";"0000000821";"1";"Réalisé";"1";"392";"521";"doc_final";"0";"2023-02/1677599295-727-EMC-2023.pdf";"2023-02/1677598700-985-EMC-2023.pdf";"Predictive sensitivity analysis of HF impedance of motor windings";"";"0000000821";"1677599295";"1"
"523";"V075-24";"24";"V075";"conference";"A general approximation lower bound in Lp norm, with applications to feed-forward neural networks";"";"";"NeurIPS 2022";"";"";"";"";"";"";"";"";"";"";"";"";"";"";"";"";" El Mehdi Achour (1) , Armand Foucault (1) , Sébastien Gerchinovitz (2, 1) , François Malgouyres (1) ";"(1) IMT - Institut de Mathématiques de Toulouse UMR5219; (2) IRT Saint Exupéry";"";"";"";"non";"";"";"";"";"";"";"";"";"0000000734";"0";"Réalisé";"1";"403";"523";"doc_final";"0";"2023-02/1677603461-828-achour22-approximationLowerBoundsLp.pdf";"";"";"";"0000000734";"1677603461";"1"
"532";"E003-7";"7";"E003";"conference";"DIGITAL ACTIVE EMI FILTER IMPLEMENTATION ON A 10 KW POWER CHAIN";"";"";"21e colloque international et l'exposition sur la Compatibilité  ElectroMagnétique CEM ";"13/06/2023";"15/06/2023";"Toulouse";"France";"https://cem2023.sciencesconf.org/";"";"";"";"";"";"";"";"";"";"";"";"D. Guedon, S. Serpaud, M. Pascaru, R. Perraud, T. Dörlemann, S. Frei";"AIRBUS SAS, IRT Saint-Exupéry, AIRBUS SAS, AIRBUS SAS, Technische Universität Dortmund, Technische Universität Dortmund";"";"";"";"";"";"";"";"";"";"";"";"";"0000000821";"1";"Réalisé";"1";"410";"532";"abstract";"0";"";"2023-03/1677664348-556-Article_CEM2023_Active_filter_and_10kW_application_FINAL.pdf";"DIGITAL ACTIVE EMI FILTER IMPLEMENTATION ON A 10 KW POWER CHAIN";"";"0000000821";"1677664348";"1"
"535";"U011-1";"1";"U011";"conference";"H2 Rich Gases For The Steel Industry: New Opportunities Of Applications For CMCs?";"";"";"HT CMC 11";"27/08/2023";"31/08/2023";"Jeju";"Korée";"https://www.ht-cmc11.org/";"";"";"";"";"";"";"";"31/03/2023";"30/04/2023";"";"";"Maelle Dupont, Laurent Ferres, Gérard Vignoles (LCTS), Pierre Briand (LCTS)";"";"";"";"";"";"";"";"";"";"";"";"";"";"0000000856";"1";"Réalisé";"1";"413";"535";"abstract";"0";"";"2023-03/1677667552-486-Abstract---H2-rich-gases-for-the-steel-industry.docx";"H2 Rich Gases For The Steel Industry: New Opportunities Of Applications For CMCs?";"";"0000000856";"1677667552";"1"
"544";"S017-1";"1";"S017";"conference";"DIGITWIX : Exploring the intersection between AI and optimization for Digital Twin in Spacecraft Operation ";"";"";"Simulation for European Space Programmes (SESP) ";"28/03/2023";"30/03/2023";"Noordwijk";"Hollande";"https://atpi.eventsair.com/sesp2023/";"";"";"";"";"";"";"";"06/11/2022";"14/12/2022";"05/03/2023";"";"DENIS Jules-Edouard(1), GRANGIER Alexandre(2), DE LOZZO Matthias(2), MULLOR Thomas(2) , BOISSIN Thibaut(2), VIGOUROUX David (2) , Benoît GIRAUD(3), ";"(1) Airbus DS, ; (2) IRT Saint Exupery; (3) Thales Alenia Space";"";"";"";"";"";"";"";"";"";"";"";"";"0000001139";"1";"Réalisé";"1";"421";"544";"abstract_extend";"0";"2023-03/1677743062-830-Template_SESP-.2..doc";"2023-03/1677743139-541-DIGITWIX_SESP_review.docx";"Template de la conférence";"Template imposé par les organisateur de la conférence pour l’article scientifique.";"0000001139";"1677743062";"1"
"549";"S001-10";"10";"S001";"conference";"A bound on the worstcase synchronization precision of IEEE802.1AS";"";"";"ECRTS2023";"11/07/2023";"14/07/2023";"Vienne";"Autriche";"https://www.ecrts.org/";"";"";"";"";"";"";"";"01/03/2023";"22/04/2023";"12/05/2023";"";"Quentin Bailleul, Katia Runser-Joffres, Jean-Luc Scharbarg, Philippe Cuenot";"IRT, IRIT, IRIT, IRT";"";"";"";"";"";"";"";"";"";"";"";"";"0000000084";"0";"Refusé";"1";"427";"549";"doc_final";"0";"2023-03/1677773634-800-2023_MOSC_Quentin_Bailleul_Abstract_A-bound_on_the_worstcase_synchronization_precision_of_IEEE802.1AS_ECRTS2023.pdf";"";"Quentin_Bailleul_Abstract_A bound_on_the_worstcase_synchronization_precision_of_IEEE802.1AS";"Ressoumission de l'article RTAS2023 avec amélioration  (fond identique)";"0000000049";"1677773634";"1"
"550";"M015-7";"7";"M015";"conference";"In situ monitoring of surface contamination during laser surface preparation";"";"";"PLI CONFÉRENCES 2023";"27/09/2023";"28/09/2023";"Rennes";"France";"https://www.clp-laser.fr/fr/evenement/pli-conferences-2023";"";"";"";"";"";"";"";"15/03/2023";"";"";"";"Sara Kirchner*1, Julie Lecomte1, Laurent Ferres1, Thomas Balutch2, Colin Debras1,3, Maxime Péron1,4, Nicolas Cuvillier1,5";"1-IRT Saint Exupéry, France 2-Naval Group, France 3-Thales Alenia Space, France 4-ArianeGroup, France 5-Safran Composites, France";"";"";"";"";"";"";"";"";"";"";"";"";"0000000381";"1";"Réalisé";"1";"744";"550";"doc_publie";"0";"2024-01/1706102617-231-PLI2023_IRT-Saint-Exup..ry.pdf";"2023-03/1677835626-947-PLI2023_abstract_V1.docx";"";"";"0000000217";"1706102617";"1"
"552";"E002-2";"2";"E002";"conference";"A Two phase capillary evaporator characterization for an ammonia cooling MPL dedicated to highly dissipative electronic";"";"";"ICES 2023";"16/07/2023";"20/07/2023";"CALGARY";"CANADA";"https://www.ices.space/";"";"";"";"";"";"";"";"27/02/2023";"27/03/2023";"15/05/2023";"";"Benjamin LAGIER, Frédéric BOUDESSEUL, Laure BAERT";"MAD ADS, MAD TAS, MAD EPSILON";"";"";"";"";"";"";"";"";"";"";"";"";"0000001271";"1";"Réalisé";"1";"445";"552";"abstract";"431";"";"2023-03/1678367887-749-ICES_Paper-Draft-final_V2.docx";"A Two phase capillary evaporator characterization for an ammonia cooling MPL dedicated to highly dissipative electronic";"modification mise en page";"0000001224";"1678367887";"1"
"558";"E001-9";"9";"E001";"conference";"New Reliability Model for Power SiC MOSFET Technologies Under Static and Dynamic Gate Stress";"";"";"ESREF 2023";"02/10/2023";"05/10/2023";"Toulouse";"France";"https://esref2023.sciencesconf.org/";"";"";"";"";"";"";"";"10/03/2023";"28/04/2023";"02/06/2023";"";"M. Zerarkaa, V. Rustichellia, O. Perrotin, J.M. Reynes, D. Tremouilles, A. Serre, F. Bergeret, L. Allirand, F. Coccetti";"IRT, IRT, IRT/ALTER, IRT, LAAS, IPPON, IPPON, VITESCO, IRT";"";"";"";"";"";"";"";"";"";"";"";"";"0000000536";"1";"Réalisé";"1";"446";"558";"abstract";"0";"";"2023-03/1678441606-617-ESREF_2023_Reliability-Model_M.ZERARKA_REDUCED-V0.pdf";"New Reliability Model for Power SiC MOSFET Technologies Under Static and Dynamic Gate Stress";"This work investigates the threshold-voltage Vth degradation of commercial power SiC MOSFET technologies under DC stresses with High Temperature Gate Bias (HTGB) and AC stresses with Gate Switching Stress (GSS) conditions by using relatively accelerated tests whose stressors do not exceed the datasheet specifications. A new model that takes into consideration the variability of the exponent of power-law for threshold-voltage drift has been proposed and experimentally verified on both planar and trench SiC technologies. The proposed model is very useful to estimate accurately the lifetime for any condition or complex mission profile.";"0000000536";"1678441606";"1"
"559";"E001-10";"10";"E001";"conference";"A Preconditioning Methodology to Overcome Threshold-Voltage Variability Related to Bias-history for Reliability Studies of SiC power MOSFET";"";"";"ESREF 2023";"02/10/2023";"05/10/2023";"Toulouse";"France";"https://esref2023.sciencesconf.org/";"";"";"";"";"";"";"";"17/03/2023";"28/04/2023";"02/06/2023";"";"D. Hachem, D. Trémouilles, H. Hamad, J. Oliveira, O. Perrotin, J.M. Reynes H. Morel, B. Asllani, S. Azzopardi, F. Coccetti";"IRT, LAAS, IRT, IRT,ALTER,IRT,AMPERE,SGI,SAFRAN,IRT";"";"";"";"";"";"";"";"";"";"";"";"";"0000000536";"1";"Réalisé";"1";"451";"559";"abstract";"450";"";"2023-03/1678467503-521-sicret_precon_esref2023_v1.pdf";"";"";"0000000536";"1678467503";"1"
"560";"S002-1";"1";"S002";"conference";"Construction d’un Questionnaire d’auto-Évaluation de la Performance de la Collaboration entre un opérateur et un système autonome (QEPC) : étude préliminaire";"";"";"12e Colloque EPIQUE";"04/07/2023";"07/07/2023";"Paris";"";"";"";"";"";"";"";"";"";"";"";"";"";"";"";"";"";"";"";"";"";"";"";"";"";"";"";"0000000847";"1";"Réalisé";"1";"452";"560";"abstract";"0";"";"2023-03/1678711778-625-Colloque2023.docx";"Construction d’un Questionnaire d’auto-Évaluation de la Performance de la Collaboration entre un opérateur et un système autonome (QEPC) : étude préliminaire";"La performance de la collaboration du couple humain machine est souvent abordée dans la littérature sous un aspect théorique, peu d’outils sont disponibles pour son évaluation pratique. Cet article présente les résultats d’une première conception d’un questionnaire pour l’auto-évaluation de la collaboration d’une équipe composée d’un opérateur humain et d’un système autonome. Le questionnaire préliminaire est composé de 31 items sous la forme de différenciateurs sémantiques. Les caractéristiques du QEPC ont été évaluées par une étude quantitative en ligne sur un échantillon de 245 utilisateurs. Cette étude stabilise une version finale à 17 items. Les résultats de l'analyse donnent des caractéristiques de validité et de fidélité satisfaisantes. Les facteurs observés s’écartent des sous-échelles théoriques proposés. Cela nous amène à penser que la corrélation entre les dimensions est plus forte qu'estimée. D'autres études pourront améliorer ce questionnaire. Le QEPC est construit pour comparer différentes situations en termes de performance de la collaboration.";"0000000847";"1678711778";"1"
"565";"A026-7";"7";"A026";"communication";"Corrosion à haute température de l’alliage Ni625 élaboré par Laser Metal Deposition - Powder";"";"";"Journées d’étude de la cinétique hétérogène";"30/03/2023";"31/03/2023";"Nancy";"France";"https://jech53.event.univ-lorraine.fr/";"";"";"";"";"";"";"";"06/03/2023";"21/03/2023";"16/03/2023";"";"Agathe Curnis (1)(2) – Aurélien Prillieux (1) – Ioana Popa (2) – Sébastien Chevalier (2)";"(1) Institut de Recherche Technologique (IRT) Saint Exupéry, 3 rue Tarfaya, 31400 Toulouse, France, (2) ICB, UMR 6303 CNRS, Univ. Bourgogne Franche-Comté, 21078 Dijon Cedex";"";"";"";"";"";"";"";"";"";"";"";"";"0000000804";"1";"Annulé";"1";"468";"565";"abstract";"0";"";"2023-03/1679910460-652-RESUME_JECH-53_A-CURNIS.pdf";"Corrosion à haute température de l’alliage Ni625 élaboré par Laser Metal Deposition - Powder";"";"0000000804";"1679910460";"1"
"580";"S001-11";"11";"S001";"conference";"Sesigning reliable configuration for TSN synchronization on automotive networks";"";"";"2023 IEEE SA Ethernet & IP @ Automotive Technology Day (E&IP@ATD) ";"19/09/2023";"20/09/2023";"São Paulo";"Brazil";"https://standards.ieee.org/events/automotive/";"";"";"";"";"";"";"";"11/05/2023";"";"31/07/2023";"";"Quentin Bailleul, Katia Jaffrès-Runser, Jean-Luc Scharbarg, Philippe Cuenot";"IRT, IRIT, IRIT IRT";"";"";"";"";"";"";"";"";"";"";"";"";"0000000084";"1";"Annulé";"1";"581";"580";"doc_final";"0";"2023-08/1692974934-650-2023_MOSC_Quentin_Bailleul_and_all_Presentation_Designing_reliable_configuration_for_TSN_synchronization..._EIPATD2023.pdf";"2023-05/1683630190-917-2023_MOSC_Quentin_Bailleul_and_all_Abstract_Designing_reliable_configuration_for_TSN_synchronization_on_automotive_networks_EIPATD2023.pdf";"Designing_reliable_configuration_for_TSN_synchronization_on_automotive_network";"Power Point presentation for the congress";"0000000049";"1692974934";"1"
"584";"M015-8";"8";"M015";"conference";"In situ detection of contaminants during laser surface preparation of metal surfaces";"";"";"AJP 2023 (3RD INTERNATIONAL CONFERENCE ON ADVANCED JOINING PROCESSES)";"19/10/2023";"20/10/2023";"Braga";"Portugal";"https://web.fe.up.pt/~ajp2023/";"";"";"";"";"";"";"";"02/06/2023";"";"";"";"S Kirchner1, J Lecomte1, L Ferres1, T Balutch2, C Debras1,3, M Péron1,4, N Cuvillier1,5";"1IRT Saint Exupéry, Esplanade des Arts et Métiers, 33405 Talence, France. 2Naval Group – CESMAN, 5 rue de l’Halbrane, 44340 Bouguenais, France. 3Thales Alenia Space, 5 allée des Gabians, 06156 Cannes La Bocca, France 4ArianeGroup, Les cinq chemins, rue du";"";"";"";"";"";"";"";"";"";"";"";"";"0000000381";"1";"Réalisé";"1";"748";"584";"doc_publie";"0";"2024-01/1706102803-813-AJP23_82_Kirchner.pdf";"2023-05/1684161278-729-AJP2023_v0.doc";"";"";"0000000217";"1706102803";"1"
"587";"V075-28";"28";"V075";"conference";"DP-SGD Without Clipping: The Lipschitz Neural Network Way";"";"";"ICLR";"06/05/2024";"10/05/2024";"Vienna";"Austria";"https://iclr.cc/";"";"";"";"";"";"";"";"28/09/2023";"30/11/2023";"24/11/2023";"";" Bethune Louis (1), Massena Thomas (2) Boissin Thibaut (2) Bellet Aur\'elien (3), Corentin Friedrich (2), Yannick Prudent (2),  Vigouroux David (2) Mamalet Franck (2) , Mathieu Serrurier (1)";"(1) IRIT (2) IRT Saint Exupery (3) Inria";"";"";"";"non";"";"";"";"";"";"";"";"";"0000000617";"1";"Réalisé";"1";"797";"587";"doc_final";"796";"2024-04/1712153036-429-DP_of_Lipschitz_Networks-.7..pdf";"2024-04/1712152873-782-DP_of_Lipschitz_Networks-.7..pdf";"DP-SGD Without Clipping:\\ The Lipschitz Neural Network Way";"";"0000000617";"1712153036";"1"
"593";"S016-1";"1";"S016";"conference";"Successive Convexification for on-board scheduling of Spacecraft Rendezvous Missions";"";"";"ESA-GNC (European Space Agency – Guidance, Navigation, and Control)";"12/06/2023";"16/06/2023";"Sopot";"Pologne";"https://atpi.eventsair.com/gnc2023/";"";"";"";"";"";"";"";"20/01/2023";"";"29/05/2023";"";"Thomas Claudet(1, 2), Jeremie Labroquiere(3), Damiana Losa(2, 4), Francesco Sanfedino(1), Daniel Alazard(1)";"(1) ISAE-SUPAERO, Toulouse, 31400, France, {thomas.claudet, francesco.sanfedino, daniel.alazard}@isae-supaero.fr (2) IRT Saint-Exup´ery, 3 Rue Tarfaya, 31400, Toulouse, France, {thomas.claudet, damiana.losa}@irt-saintexupery.com (3) Thales Alenia Space, 2";"";"";"";"";"";"";"";"";"";"";"";"";"0000000801";"1";"Réalisé";"1";"761";"593";"doc_publie";"0";"2024-02/1708014556-846-ESA_GNC2023_soumission-finale.pdf";"2023-05/1685085939-283-ESA_GNC2023_soumission-finale.pdf";"";"";"0000001186";"1708014556";"1"
"595";"E086-6";"6";"E086";"communication";"ÉVOLUTIONS DES PROPRIÉTÉS ÉLECTRIQUES DU PFA LORS D’UN VIEILLISSEMENT THERMIQUE ACCÉLÉRÉ : ÉTUDE DE LA RELATION STRUCTURE PROPRIÉTÉS PAR SPECTROSCOPIE DIÉLECTRIQUE DYNAMIQUE.";"";"";"GDR REEPOS";"12/06/2023";"13/06/2023";"TOULOUSE";"France";"https://www.cirimat.cnrs.fr/spip.php?article1148";"";"";"";"";"";"";"";"26/05/2023";"";"";"";"Victor HENRI, Pierre HENRARD, Eric DANTRAS";"IRT, IRT, CIRIMAT";"";"";"";"";"";"";"";"";"";"";"";"";"0000000788";"1";"Réalisé";"1";"490";"595";"abstract";"0";"";"2023-05/1685107105-727-HENRI_GDR_REEPOS-.003..docx";" ÉVOLUTIONS DES PROPRIÉTÉS ÉLECTRIQUES DU PFA LORS D’UN VIEILLISSEMENT THERMIQUE ACCÉLÉRÉ : ÉTUDE DE LA RELATION STRUCTURE PROPRIÉTÉS PAR SPECTROSCOPIE DIÉLECTRIQUE DYNAMIQUE.";"";"0000000788";"1685107106";"1"
"596";"V075-29";"29";"V075";"conference";"Making Sense of Dependence: Efficient Black-box Explanations Using Dependence Measure";"";"";"NeurIPS";"28/11/2022";"04/12/2022";"Nouvelle Orléans";"US";"";"";"";"";"";"";"";"";"";"";"";"";"Paul Novello, Thomas Fel, David Vigouroux";"";"";"";"";"";"";"";"";"";"";"";"";"";"0000001149";"0";"Réalisé";"1";"707";"596";"doc_final";"0";"2023-11/1700478157-226-NeurIPS-2022-making-sense-of-dependence-efficient-black-box-explanations-using-dependence-measure-Paper-Conference.pdf";"";"";"";"0000001149";"1700478157";"1"
"598";"V075-30";"30";"V075";"conference";"Robust One-Class Classification with Signed Distance Function using 1-Lipschitz Neural Networks";"";"";"ICML";"24/07/2023";"30/07/2023";"Honolulu";"US";"";"";"";"";"";"";"";"";"";"";"";"";"Louis Bethune, Paul Novello, Thibault Boissin, Guillaume Coiffier, Mathieu Serrurier, Quentin Vincenot, Andres Troya-Galvis";"";"";"";"";"";"";"";"";"";"";"";"";"";"0000001149";"0";"Réalisé";"1";"706";"598";"doc_final";"0";"2023-11/1700477984-596-1238_robust_one_class_classificatio-.1..pdf";"";"";"";"0000000833";"1700477984";"1"
"607";"M010-3";"3";"M010";"communication";"Powder Bed Additive Manufacturing of alloy 718 – development of dedicated post-fabrication heat treatments ";"";"";"GDR ALMA";"27/06/2023";"29/06/2023";"Rouen";"France";"https://alma.cnrs.fr/save-the-date-2eme-journees-du-gdr-alma/";"";"";"";"";"";"";"";"31/03/2023";"31/03/2023";"28/06/2023";"";"Bertrand MAX";"IRT Saint Exupéry";"";"";"";"";"";"";"";"";"";"";"";"";"0000000101";"1";"Réalisé";"1";"1172";"607";"doc_final";"0";"2025-04/1744188389-886-GDR-ALMA---Impact-of-heat-treatments-718-LPBF---Bertrand-MAX_Vcom.pdf";"2023-06/1686750816-407-Abstract-GDR-ALMA_BMAX.pdf";"Présentation_GDR_ALMA_BMax";"";"0000000101";"1744188389";"1"
"611";"V075-32";"32";"V075";"conference";"Existence, Stability And Scalability Of Orthogonal Convolutional Neural Networks";"";"";"ICML";"23/07/2023";"29/07/2023";"Hawaii ";"USA";"https://icml.cc/";"";"";"";"";"";"";"";"20/06/2023";"20/06/2023";"01/07/2023";"";"El Mehdi Achour, François Malgouyres, Franck Mamalet";"UNIV-TLSE3 | INSMI | UT1-CAPITOLE | UNIV-TLSE2 | IMT | IRT_SAINT-EXUPERY | CNRS | ANR | ANITI";"";"";"";"";"";"";"";"";"";"";"";"";"0000000595";"0";"Réalisé";"1";"509";"611";"doc_final";"0";"2023-06/1687289969-334-reseau_lipchitz_JMLR.pdf";"";"Existence, Stability And Scalability Of Orthogonal Convolutional Neural Networks";"";"0000000595";"1687289969";"1"
"625";"M009-1";"1";"M009";"conference";"Debonding on demand strategies for industrial usecases";"";"";"EURADH 2023";"10/09/2023";"13/09/2023";"Garmisch-Partenkirchen";"Allemagne";"https://dechema.de/en/euradh_wcarp_2023.html";"";"";"";"";"";"";"";"31/01/2023";"";"";"";"Cécilia Faure, Julie Lecomte et Laurent Ferres, IRT Saint Exupéry, Talence/France  Bérangère Doll, Thales Alenia Space, Cannes/France Aurélien Fraysse, ACTIA, Toulouse/France  Stéphane Couarraze, Continental, Toulouse/France";"";"";"";"";"";"";"";"";"";"";"";"";"";"0000000217";"1";"Réalisé";"1";"751";"625";"doc_publie";"0";"2024-01/1706103055-518-EURADH_presentation_FAURE.pdf";"2023-07/1690284674-178-EURADH-2023_abstract-CODEX_v2.docx";"";"";"0000000217";"1706103055";"1"
"635";"U005-2";"2";"U005";"conference";"Multi-fidelity Nonlinear Aeroelastic Analysis of a Strut-braced Ultra-high Aspect Ratio Wing Configuration";"";"";"AIAA Aviation 2022";"27/06/2022";"01/07/2022";"Chicago";"Etats-Unis";"https://arc.aiaa.org/doi/book/10.2514/MAVIAT22";"";"";"";"";"";"";"";"17/11/2021";"25/02/2022";"11/05/2022";"";"Peter Nagy, Bryn Jones, Edmondo Minisci, Marco Fossati, Alvaro Cea, Rafael Palacios, Nicolas Roussouly";"Aerospace centre, Aerospace centre, Aerospace centre, Aerospace centre, Imperial College London, Imperial College London, IRT";"";"";"";"";"";"";"";"";"";"";"";"";"0000000074";"0";"Réalisé";"1";"553";"635";"doc_final";"0";"2023-08/1690872605-166-Aviation_2022_Manuscript_PETER-.002..pdf";"";"Multi-fidelity nonlinear aeroelastic analysis of a strut-braced ultra-high aspect ratio wing configuration";"";"0000001130";"1690872605";"1"
"639";"S087-5";"5";"S087";"conference";"Non-Convex, mixed categorical-continuous variable structural optimization applied to metallic stiffened panel sizing";"";"";"WCSMO";"05/06/2023";"09/06/2023";"Cork";"Irelande";"https://wcsmo2023.com/";"";"";"";"";"";"";"";"31/01/2023";"21/02/2023";"";"";"Simone CONIGLIO";"IRT";"";"";"";"";"";"";"";"";"";"";"";"";"0000000074";"0";"Réalisé";"1";"NULL";"NULL";"NULL";"NULL";"NULL";"";"NULL";"NULL";"NULL";"NULL";"NULL"
"640";"S087-6";"6";"S087";"conference";"A scalable problem to benchmark robust multidisciplinary design optimization techniques";"";"";"WCSMO";"05/06/2023";"09/06/2023";"Cork";"Irelande";"https://wcsmo2023.com/";"";"";"";"";"";"";"";"06/01/2023";"";"22/03/2023";"";"Amine AZIZ-ALAOUI";"IRT";"";"";"";"non";"";"";"";"";"";"";"";"";"0000000074";"0";"Réalisé";"1";"1401";"640";"doc_publie";"0";"2025-12/1766397236-779-Amine-AZIZ-ALAOUI.-WCSMO-2023-Presentation.pdf";"";"";"";"0000000074";"1766397236";"1"
"646";"U010-1";"1";"U010";"conference";"Framework-assisted implementation of an aircraft aero-structural-powerplant multidisciplinary optimization process using GEMSEO";"";"";"EUROGEN 2023";"01/06/2023";"03/06/2023";"Chania";"Grèce";"https://www.eurogen2023.org/";"";"";"";"";"";"";"";"";"21/03/2023";"";"";"Caslav ILIC, Mohammad ABU-ZURAYK, Patrick WEGENER, Martin BAUER, Achyuth ATTRAVANAM, Thomas KLIMMEK, Matthias SCHULZE, Kautuk SINHA, Jannik HÄBY, Anne GAZAIX, François GALLARD, Jean-Christophe GIRET, Matthias DE LOZZO";"DLR, DLR, DLR, DLR, DLR, DLR, DLR, DLR, DLR, ADS/IRT, IRT, IRT, IRT";"";"";"";"";"";"";"";"";"";"";"";"";"0000000697";"0";"Réalisé";"1";"556";"646";"doc_final";"0";"2023-08/1690901111-379-Framework-assisted-implementation-of-an-aircraft-aero-structural-powerplant-multidisciplinary-optimization-process-using-Gemseo.pdf";"";"Framework-assisted implementation of an aircraft aero-structural-powerplant multidisciplinary optimization process using GEMSEO";"";"0000001130";"1690901111";"1"
"672";"S005-5";"5";"S005";"conference";"An Evaluation Bench for the Exploration of Machine Learning Deployment Solutions on Edge Computers";"";"";"ERTS 2024";"11/06/2024";"12/06/2024";"Toulouse";"France";"https://erts2024.org/";"";"";"";"";"";"";"";"15/10/2023";"08/02/2024";"05/05/2024";"";"Eric JENN, Ramon CONEJO-LAGUNA, Serge TEMBO-MOUAFO, Omar HLIMI, Christophe MARABOTTO, Floris THIANT, Hugo KIEFFER, Cyril LOUIS-STANISLAS, THEO ALLOUCHE, Philippe THIERION, Halima BOOUZIDI, Smaïl NIAR";"IRT St-Ex, IRT St-Ex, IRT St-Ex, IRT St-Ex, IRT St-Ex, IRT Syst-X, Viveris, Viveris, ATOS, RSL, LAMIH";"";"";"";"";"";"";"";"";"";"";"";"";"0000000084";"1";"Réalisé";"1";"984";"672";"doc_final";"0";"2024-11/1731002795-586-ERTS2024_paper_6-.2..pdf";"2023-09/1694767394-308-erts2024_ec7_15.pdf";"";"";"0000000084";"1731002795";"1"
"673";"S005-6";"6";"S005";"conference";"Uncertainty in Assurance Case Template for Machine Learning";"";"";"ERTS 2024";"11/06/2024";"12/06/2024";"Toulouse";"France";"https://erts2024.org/";"";"";"";"";"";"";"";"15/10/2023";"08/02/2024";"05/05/2024";"";"Y. IID MESSAOUD, Jean-Loup FARGES, Eric JENN, Vincent MUSSOT";"IRT Syst-X, ONERA, IRT St- Ex, IRT St-EX";"";"";"";"";"";"";"";"";"";"";"";"";"0000000084";"0";"Réalisé";"1";"599";"673";"doc_final";"0";"2023-09/1694767687-696-Uncertainty_in_AC_templates.pdf";"";"Uncertainty in Assurance Case Template for Machine Learning";"";"0000000084";"1694767687";"1"
"674";"S005-7";"7";"S005";"conference";"A Method for Interference Analysis using the PHYLOG Modeling Language";"";"";"ERTS 2024";"11/06/2024";"12/06/2024";"Toulouse";"France";"https://erts2024.org/";"";"";"";"";"";"";"";"15/10/2023";"08/02/2024";"05/05/2024";"";"G. BRAU, E. JENN, E. COURTY, K. DELMAS, F. BONIOL";"IRT St-Ex, IRT-St-Ex, LTS, ONERA, ONERA";"";"";"";"";"";"";"";"";"";"";"";"";"0000000084";"1";"Réalisé";"1";"924";"674";"doc_final";"0";"2024-09/1725344725-832-ERTS2024_paper_31.pdf";"2024-09/1725344670-821-abstract.txt";"";"";"0000000084";"1725344725";"1"
"675";"S005-8";"8";"S005";"conference";"Assurance Cases for ML-based Systems: Workflow and Tooling";"";"";"ERTS 2024";"11/06/2024";"12/06/2024";"Toulouse";"France";"https://erts2024.org/";"";"";"";"";"";"";"";"15/10/2023";"08/02/2024";"05/05/2024";"";"V. MUSSOT, E. JENN, F. CHENEVIER, R. CONEJO-LAGUNA ";"IRT St-Ex, IRT St-Ex, , THALES AVS, IRT St-EX";"";"";"";"";"";"";"";"";"";"";"";"";"0000000084";"1";"Réalisé";"1";"926";"675";"doc_final";"0";"2024-09/1725344876-309-ERTS2024_paper_35.pdf";"2024-09/1725344816-484-abstract.txt";"";"";"0000000084";"1725344876";"1"
"678";"E039-43";"43";"E039";"conference";"Reliability-Oriented Optimization of High Performance SiC-Based Power Drive Systems for Aircraft Applications";"";"";"MEA 2024";"07/02/2024";"08/02/2024";"Toulouse";"France";"";"";"";"";"";"";"";"";"19/09/2023";"";"";"";"Bernardo Cougo, Hans Hoffmann Sathler, Marco Andrade, Alice Teixeira, Fabio Coccetti";"IRT Saint Exupery";"";"";"";"non";"";"";"";"";"";"";"";"";"0000000046";"1";"Réalisé";"1";"1010";"678";"doc_publie";"0";"2024-11/1731669151-994-Presentation-MEA2024---IRT-SaintExupery---Bernardo-COGO---Pour-Diffusion.pdf";"2023-09/1695129719-949-Extended-Abstract-MEA-2024---Reliability-Oriented-Optimization-of-High-Performance-SiC-Based---COUGO.pdf";"";"";"0000000046";"1731669151";"1"
"680";"U009-8";"8";"U009";"conference";"Evaluation of Different Diode Technologies in a Si-SiC Hybrid Switch Used in 540V/30kW Inverters";"";"";"CIPS 2024 - 13th International Conference on Integrated Power Electronics Systems. ";"12/03/2024";"14/03/2024";"Dusseldorf";"Allemagne";"https://www.cips.eu/en";"";"";"";"";"";"";"";"15/09/2023";"";"";"";"Evaluation of different diode technologies in a Si-SiC Hybrid switch used in 540V/30kW inverters";"IRT Saint-Exupery";"";"";"";"non";"";"";"";"";"";"";"";"";"0000000046";"1";"Réalisé";"1";"1014";"680";"doc_publie";"0";"2024-11/1731679611-580-PosterCIPS-mod-COGO.pptx";"2023-09/1695140158-982-Abstract_CIPS_2024_Venvio.pdf";"";"";"0000000046";"1731679611";"1"
"687";"M012-1";"1";"M012";"conference";"Surface post-treatments for Ti64 components produced by Laser Metal Deposition with powder: surface texture quantification and effect on mechanical properties";"";"";"Metals AMS 2024";"20/03/2024";"21/03/2024";"Senlis";"France";"https://metal-ams.com/contact/";"";"";"";"";"";"";"";"";"";"";"";"Clément Ernould, Jean-Marc Auger, Côme Vanouche, Mauro Ravaioli, Tobias Theel";"IRT,IRT,IRT,IRT, PFW";"";"";"";"";"";"";"";"";"";"";"";"";"0000000275";"1";"Réalisé";"1";"613";"687";"abstract";"0";"";"2023-09/1695395445-171-MetalAMS-2024_Abstract_ERNOULD.pdf";"Surface post-treatments for Ti64 components produced by Laser Metal Deposition with powder: surface texture quantification and effect on mechanical properties ";"";"0000000832";"1695395445";"1"
"688";"E005-2";"2";"E005";"communication";"Etude du comportement mécanique d’alliages de brasure SnAgCu : approche numérique et expérimentale, prise en compte des effets du vieillissement";"";"";"IEEE EPS : Journée technique Simulation multi-échelle et multi-physique";"05/12/2023";"05/12/2023";"Paris Saclay";"France";"";"";"";"";"";"";"";"";"22/09/2023";"";"";"";"Houda FRIAA";"";"";"";"";"";"";"";"";"";"";"";"";"";"0000000296";"1";"Réalisé";"1";"648";"688";"abstract_extend";"0";"2023-10/1698676003-762-IEEE-EPS_05.12.2023_Houda-FRIAA.pdf";"2023-09/1695737554-331-IEEE-EPS_05.12.2023_Houda-FRIAA.pdf";"";"";"0000000397";"1698676003";"1"
"689";"CSEC-1";"1";"CSEC";"conference";"Embedded UNet-based Semantic Segmentation of Aerial Images – a Comparison of CPU, GPU, and FPGA Workflows";"";"";"ERTS 2024";"11/06/2024";"12/06/2024";"Toulouse";"France";"https://erts2024.org/";"";"";"";"";"";"";"";"15/10/2023";"";"";"";"Julien Posso, Hugo Kieffer, Nicolas Menga, Omar Hlimi, S ?ebastien Tarris, Hubert Guerard Guy Bois, Matthieu Couderc, Eric Jenn";"Ecole polytechnique Montréal, Viveris Technologies, ADS, IRT St-Ex, Vivéris technologies, Space Codesign Systems, Space Codesign Systems,ADS, IRT St-Ex";"";"";"";"";"";"";"";"";"";"";"";"";"0000000084";"1";"Réalisé";"1";"920";"689";"doc_final";"0";"2024-09/1725344084-458-ERTS2024_paper_14.pdf";"2023-09/1695965935-961-SPOC_abstract_ERTS.pdf";"";"";"0000000084";"1725344084";"1"
"691";"S005-9";"9";"S005";"conference";"Separation of functional and time interferences concerns for efficient AMC 20-193 compliance";"";"";"ERTS 2024";"11/06/2024";"12/06/2024";"Toulouse";"France";"https://erts2024.org/";"";"";"";"";"";"";"";"15/10/2023";"08/10/2024";"05/10/2024";"";"Damien CHABROL, Jean GUYOMARC’H, Fabien SIRON, Guillaume PHAVORIN Sam THOMPSON, Eric JENN, François THURIEAU";"ASTERIOS Technologies, ASTERIOS Technologies, ASTERIOS Technologies, ASTERIOS Technologies, Rapita systems, IRT St-Ex, Safran Electronics and Defense";"";"";"";"";"";"";"";"";"";"";"";"";"0000000084";"1";"Réalisé";"1";"927";"691";"doc_final";"0";"2024-09/1725344948-147-ERTS2024_paper_5.pdf";"2023-10/1696313041-428-ERTS24-abstract_AT_RPT_IRT-v1.pdf";"";"";"0000000084";"1725344948";"1"
"692";"S005-10";"10";"S005";"conference";"Certified ML Object Detection for Surveillance Mission ";"";"";"ERTS 2024";"11/06/2024";"12/06/2024";"Toulouse";"France";"https://erts2024.org/";"";"";"";"";"";"";"";"15/10/2023";"08/02/2024";"05/05/2024";"";"Mohammed Belcaid, Eric Bonnafous, Louis Crison, Christophe Fauré, Eric Jenn, Claire Pagetti";"CS Group, CS group, CS Group, CS Group, IRT St-Ex, ONERA";"";"";"";"";"";"";"";"";"";"";"";"";"0000000084";"1";"Réalisé";"1";"929";"692";"doc_final";"0";"2024-09/1725345068-130-ERTS2024_paper_41.pdf";"2024-09/1725345015-188-abstract.txt";"";"";"0000000084";"1725345068";"1"
"697";"CSEC-2";"2";"CSEC";"conference";"An ACAS-Xu implementation using ED-324/ARP6983";"";"";"ERTS 2024";"11/06/2024";"12/06/2024";"Toulouse";"France";"https://erts2024.org/";"";"";"";"";"";"";"";"15/10/2023";"08/02/2024";"05/05/2024";"";"Christophe Gabreau, Marie-Charlotte Teulières, Cristian Maxim, Eric Jenn";"Airbus, Airbus Protect, IRT System-X, IRT Saint-Ex";"";"";"";"";"";"";"";"";"";"";"";"";"0000000084";"1";"Réalisé";"1";"922";"697";"doc_final";"0";"2024-09/1725344246-368-ERTS2024_paper_25.pdf";"2024-09/1725344214-359-abstract.txt";"";"";"0000000084";"1725344246";"1"
"708";"V075-33";"33";"V075";"conference";"Unlocking Feature Visualization for Deeper Networks with MAgnitude Constrained Optimization";"";"";"Neurips 2023";"10/12/2023";"16/12/2023";"New Orleans LA";"USA";"https://neurips.cc/";"";"";"";"";"";"";"";"11/05/2023";"21/09/2023";"27/10/2023";"";"Thomas Fel, Thibaut Boissin, Victor Boutin, Agustin Picard, Paul Novello, Julien Colin, Drew Linsley, Tom Rousseau, Rémi Cadène, Laurent Gardes, Thomas Serre";"Carney Institute for Brain Science, Brown University; Artificial and Natural Intelligence Toulouse Institute; Institut de Recherche Technologique Saint-Exupery; Innovation & Research Division, SNCF; ELLIS Alicante, Spain";"";"";"";"non";"";"";"";"";"";"";"";"";"0000000833";"1";"Réalisé";"1";"709";"708";"doc_final";"708";"2023-11/1700478558-910-MACO___Unlocking_Feature_viz-.1..pdf";"2023-10/1697548516-151-2306.06805.pdf";"";"";"0000000833";"1700478558";"1"
"709";"V075-34";"34";"V075";"conference";"Craft: Concept recursive activation factorization for explainability";"";"";"CVPR 2023";"18/06/2023";"22/06/2023";"Vancouver";"Canada";"https://openaccess.thecvf.com/CVPR2023";"";"";"";"";"";"";"";"11/11/2022";"27/02/2023";"24/03/2023";"";"Thomas Fel, Agustin Picard, Louis Bethune, Thibaut Boissin, David Vigouroux, Julien Colin, Rémi Cadène, Thomas Serre";"1Carney Institute for Brain Science, Brown University, USA;  Sorbonne Université, CNRS, France; Artificial and Natural Intelligence Toulouse Institute, Université de Toulouse, France;  Institut de Recherche Technologique Saint-Exupery, France; Innovation ";"";"";"";"";"";"";"";"";"";"";"";"";"0000000833";"1";"Réalisé";"1";"710";"709";"doc_final";"0";"2023-11/1700478746-556-CRAFT__Concept_Recursive_Activation_FacTorization-.4..pdf";"2023-10/1697548916-610-Fel_CRAFT_Concept_Recursive_Activation_FacTorization_for_Explainability_CVPR_2023_paper.pdf";"";"";"0000000833";"1700478746";"1"
"710";"V075-35";"35";"V075";"conference";"Pay attention to your loss: understanding misconceptions about lipschitz neural networks";"";"";"Neurips 2022";"28/11/2022";"09/12/2022";"Nouvelle-Orléans";"USA";"https://neurips.cc/";"";"";"";"";"";"";"";"";"";"";"";"Louis Béthune, Thibaut Boissin, Mathieu Serrurier, Franck Mamalet, Corentin Friedrich, Alberto Gonzalez Sanz";"IRIT, Université Paul-Sabatier Toulouse, France;  IRT Saint-Exupéry Toulouse, France; IMT, Université Paul-Sabatier Toulouse, France";"";"";"";"non";"";"";"";"";"";"";"";"";"0000000833";"1";"Réalisé";"1";"711";"710";"doc_final";"0";"2023-11/1700478981-841-Lipschitz_Networks_V2-.11..pdf";"2023-10/1697549233-195-NeurIPS-2022-pay-attention-to-your-loss-understanding-misconceptions-about-lipschitz-neural-networks-Paper-Conference.pdf";"";"";"0000000833";"1700478981";"1"
"711";"V075-36";"36";"V075";"communication";"Adversarial alignment: Breaking the trade-off between the strength of an attack and its relevance to human perception";"";"";"";"";"";"";"";"";"";"";"";"";"";"";"";"";"";"";"";"Drew Linsley, Pinyuan Feng, Thibaut Boissin, Alekh Karkada Ashok, Thomas Fel, Stephanie Olaiya, Thomas Serre";"Department of Cognitive, Linguistic, & Psychological Sciences, Brown University, Providence, RI ; Carney Institute for Brain Science, Brown University, Providence, RI; Department of Computer Science, Brown University, Providence, RI;  nstitut de Recherche";"";"";"";"";"";"";"";"";"";"";"";"";"0000000833";"1";"Réalisé";"1";"798";"711";"doc_final";"0";"2024-04/1712153247-860-adversarial_robustness_tradeoff-.5..pdf";"2023-10/1697549568-471-2306.03229.pdf";"";"";"0000000617";"1712153247";"1"
"712";"V075-37";"37";"V075";"conference";"COCKATIEL: COntinuous Concept ranKed ATtribution with Interpretable ELements for explaining neural net classifiers on NLP tasks";"";"";"ACL 2023";"09/07/2023";"14/07/2023";"Toronto";"Canada";"https://2023.aclweb.org/";"";"";"";"";"";"";"";"";"";"";"";"Jourdan, Fanny ; Picard, Agustin ; Fel, Thomas ; Risser, Laurent ; Loubes, Jean Michel ; Asher, Nicholas";"IRIT, Université Paul-Sabatier Toulouse, France; IRT Saint-Exupéry Toulouse, France; Brown University, USA SNCF, Toulouse, France; IMT, Université Paul-Sabatier Toulouse, France; IMT, Université Paul-Sabatier Toulouse, France; IRIT, Université Paul-Sabati";"";"";"";"";"";"";"";"";"";"";"";"";"0000000833";"1";"Réalisé";"1";"712";"712";"doc_final";"0";"2023-11/1700479308-750-cockatiel.pdf";"2023-10/1697549872-904-2305.06754.pdf";"";"";"0000000833";"1700479308";"1"
"716";"A023-4";"4";"A023";"conference";"High performance vitrimer composites ";"";"";"Concours doctorants SAMPE France";"02/06/2022";"03/06/2022";"Bidart";"France";"https://www.sampe-france.org/fr/les-articles-conferences-etudiantes";"";"";"";"";"";"";"";"02/05/2022";"09/05/2022";"13/05/2022";"";"Vincent Schenk , Mathias Destarac , Marc Guerre, Karine Labastie, Philippe Olivier.";"IRT;IMRCP; IMRCP; IRT; ICA";"";"";"";"oui";"";"";"";"";"";"";"";"";"0000000897";"0";"Réalisé";"1";"646";"716";"doc_publie";"0";"2023-10/1698655051-567-Pr..sentation-th..se-vitrim..re-V.-SCHENK-SAMPE-France.pdf";"";"";"";"0000000962";"1698655051";"1"
"717";"A023-5";"5";"A023";"conference";"Vitrimer composites for Aeronautics";"";"";"Concours doctorants SAMPE Europe";"14/11/2022";"16/11/2022";"Hambourg";"Allemagne";"https://www.sampe-europe.org/about/students/";"";"";"";"";"";"";"";"08/10/2022";"22/10/2022";"08/11/2022";"";"Vincent Schenk , Mathias Destarac , Marc Guerre, Karine Labastie, Philippe Olivier.";"IRT;IMRCP; IMRCP; IRT; ICA";"";"";"";"oui";"";"";"";"";"";"";"";"";"0000000897";"0";"Réalisé";"1";"638";"717";"doc_final_extend";"0";"2023-10/1698150824-466-SAMPE-Europe-Extended-Abstract-V.-SCHENK.pdf";"";"Vitrimer composites for Aeronautics";"Proceeding";"0000000962";"1698150824";"1"
"719";"A023-7";"7";"A023";"conference";"Matériaux composites à matrice vitrimère pour l’aéronautique";"";"";"Journées techniques SAMPE France";"17/11/2022";"18/11/2022";"Lorient";"France";"https://www.sampe-france.org/";"";"";"";"";"";"";"";"30/09/2022";"15/10/2022";"08/11/2022";"";"Vincent Schenk , Mathias Destarac , Marc Guerre, Karine Labastie, Philippe Olivier.";"IRT;IMRCP; IMRCP; IRT; ICA";"";"";"";"oui";"";"";"";"";"";"";"";"";"0000000897";"0";"Réalisé";"1";"640";"719";"doc_final";"0";"2023-10/1698151552-566-JT-SAMPE-France---Composites-vitrimeres-pour-l.aeronautique---V.-SCHENK.pdf";"";"Matériaux composites à matrice vitrimère pour l’aéronautique";"";"0000000962";"1698151552";"1"
"721";"A023-9";"9";"A023";"conference";"Matériaux Composites à Matrice Vitrimère pour l’Aéronautique";"";"";"Journées Nationales sur les Composites";"03/07/2023";"05/07/2023";"Besançon";"France";"https://jnc23.sciencesconf.org/";"";"";"";"";"";"";"";"15/12/2022";"28/02/2023";"22/05/2023";"";"Vincent Schenk , Mathias Destarac , Marc Guerre, Karine Labastie, Philippe Olivier.";"IRT;IMRCP; IMRCP; IRT; ICA";"";"";"";"non";"";"";"";"";"";"";"";"";"0000000897";"0";"Réalisé";"1";"642";"721";"doc_final";"0";"2023-10/1698152336-820-Pr..sentation-JNC-23-03-07-23-V.-SCHENK.pdf";"";"Matériaux Composites à Matrice Vitrimère pour l’Aéronautique";"";"0000000962";"1698152336";"1"
"727";"E005-4";"4";"E005";"conference";"Comparative study of various lead-free alloys submitted to the thermomechanical aging";"";"";"EuroSimE 2024";"07/04/2024";"10/04/2024";"Catane";"Sicile";"https://www.eurosime.org/";"";"";"";"";"";"";"";"30/10/2023";"15/12/2023";"03/11/2023";"";"H. Friaa1,2, A. Guédon-Gracia1, H. Frémont1, R.Riva2, L. Rocheron2";"1Laboratoire IMS, Université de Bordeaux, Talence, France 2IRT - Institut de recherche technologique Saint-Exupéry, Toulouse, France";"";"";"";"non";"";"";"";"";"";"";"";"";"0000000296";"1";"Réalisé";"1";"808";"727";"doc_publie";"0";"2024-04/1713250359-289-Poster-EUROSIME-V3.pdf";"2023-10/1698675743-424-EuroSimE-2024_Abstract_Houda-FRIAA_IRT-Saint-Exupery.doc";"";"";"0000000397";"1713250359";"1"
"729";"M009-2";"2";"M009";"conference";"Debonding on demand using moderate thermal or electrical trigger";"";"";"3RD INTERNATIONAL CONFERENCE ON INDUSTRIAL APPLICATIONS OF ADHESIVES 2024";"07/03/2024";"08/03/2024";"Cascais";"Portugal";"https://www.fe.up.pt/iaa/2024/";"";"";"";"";"";"";"";"03/11/2023";"03/11/2023";"";"";"Cécilia Faure1, Julie Lecomte1, Sara Kirchner1, Laurent Ferres1, Bérangère Doll2, Aurélien Fraysse3, Stéphane Couarraze4";"1IRT Saint Exupéry, Esplanade des Arts et Métiers, Talence, FR . 2Thales Alenia Space, 5 allée des Gabians, 06156 Cannes La Bocca, FR.   3Actia Automotive, 5 rue Jorge Semprun, Toulouse, FR.   4Continental, 1 av. Paul Ourliac, Toulouse, FR.";"";"";"";"";"";"";"";"";"";"";"";"";"0000000217";"1";"Réalisé";"1";"651";"729";"abstract";"650";"";"2023-11/1698933536-664-IAA-2424_abstract_v1.doc";"Debonding on demand using moderate thermal or electrical trigger";"";"0000000217";"1698933536";"1"
"730";"M015-9";"9";"M015";"conference";"Towards a reliable laser process for surface preparation before bonding";"";"";"3RD INTERNATIONAL CONFERENCE ON INDUSTRIAL APPLICATIONS OF ADHESIVES 2024";"07/03/2024";"08/03/2024";"Cascais";"Portugal";"https://www.fe.up.pt/iaa/2024/";"";"";"";"";"";"";"";"03/11/2023";"03/11/2023";"";"";"F Crestey1, S Kirchner1, J Lecomte1, L Ferres1, A. Fernandez2, T Balutch3, C Debras1,4, M Péron1,5, N Cuvillier1,6 ";"1IRT Saint Exupéry, Esplanade des Arts et Métiers, 33405 Talence, France. 2Airbus, P.º John Lennon, 28906 Getafe, Madrid, Spain. 3Naval Group – CESMAN, 5 rue de l’Halbrane, 44340 Bouguenais, France. 4Thales Alenia Space, 5 allée des Gabians, 06156 Cannes ";"";"";"";"";"";"";"";"";"";"";"";"";"0000000381";"1";"Réalisé";"1";"1392";"730";"doc_publie";"0";"2025-12/1765544075-772-PLI2024_IRT.pdf";"2023-11/1698934343-647-IAA2024_IRT.doc";"";"";"0000000612";"1765544075";"1"
"731";"V075-38";"38";"V075";"communication";"Unlocking Feature Visualization for Deeper Networks with MAgnitude Constrained Optimization";"";"";"Workshop XAI4CV CVPR 2023";"18/06/2023";"22/06/2023";"Vancouver";"Canada";"https://openaccess.thecvf.com/CVPR2023";"";"";"";"";"";"";"";"11/11/2022";"27/02/2023";"24/03/2023";"";"Thomas Fel, Thibaut Boissin, Victor Boutin, Agustin Picard, Paul Novello, Julien Colin, Drew Linsley, Tom Rousseau, Rémi Cadène, Laurent Gardes, Thomas Serre";"Carney Institute for Brain Science, Brown University; Artificial and Natural Intelligence Toulouse Institute; Institut de Recherche Technologique Saint-Exupery; Innovation & Research Division, SNCF; ELLIS Alicante, Spain";"";"";"";"";"";"";"";"";"";"";"";"";"0000000833";"1";"Réalisé";"1";"713";"731";"doc_final";"0";"2023-11/1700479374-560-MACO_WorkShop_XAI_CVPR.pdf";"2023-11/1699368052-228-MACO_WorkShop_XAI_CVPR.pdf";"";"";"0000000833";"1700479374";"1"
"750";"E025-1";"1";"E025";"conference";"Surface Discharges Inception & Flashover of Solid Insulating Materials with Homogeneous and Inhomogeneous Electrical Field for Aeronautical ";"";"";"ICD";"30/06/2024";"04/07/2024";"TOULOUSE";"FRANCE";"https://ieee-icd.org/";"";"";"";"";"";"";"";"";"12/11/2023";"29/02/2024";"";"Somya anand, Solomon Berihu Araya, Mohammed El Amine Slama, Pierre Henrard , Alain Philippe";"SOURIAU, IRT, SAFRAN";"";"";"";"";"";"";"";"";"";"";"";"";"0000001461";"1";"Réalisé";"1";"1285";"750";"doc_final";"1284";"2025-09/1758007453-251-ICD2024_ID1403.pdf";"2024-03/1709299255-884-ICD2024_ID1403.pdf";"";"";"0000000788";"1758007453";"1"
"751";"E025-2";"2";"E025";"conference";" Enhancing High-Temperature Aeronautic Cables with Extruded Perfluoroalkoxy: Insights from Partial Discharge and Polarization Current Analysis";"";"";"ICD";"30/06/2024";"04/07/2024";"TOULOUSE";"FRANCE";"https://ieee-icd.org/";"";"";"";"";"";"";"";"12/11/2023";"";"";"";"Youcef KEMARI , Laurent MOISSET  , David THOMASSE  , Pierre HENRARD ";"IRT, SAFRAN";"";"";"";"";"";"";"";"";"";"";"";"";"0000001461";"1";"Réalisé";"1";"1286";"751";"doc_final";"0";"2025-09/1758007955-888-ICD_IEEE_ID1196.pdf";"2024-02/1708702009-790-Article_KEMARI_IEEE_ICD2024_ID1196.pdf";"";"";"0000000788";"1758007955";"1"
"760";"V075-41";"41";"V075";"communication";"Influenciæ: A library for tracing the influence back to the data-points";"";"";"";"";"";"";"";"";"";"";"";"";"";"";"";"14/11/2023";"";"14/11/2023";"";"Agustin Picard, Lucas Hervier, Thomas Fel, David Vigouroux";"IRT Saint-Exupéry, IRT Saint-Exupéry, Brown University, IRT Saint-Exupéry";"";"";"";"";"";"";"";"";"";"";"";"";"0000000816";"1";"Réalisé";"1";"739";"760";"doc_final";"0";"2024-01/1705328367-744-Influenciae_WS_NeurIPS2023-1.pdf";"2023-11/1699957994-843-Influenciae_WS_NeurIPS2023.pdf";"Influenciæ: A library for tracing the influence back to the data-points";"In today's AI-driven world, understanding model behavior is becoming more important than ever. While libraries abound for doing so via traditional XAI methods, the domain of influence-based techniques for data-centric explanations remains mostly underserved.  To fill this void, we introduce Influenciae, an open-source library that implements the state-of-the-art methods for estimating the influence of training points on the model, with a focus on efficiency and scalability to fit the needs and the recent trends in the field. Finally, we have thoroughly documented and included plenty of tutorials to make the library reachable to the public, in the hopes that it will bring these methods back into the spotlight.";"0000000816";"1705328367";"1"
"764";"V075-43";"43";"V075";"conference";"Beyond the Opacity of Deep Neural Networks";"";"";"Open Source Experience";"06/12/2023";"07/12/2023";"Paris";"France";"https://www.opensource-experience.com/";"";"";"";"";"";"";"";"23/06/2023";"26/07/2023";"07/12/2023";"";"Lucas Hervier, Corentin Friedrich, Paul Novello";"IRT Saint Exupéry";"";"";"";"";"";"";"";"";"";"";"";"";"0000000998";"1";"Réalisé";"1";"740";"764";"doc_final";"0";"2024-01/1705575026-804-prez_osx.zip";"2023-11/1700469534-803-abstract_beyond_opacity.pdf";"";"";"0000000998";"1705575026";"1"
"765";"V075-44";"44";"V075";"conference";"The DEEL open-source software suite for reliable, robust, and explainable AI";"";"";"Open Source Experience";"06/12/2023";"07/12/2023";"Paris";"France";"https://www.opensource-experience.com/";"";"";"";"";"";"";"";"23/06/2023";"26/07/2023";"07/12/2023";"";"Corentin Friedrich, Paul Novello, Lucas Hervier";"IRT Saint Exupéry";"";"";"";"";"";"";"";"";"";"";"";"";"0000000998";"1";"Réalisé";"1";"741";"765";"doc_final";"0";"2024-01/1705575355-193-2023-12-07-OSXP-DEEL-software-suite.pptx";"2023-11/1700469873-603-abstract_deel_suite.pdf";"";"";"0000000998";"1705575355";"1"
"779";"V075-45";"45";"V075";"conference";"Unlocking Feature Visualization for Deeper Networks with MAgnitude Constrained Optimization";"";"";"NeurIPS inParis";"06/12/2023";"07/12/2023";"Paris";"France";"https://neuripsinparis.github.io/neurips2023paris/";"";"";"";"";"";"";"";"";"";"";"";"Thomas Fel, Thibaut Boissin, Victor Boutin, Agustin Picard, Paul Novello, Julien Colin, Drew Linsley, Tom Rousseau, Rémi Cadène, Laurent Gardes, Thomas Serre";"Brown University, IRT Saint-Exupéry, Brown University, IRT Saint-Exupéry, IRT Saint-Exupéry, ELLIS Alicante, Brown University, SNCF, Tesla, SNCF, Brown University";"";"";"";"";"";"";"";"";"";"";"";"";"0000000816";"0";"Réalisé";"1";"714";"779";"doc_final";"0";"2023-11/1700488713-287-MAG_Feature_viz.pdf";"";"Unlocking Feature Visualization for Deeper Networks with Magnitude Constrained Optimization";"Feature visualization has gained substantial popularity, particularly after the influential work by Olah et al. in 2017, which established it as a crucial tool for explainability. However, its widespread adoption has been limited due to a reliance on tricks to generate interpretable images, and corresponding challenges in scaling it to deeper neural networks. Here, we describe MACO, a simple approach to address these shortcomings. The main idea is to generate images by optimizing the phase spectrum while keeping the magnitude constant to ensure that generated explanations lie in the space of natural images. Our approach yields significantly better results – both qualitatively and quantitatively – and unlocks efficient and interpretable feature visualizations for large state-of-the-art neural networks. We also show that our approach exhibits an attribution mechanism allowing us to augment feature visualizations with spatial importance. We validate our method on a novel benchmark for comparing feature visualization methods, and release its visualizations for all classes of the ImageNet dataset on Lens.
Overall, our approach unlocks, for the first time, feature visualizations for large, state-of-the-art deep neural networks without resorting to any parametric prior image model.";"0000000816";"1700488713";"1"
"782";"V075-46";"46";"V075";"communication";"On the explainable properties of 1-Lipschitz Neural Networks: An Optimal Transport Perspective";"";"";"Workshop Optimal Transport Machine Leaning (OTML) in Neurips Conference";"11/12/2023";"18/12/2023";"New Orleans";"USA";"https://nips.cc/";"";"";"";"";"";"";"";"30/10/2023";"10/12/2023";"30/11/2023";"";"Mathieu Serrurier (1), Franck Mamalet(2), Thomas Fel (2), Louis Béthune (1),Thibaut Boissin(2)";"(1) Université Paul-Sabatier, IRIT; (2) IRT Saint-Exupéry";"";"";"";"";"";"";"";"";"";"";"";"";"0000000595";"0";"Réalisé";"1";"720";"782";"doc_final";"0";"2023-11/1700503313-630-hkr_explainability_Arxiv.pdf";"";"";"";"0000000595";"1700503313";"1"
"783";"S001-15";"15";"S001";"conference";"Yet another experience on TSN tools interoperability for critical embedded networks";"";"";"ERTS 2024";"11/06/2024";"12/06/2024";"Toulouse";"France";"https://erts2024.org/";"";"";"";"";"";"";"";"15/11/2023";"08/11/2024";"03/11/2024";"";"Philippe Cuenot, Thierry Leydier, Damien Fruchart, Morgane Roques";"Continental et IRT St-Ex, Virtualité Réelle, Airbus Defense and Space et IRT St-Ex, IRT St-Ex";"";"";"";"";"";"";"";"";"";"";"";"";"0000000084";"1";"Réalisé";"1";"721";"783";"abstract";"0";"";"2023-11/1700548745-654-Yet-another-experience-on-TSN-tools-interoperability-for-critical-embedded-networks_v5.pdf";"Yet another experience on TSN tools interoperability for critical embedded networks";"";"0000000084";"1700548745";"1"
"786";"E003-12";"12";"E003";"conference";"Enhancing Power Density in Medium Power Inverters for Electric and Hybrid Aircraft Propulsion: Addressing Thermal and EMC Challenges";"";"";"MORE ELECTRIC AIRCRAFT - MEA 2024";"07/02/2024";"08/02/2024";"Toulouse";"France";"https://conference-mea.org/";"";"";"";"";"";"";"";"";"";"";"";"Victor Dos Santos (1,2) , Bernardo Cougo (2), Gilles Segond (2)";"1 : Safran Tech, Electronic and Electricity Team, 2 : IRT Saint Exupéry";"";"";"";"";"";"";"";"";"";"";"";"";"0000000821";"1";"Réalisé";"1";"1212";"786";"doc_final";"0";"2025-06/1748862259-130-2024_MEA_Article-VICTOR-Final.pdf";"2023-11/1700748009-476-mea2024_abstract3.pdf";"Enhancing Power Density in Medium Power Inverters for Electric and Hybrid Aircraft Propulsion: Addressing Thermal and EMC Challenges";"";"0000000046";"1748862259";"1"
"791";"V075-47";"47";"V075";"communication";"TaCo: Targeted Concept Removal in Output Embeddings for NLP via Information Theory and Explainability";"";"";"";"";"";"";"";"";"";"";"";"";"";"";"";"12/12/2023";"";"12/12/2023";"";"Fanny Jourdan, Louis Béthune, Agustin Picard, Laurent Risser, Nicholas Asher";"IRIT, IRIT, IRT Saint-Exupéry, Institut de Mathématiques de Toulouse, IRIT";"";"";"";"";"";"";"";"";"";"";"";"";"0000000816";"1";"Réalisé";"1";"729";"791";"doc_publie";"0";"2023-12/1702379188-189-2312.06499.pdf";"2023-12/1702379084-459-2312.06499.pdf";"";"";"0000000816";"1702379188";"1"
"806";"M027-3";"3";"M027";"conference";"AGING MECHANISMS OF CERAMIC MATRIX COMPOSITES";"";"";"ECCM21";"02/07/2024";"05/07/2024";"Nantes";"France";"https://eccm21.org/";"";"";"";"";"";"";"";"21/12/2023";"";"30/06/2024";"";"Guillaume German1,2, Émilie Perret1 Francis Rebillat,2 Aurélien Debelle3 Xavier Bourbon 3 Jérôme Roger ";"1 : IRT SE, 2 : LCTS, 3 : ANDRA";"";"";"";"non";"";"";"";"";"";"";"";"";"0000001200";"0";"Réalisé";"1";"967";"806";"doc_publie";"0";"2024-10/1729781204-821-Pr..sentation_ECCM21_German_sans_animation.pdf";"";"";"";"0000001200";"1729781204";"1"
"807";"M027-4";"4";"M027";"conference";"A new sandwich solution combining CMC and ceramics for the liner of radioactive waste disposal cells";"";"";"ECCM21";"02/07/2024";"05/07/2024";"Nantes";"France";"https://eccm21.org/";"";"";"";"";"";"";"";"21/12/2023";"";"";"";"S. Miot1*, E. Perret1, M. Box1, Aurélien Debelle2,  Frédéric Bumbieler2";"1 : IRT SE, 2 : ANDRA";"";"";"";"";"";"";"";"";"";"";"";"";"0000001200";"0";"Réalisé";"1";"963";"807";"doc_final";"0";"2024-10/1729775680-589-ECCM21_miot_7KOWI_v2.pptx";"";"";"";"0000001200";"1729775680";"1"
"808";"M015-10";"10";"M015";"conference";"Surface modification and precursor plasma deposition to improve adhesion";"";"";"EUROPEAN CONFERENCE ON HEAT TREATMENT AND SURFACE ENGINEERING - ECHT 2024 AND A3TS 50TH CONGRESS";"05/06/2024";"07/06/2024";"Toulouse";"France";"https://echt2024.a3ts.org/fr/";"";"";"";"";"";"";"";"16/02/2024";"25/02/2024";"";"";"C. Faure1, S. Kirchner1, J. Lecomte1, L. Ferres1, C. Debras1,2, M. Péron1,3, N. Cuvillier1,4, T. Balutch5";"1 IRT Saint Exupéry, Esplanade des Arts et Métiers, 33405 Talence, France.  2 Thales Alenia Space, 5 Allée des Gabians, 06156 Cannes La Bocca, France. 3ArianeGroup, Les cinq chemins Rue du Touban, 33185 Le Haillan, France.  4 Safran Composites, 33 Avenue ";"";"";"";"";"";"";"";"";"";"";"";"";"0000000381";"1";"Réalisé";"1";"1390";"808";"doc_publie";"0";"2025-12/1765543975-632-ECHT-A3TS-2024_V4_Surface-modification-and-precursor-plasma-deposition-to-improve.pdf";"2024-01/1706102411-676-AT3S_abstract_FAURE.docx";"";"";"0000000612";"1765543975";"1"
"809";"M015-11";"11";"M015";"conference";"Towards a reliable laser process for surface preparation before bonding";"";"";"EUROPEAN CONFERENCE ON HEAT TREATMENT AND SURFACE ENGINEERING - ECHT 2024 AND A3TS 50TH CONGRESS";"05/06/2024";"07/06/2024";"Toulouse";"France";"https://echt2024.a3ts.org/fr/";"";"";"";"";"";"";"";"16/02/2024";"25/02/2024";"";"";"F. Crestey1, S. Kirchner1, J. Lecomte1, L. Ferres1, A. Fernandez2, C. Debras1,3, M. Péron1,4, N. Cuvillier1,5, T. Balutch6";"1 IRT Saint Exupéry, Esplanade des Arts et Métiers, 33405 Talence, France.  2Airbus, P.º John Lennon, 28906 Getafe, Madrid, Spain. 3 Thales Alenia Space, 5 Allée des Gabians, 06156 Cannes La Bocca, France. 4ArianeGroup, Les cinq chemins Rue du Touban, 331";"";"";"";"";"";"";"";"";"";"";"";"";"0000000381";"1";"Réalisé";"1";"1388";"809";"doc_publie";"0";"2025-12/1765543907-531-ECHT-A3TS_2024_Toward-a-reliable-laser-process-for-surface-preparation-before-bonding_IRT.pdf";"2024-01/1706102949-830-A3TS_abstract_Crestey.docx";"";"";"0000000612";"1765543907";"1"
"813";"M012-2";"2";"M012";"conference";"Devising of an integrated Hot Isostatic Pressing (HIP) heat treatment for additive manufactured nickel based ?/?’ alloys : relevant parameters and material characteristics";"";"";"A3TS";"05/06/2024";"07/06/2024";"Toulouse";"France";"https://echt2024.a3ts.org/fr/";"";"";"";"";"";"";"";"02/02/2024";"09/02/2024";"16/02/2024";"";"Auger J-M., Hughes J., Prillieux A., Perusin S., Ravaioli M.";"Auger J-M., Hughes J., Prillieux A., Perusin S., Ravaioli M.";"";"";"";"";"";"";"";"";"";"";"";"";"0000000275";"1";"Réalisé";"1";"757";"813";"abstract";"0";"";"2024-02/1706885660-980-HIPPOME-AbstractA3TS_Final.pdf";"Abstract HIPPOME for A3TS 2024";"";"0000001251";"1706885660";"1"
"821";"S016-4";"4";"S016";"conference";"A robust approach merging deep learning and unscented Kalman for vision based space rendez-vous";"";"";"IAC 2024";"14/10/2024";"18/10/2024";"Milano";"Italie";"https://www.iafastro.org/events/iac/international-astronautical-congress-2024/";"";"";"";"";"";"";"";"28/02/2024";"19/04/2024";"20/09/2024";"";"Thomas Chambon, Fabien Gallet";"IRT Saint-Exupery pour tous";"";"";"";"";"";"";"";"";"";"";"";"";"0000001453";"1";"Réalisé";"1";"939";"821";"doc_final";"0";"2024-09/1727010820-177-IAC_2024___navigation.pdf";"2024-02/1708681857-379-abstract_v2.docx";"version finale";"";"0000001186";"1727010820";"1"
"823";"E025-3";"3";"E025";"conference";"Elaboration of life models by kinetic of thermal decomposition of polymeric materials: difference between isoconversional and modulated approach";"";"";"JCAT 2024";"03/06/2024";"06/06/2024";"Clermont-Ferrand";"France";"https://jcat54.sciencesconf.org/";"";"";"";"";"";"";"";"29/02/2024";"";"";"";"Victor HENRI, Eric DANTRAS, Pierre HENRARD";"IRT St Ex, CIRIMAT, IRT St EX";"";"";"";"";"";"";"";"";"";"";"";"";"0000001461";"1";"Réalisé";"1";"1292";"823";"doc_final";"1291";"2025-09/1758010319-739-JCAT54_HENRI.pdf";"2024-02/1708703456-769-Abstract_JCAT54_HENRI_2.pdf";"";"";"0000000788";"1758010319";"1"
"824";"E025-4";"4";"E025";"conference";"Investigation of the Partial Discharge Inception and Flashover with IEC-based CTI Electrodes at Varying Pressures for Aerospace Applications";"";"";"ICHVE";"18/08/2024";"23/08/2024";"Berlin";"Allemagne";"https://ichve2024.org/";"";"";"";"";"";"";"";"15/02/2024";"";"";"";"Somya ANAND, Mohammed El Amine SLAMA, Pierre HENRARD, Alain PHILIPPE  ";"Mad Souriau ,IRT St Ex, Mad Safarn, Souriau";"";"";"";"";"";"";"";"";"";"";"";"";"0000001461";"1";"Réalisé";"1";"1290";"824";"doc_final";"1287";"2025-09/1758009199-280-IEEE-ICHVE-2024-V1_SAnand.pptx";"2024-02/1708705493-201-IEEE-ICHVE-2024--ABSTRACT-CTI-electrodes-.002..pdf";"";"";"0000000788";"1758009199";"1"
"825";"S016-5";"5";"S016";"conference";"Exploring AI-based satellite pose estimation: from novel synthetic dataset to in-depth performance evaluation";"";"";"AI4Space";"17/06/2024";"18/06/2024";"Seattle";"US";"https://aiforspace.github.io/2024/";"";"";"";"";"";"";"";"01/03/2024";"27/03/2024";"27/03/2024";"";"Fabien Gallet, Christophe Marabotto, Thomas Chambon";"IRT (MAD Thales Alenia Space), IRT, IRT (MAD Thales Alenia Space)";"";"";"";"";"";"";"";"";"";"";"";"";"0000001453";"0";"Réalisé";"1";"768";"825";"doc_final";"0";"2024-02/1708960695-197-CVPR_AI4Space_2024-.4..pdf";"";"Representative Synthetic Dataset for Efficient Spacecraft Pose Estimation";"Full paper";"0000001118";"1708960695";"1"
"826";"M015-12";"12";"M015";"conference";"Towards a reliable laser process for surface preparation before bonding";"";"";"SURFAIR";"24/09/2024";"26/09/2024";"Biarritz";"France";"https://www.surfaircongress.com/";"";"";"";"";"";"";"";"29/02/2024";"01/03/2024";"";"";"F. Crestey1, S. Kirchner1, J. Lecomte1, L. Ferres1, A. Fernandez2, C. Debras1,3, M. Péron1,4, N. Cuvillier1,5, T. Balutch6";"1 IRT Saint Exupéry, Esplanade des Arts et Métiers, 33405 Talence, France.  2Airbus, P.º John Lennon, 28906 Getafe, Madrid, Spain. 3 Thales Alenia Space, 5 Allée des Gabians, 06156 Cannes La Bocca, France. 4ArianeGroup, Les cinq chemins Rue du Touban, 331";"";"";"";"";"";"";"";"";"";"";"";"";"0000000381";"1";"Réalisé";"1";"1386";"826";"doc_publie";"0";"2025-12/1765543828-207-SURFAIR-2024_IRT_Floriane-Crestey.pdf";"2024-02/1709017660-315-Form_CRESTEY.pdf";"";"";"0000000612";"1765543828";"1"
"835";"S033-1";"1";"S033";"communication";"Xplique A Deep Learning Explainability Toolbox";"";"";"Atelier EXPLAIN'AI 3ème édition - Hébergé à la conférence EGC 2024";"23/01/2024";"23/01/2024";"Dijon";"France";"https://sites.google.com/view/explainai-2024/accueil?authuser=0";"";"";"";"";"";"";"";"30/11/2023";"15/12/2023";"";"";"Thomas Fel1,3,4* Lucas Hervier2* Antonin Poche2 David Vigouroux2 Justin Plakoo2 Remi Cadene3 Mathieu Chalvidal1,3 Julien Colin1,3 Thibaut Boissin1,2 Louis Bethune1 Agustin Picard1,2 Fr´ederic Boisnard1,5 Claire Nicodeme4 Laurent Gardes4 Gregory Flandin1,2";"1Artificial and Natural Intelligence Toulouse Institute, Universit´e de Toulouse, France 2 Institut de Recherche Technologique Saint-Exupery, France 3Carney Institute for Brain Science, Brown University, USA 4 Innovation & Research Division, SNCF , 5 Rena";"";"";"";"non";"";"";"";"";"";"";"";"";"0000000617";"1";"Réalisé";"1";"774";"835";"doc_final";"0";"2024-03/1709299554-831-Xplique___Explain_AI_2024.pdf";"2024-03/1709286920-859-Xplique___Explain_AI_2024.pdf";"Xplique A Deep Learning Explainability Toolbox";"";"0000000617";"1709299554";"1"
"851";"E025-6";"6";"E025";"communication";"Vieillissement thermique accéléré du PFA : conséquences sur  la structure physique et les propriétés diélectriques";"";"";"2eme journée GDR Reepos au 2ème congrès MATELEC";"11/06/2024";"13/06/2024";"Lyon";"FranceCE";"https://gdr-reepos.cnrs.fr/2-eme-congres-national-matelec-reunion-annuelle-du-gdr-reepos/";"";"";"";"";"";"";"";"05/04/2024";"";"";"";"Victor HENRI , Pierre HENRARD  , Eric DANTRAS ";"IRT Saint Exupéry,,IRT Saint Exupéry,,CIRIMAT";"";"";"";"";"";"";"";"";"";"";"";"";"0000001461";"1";"Réalisé";"1";"1295";"851";"doc_final";"0";"2025-09/1758012393-724-HENRI_REEPOS_pr..sentation_VF.pdf";"2024-03/1711697710-503-HENRI_Victor_MATELEC_GDR-REEPOS_2024.pdf";"";"";"0000000788";"1758012393";"1"
"858";"S018-2";"2";"S018";"conference";"Selective Modal Excitation of FBGs in FMF Through Inscription Techniques and the use of a Spatial Multiplexer.";"";"";"BGPP (Bragg Gratings, Photosensitivity and Poling in Optical Materials and Waveguides) - July 2024 , Canada";"28/07/2024";"01/08/2024";"Québec City";"Canada";"https://www.optica.org/events/congress/advanced_photonics_congress/program/bragg_gratings_photosensitivity_and_poling/";"";"";"";"";"";"";"";"27/03/2024";"02/04/2024";"09/04/2024";"";"James Hainsworth(1,2), Adriana Morana(2), Lucien Pouget(1), Marina Arnaud(1), Sylvain Girard(2), Jacques Decroix(1), Emmanuel Marin(2).";"(1) IRT Saint Exupery, B612, 3 Rue Tarfaya, 31400 Toulouse, France; (2) Laboratoire Hubert Curien, Batiment F, 18 Rue Professor Benoît Lauras 42000 Saint-Étienne, France. ";"";"";"";"";"";"";"";"";"";"";"";"";"0000000989";"1";"Réalisé";"1";"799";"858";"doc_final";"0";"2024-04/1712244009-492-Selective-Modal-Excitation-of-FBGs-in-FMF-Through-Inscription-Techniques-and-the-use-of-a-Spatial-Multiplexer.doc";"2024-04/1712133341-547-Selective-Modal-Excitation-of-FBGs-in-FMF-Through-Inscription-Techniques-and-the-use-of-a-Spatial-Multiplexer.doc";"Selective Modal Excitation of FBGs in FMF Through Inscription Techniques and the use of a Spatial Multiplexer";"James will submit this abstract document before 9 April 2024 as it is the Abstract and Summary Submission deadline ";"0000001202";"1712244009";"1"
"860";"U014-1";"1";"U014";"conference";"Development of a sol-gel based coating for aluminium fire protection";"";"";"European Conference on Heat Treatment and Surface Engineering 2024 ";"05/06/2024";"07/06/2024";"Toulouse";"France";"https://echt2024.a3ts.org/page/accueil/";"";"";"";"";"";"";"";"19/01/2024";"29/02/2024";"";"";"Julien Garcia, Marie Busquet";"IRT Saint Exupéry";"";"";"";"";"";"";"";"";"";"";"";"";"0000000669";"1";"Réalisé";"1";"1184";"860";"doc_final_extend";"0";"2025-04/1744980563-555-draft_Proof_hi.pdf";"2024-04/1712562275-407-A3TS-abstract---Development-of-a-sol-gel-based-coating-for-aluminium-fire-protection.pdf";"";"";"0000000669";"1744980563";"1"
"861";"U014-2";"2";"U014";"conference";"Coating for fire protection application";"";"";"SURFAIR 2024";"24/09/2024";"26/09/2024";"Biarritz";"France";"https://www.surfaircongress.com/";"";"";"";"";"";"";"";"14/02/2024";"26/02/2024";"";"";"Marie Busquet, Julien Garcia";"IRT Saint Exupéry";"";"";"";"";"";"";"";"";"";"";"";"";"0000000669";"1";"Réalisé";"1";"804";"861";"doc_final";"0";"2024-04/1712562882-879-Surfair-form_fire-protection_IRT-St-Exupery.pdf";"2024-04/1712562833-648-Surfair-form_fire-protection_IRT-St-Exupery.pdf";"";"";"0000000669";"1712562882";"1"
"871";"M007-1";"1";"M007";"conference";"INFLUENCE OF THE PREPREG MORPHOLOGY ON THE PROPERTIES OF OOA CONSOLIDATED COMPOSITES";"";"";"ECCM21 – 21st European Conference on Composite Materials";"02/07/2024";"05/07/2024";"Nantes";"France";"https://eccm21.org/";"";"";"";"";"";"";"";"22/12/2023";"15/03/2024";"15/05/2024";"";"Karine LABASTIE / Laurent PUECH / Gregory ERB";"";"";"";"";"";"";"";"";"";"";"";"";"";"0000000365";"1";"Réalisé";"1";"813";"871";"doc_final";"0";"2024-04/1714467438-833-Article-ECCM_21_V0_VF.docx";"2024-04/1714463416-855-Abstract-TP2_VF.docx";"INFLUENCE OF THE PREPREG MORPHOLOGY ON THE PROPERTIES OF OOA CONSOLIDATED COMPOSITES";"";"0000000365";"1714467438";"1"
"873";"M014-10";"10";"M014";"conference";"Devising of an integrated Hot Isostatic Pressing (HIP) heat treatment for additive manufactured nickel based ?/?’ alloys : relevant parameters and material characteristics";"";"";"European Conference on Heat Treatment and Surface Engineering";"05/06/2024";"07/06/2024";"TOULOUSE";"France";"https://echt2024.a3ts.org/ ";"";"";"";"";"";"";"";"";"29/02/2024";"16/02/2024";"";"Auger J-M. (1), Hugues J. (1), Prillieux A. (1), Perusin S. (1), Ravaioli M. (1)";"(1) Institut de Recherche Technologique (IRT) Saint Exupéry, 3 rue Tarfaya, 31400 Toulouse, France";"";"";"";"";"";"";"";"";"";"";"";"";"0000001251";"1";"Réalisé";"1";"815";"873";"abstract";"0";"";"2024-05/1714658349-781-Auger-Abstract.docx";"Devising of an integrated Hot Isostatic Pressing (HIP) heat treatment for additive manufactured nickel based ?/?’ alloys : relevant parameters and material characteristics";"";"0000001251";"1714658349";"1"
"879";"S006-4";"4";"S006";"conference";"Coupling Optimization using Design Structure Matrices and Genetic Algorithm";"";"";"ERTS";"11/06/2024";"12/06/2024";"Toulouse";"France";"https://erts2024.org/";"";"";"";"";"";"";"";"24/11/2023";"07/02/2024";"";"";"Sébastien Dubé, Mirna Ojeda, Jean-Marie Gauthier";"Samares-Engineering, Samares-Engineering, IRT Saint Exupéry";"";"";"";"non";"";"";"";"";"";"";"";"";"0000000289";"0";"Réalisé";"1";"867";"879";"doc_publie";"0";"2024-06/1718784818-697-Coupling-Optimization-using-DSM-and-GA.pdf";"";"";"";"0000000289";"1718784818";"1"
"883";"M015-13";"13";"M015";"conference";"Procédés de traitement de surface par voie sèche sur composites carbone-époxy avant collage";"";"";"Journées de l'adhésion 2024";"16/10/2024";"18/10/2024";"Obernai";"France";"https://www.jadh-sfa.fr/";"";"";"";"";"";"";"";"20/05/2024";"04/06/2024";"";"";"F. Crestey1, S. Kirchner1, J. Lecomte1, L. Ferres1, A. Fernandez2, T. Balutch3, C. Debras1,4, M. Péron1,5, N. Cuvillier1,6 ";"1 IRT Saint Exupéry, Esplanade des Arts et Métiers, 33405 Talence, France. 2Airbus, P.º John Lennon, 28906 Getafe, Madrid, Spain 3Naval Group, , Technocampus Ocean, 5 rue de l’Halbrane, 44340 Bouguenais, France 4 Thales Alenia Space, 5 Allée des Gabians, ";"";"";"";"";"";"";"";"";"";"";"";"";"0000000381";"1";"Réalisé";"1";"1382";"883";"doc_publie";"0";"2025-12/1765543671-563-JADH-2024_IRT_Floriane-Crestey.pdf";"2024-05/1715863996-343-JADH2024_Abstract_V1-composites.docx";"";"";"0000000612";"1765543671";"1"
"884";"M015-14";"14";"M015";"conference";"Amélioration de l’adhésion pour les assemblages multi-matériaux via le dépôt de précurseur par procédé plasma à pression atmosphérique";"";"";"Journées de l'adhésion 2024";"16/10/2024";"18/10/2024";"Obernai";"France";"https://www.jadh-sfa.fr/";"";"";"";"";"";"";"";"20/05/2024";"04/06/2024";"";"";"C. Faure1, S. Kirchner1, J. Lecomte1, L. Ferres1, C. Debras1,2, M. Péron1,3, N. Cuvillier1,4, T. Balutch5";"1 IRT Saint Exupéry, Esplanade des Arts et Métiers, 33405 Talence, France.  2 Thales Alenia Space, 5 Allée des Gabians, 06156 Cannes La Bocca, France. 3ArianeGroup, Les cinq chemins Rue du Touban, 33185 Le Haillan, France.  4 Safran Composites, 33 Avenue ";"";"";"";"";"";"";"";"";"";"";"";"";"0000000381";"1";"Réalisé";"1";"1384";"884";"doc_publie";"0";"2025-12/1765543757-226-Poster_JADH_v2.pdf";"2024-05/1715864165-399-JADH2024_Abstract_V1-..lasto-VF.docx";"";"";"0000000612";"1765543757";"1"
"897";"A047-2";"2";"A047";"conference";"MICROSTRUCTURAL ANALYSIS AND MECHANICAL BEHAVIOUR OF OXIDE/OXIDE CMCS PREPARED BY CONTINUOUS TOW IMPREGNATION";"";"";"ECCM21";"02/05/2024";"05/05/2024";"Nantes";"France";"https://eccm21.org/";"";"";"";"";"";"";"";"";"";"";"";"Z. Borius1, A. Debarre1, M. Singlard2, T. Cutard3 and A. Julian-Jankowiak1";"1 ONERA 2 IRT SE 3 ICA";"";"";"";"";"";"";"";"";"";"";"";"";"0000000623";"0";"Réalisé";"1";"834";"897";"doc_final";"0";"2024-05/1716817805-730-abstract_ECCM.docx";"";"";"";"0000000623";"1716817805";"1"
"902";"S033-3";"3";"S033";"communication";"XPLIQUE UNLEASHED : Expanding Horizons in AI Explainability";"";"";"Focus Technique ANITI";"05/04/2024";"05/04/2024";"";"";"";"";"";"";"";"";"";"";"";"";"";"";"Lucas Hervier, Antonin Poché, Thomas Fel, Grégory Flandin";"Lucas Hervier, Antonin Poché, Grégory Flandin: IRT Saint Exupéry - Thomas Fel: Brown University and ANITI";"";"";"";"non";"";"";"";"";"";"";"";"";"0000000617";"1";"Réalisé";"1";"841";"902";"doc_publie";"0";"2024-05/1717080595-250-xplique_focus-technique.pdf";"2024-05/1717080283-519-abstract-focus-technique-xplique.txt";"";"";"0000000617";"1717080595";"1"
"904";"M070-2";"2";"M070";"conference";"Development of anti-erosion and anti-icing coatings by suspension plasma spray for aeronautical parts";"";"";"Navigating a Greener Sky: Symposium on Advances in Thermal Spray and PVD Coatings for the Aerospace Industries";"12/11/2024";"14/11/2024";"Limoges";"France";"https://www.asminternational.org/tss-topical-event-france/";"";"";"";"";"";"";"";"30/05/2024";"07/06/2024";"07/06/2024";"";"Julien Escobar1, Maxence Gombault1,2, Simon Goutier2, Christophe Chazelas2, Armelle Vardelle2, Sophie Senani3, Aurélien Joulia3";"1, IRT Saint-Exupéry, Toulouse	 2, IRCER, Limoges	 3, SAFRAN TECH, Châteaufort";"";"";"";"";"";"";"";"";"";"";"";"";"0000000669";"1";"Réalisé";"1";"844";"904";"doc_final";"0";"2024-05/1717155868-283-Resume_ASM-2024.docx";"2024-05/1717155793-879-Resume_ASM-2024_JG.docx";"";"";"0000000669";"1717155868";"1"
"906";"S033-4";"4";"S033";"conference";" Conformal Semantic Image Segmentation: Post-hoc Quantification of Predictive Uncertainty";"";"";"SAIAD 2024 (Safe Artificial Intelligence for All Domains), CVPR workshop";"18/06/2024";"18/06/2024";"Seattle";"USA";"https://sites.google.com/view/saiad-2024/home";"";"";"";"";"";"";"";"";"";"";"";"Luca Mossina (1), Joseba Dalmau (1), Léo Andéol (2,3)";"(1) IRT Saint Exupéry - Institut de Recherche Technologique; (2) IMT - Institut de Mathématiques de Toulouse UMR5219; (3) SNCF : Innovation & Recherche ";"";"";"";"";"";"";"";"";"";"";"";"";"0000000617";"0";"Réalisé";"1";"1015";"906";"doc_final_extend";"0";"2024-11/1732203883-138-Mossina_COSIS_2024.pdf";"";"";"";"0000001042";"1732203883";"1"
"914";"S020-3";"3";"S020";"conference";"Solving robust MDPs as a sequence of static RL problems";"";"";"ICLR 2025";"24/04/2025";"28/04/2025";"Singapour";"Singapour";"https://iclr.cc/";"";"";"";"";"";"";"";"27/09/2024";"22/01/2025";"01/10/2024";"";"Adil Zouitine ; Matthieu Geist ; Emmanuel Rachelson";"IRT Saint Exupéry ; ANITI ; ISAE SUPAERO ; GOOGLE DEEPMIND ; COHERE ";"";"";"";"";"";"";"";"";"";"";"";"";"0000000799";"0";"Refusé";"1";"992";"914";"doc_final_extend";"0";"2024-11/1731404838-696-10127_Solving_robust_MDPs_as_a_Supplementary-Material.zip";"";"V";"";"0000000799";"1731404838";"1"
"915";"S020-4";"4";"S020";"conference";"Time-Constrained Robust MDPs";"";"";"NEURIPS";"08/12/2024";"12/12/2024";"Vancouver";"Canada";"https://neurips.cc/Conferences/2024";"";"";"";"";"";"";"";"22/05/2024";"";"";"";"Adil Zouitine ; David Bertoin ; Pierre Clavier ; Matthieu Geist ; Emmanuel Rachelson";"IRT Saint Exupéry ; Ecole Polytechnique ; INSA Toulouse ; ANITI ; ISAE SUPAERO ; GOOGLE DEEPMIND ; COHERE ; INRIA PARIS";"";"";"";"";"";"";"";"";"";"";"";"";"0000000799";"0";"Réalisé";"1";"991";"915";"doc_publie";"0";"2024-11/1731404513-488-2406.08395v1.pdf";"";"";"";"0000000799";"1731404513";"1"
"917";"S020-5";"5";"S020";"conference";"RRLS : Robust Reinforcement Learning Suite";"";"";"NEURIPS";"08/12/2024";"12/12/2024";"Vancouver";"Canada";"https://neurips.cc/Conferences/2024";"";"";"";"";"";"";"";"06/06/2024";"";"";"";"Adil Zouitine ; David Bertoin ; Pierre Clavier ; Matthieu Geist ; Emmanuel Rachelson";"IRT Saint Exupéry ; Ecole Polytechnique ; INSA Toulouse ; ANITI ; ISAE SUPAERO ; GOOGLE DEEPMIND ; COHERE ; INRIA PARIS";"";"";"";"";"";"";"";"";"";"";"";"";"0000000799";"0";"Refusé";"1";"863";"917";"doc_final";"0";"2024-06/1718289164-688-RRLS__a_robust_reinforcement_learning_benchmark.pdf";"";"RRLS : Robust Reinforcement Learning Suite";"";"0000000799";"1718289164";"1"
"921";"S033-5";"5";"S033";"conference";"Influenciae: A library for tracing the influence back to the data-points";"";"";"World Conference on Explainable Artificial Intelligence";"17/07/2024";"19/07/2024";"Valetta";"Malta";"https://xaiworldconference.com/2024/";"";"";"";"";"";"";"";"05/03/2024";"05/04/2024";"";"";"Agustin Picard, Lucas Hervier, Thomas Fel, David Vigouroux";"IRT Saint Exupéry, IRT Saint Exupéry, Brown University, IRT Saint Exupéry";"";"";"";"non";"";"";"";"";"";"";"";"";"0000000816";"1";"Réalisé";"1";"914";"921";"doc_publie";"0";"2024-08/1722615401-806-Influenciae___WorldXAI___Submitted_Version.pdf";"2024-06/1718642863-562-Influenciae___WorldXAI___Submitted_Version.pdf";"";"";"0000000816";"1722615401";"1"
"923";"A026-9";"9";"A026";"conference";"High Temperature Corrosion of Compositionally Graded Materials Fabricated by Laser Metal Deposition - Powder";"";"";"High Temperature Corrosion and Protection of Materials";"09/06/2024";"14/06/2024";"Les Embiez";"France";"https://htcpm2024.com/";"";"";"";"";"";"";"";"";"";"";"";"Curnis, Agathe (1,2); Popa, Ioana (2); Prillieux, Aurélien (1); Chevalier, Sebastien (2)";"1)IRT Saint Exupéry,  2) ICB Dijon";"";"";"";"";"";"";"";"";"";"";"";"";"0000000804";"1";"Réalisé";"1";"NULL";"NULL";"NULL";"NULL";"NULL";"";"NULL";"NULL";"NULL";"NULL";"NULL"
"946";"S033-15";"15";"S033";"conference";"On the feasibility of EASA learning assurance objectives for machine learning components";"";"";"ERTS 2024";"11/06/2024";"12/07/2024";"Toulouse";"France";"https://erts2024.org/";"";"";"";"";"";"";"";"26/11/2023";"08/02/2024";"03/05/2024";"";"Florence de Grancey, Sébastien Gerchinovitz, Lucian Alecu, Hugues Bonnin, Joseba Dalmau, Kevin Delmas, Franck Mamalet";"Thalès / IRT Saint Exupéry & IMT / Continental / Continental / IRT Saint Exupéry / ONERA Toulouse / IRT Saint Exupéry";"";"";"";"oui";"";"";"";"";"";"";"";"";"0000000734";"0";"Réalisé";"1";"899";"946";"doc_final";"0";"2024-07/1721730489-363-degrancey24-erts-EASAobjectives.pdf";"";"";"";"0000000734";"1721730489";"1"
"953";"M011-2";"2";"M011";"conference";"Characterising and modelling scale transition in metamaterials: from the single strut to lattice cells";"";"";"ECSSMET";"23/09/2024";"27/09/2024";"Noordjwik";"Pays-Bas";"https://atpi.eventsair.com/ecssmet2024/";"";"";"";"";"";"";"";"";"";"";"";"Antonio CASTRO MORENO, Benoît TRANCHAND, Julien LESSEUR, Ludovic BARRIERE";"IRT Saint Exupery";"";"";"";"non";"";"";"";"";"";"";"";"";"0000000004";"1";"Réalisé";"1";"910";"953";"doc_final";"0";"2024-07/1722323498-241-ACM---Characterising-and-modelling-scale-transition-in-metamaterials.pdf";"2024-07/1722323373-907-ACM---Characterising-and-modelling-scale-transition-in-metamaterials.pdf";"";"";"0000000004";"1722323498";"1"
"956";"S033-20";"20";"S033";"conference";"CVPR 2024";"";"";"CVPR";"17/06/2024";"21/06/2024";"Washington";"USA";"https://cvpr.thecvf.com/";"";"";"";"";"";"";"";"";"";"";"";"Luca Mossina";"";"";"";"";"";"";"";"";"";"";"";"";"";"0000000617";"0";"Réalisé";"1";"NULL";"NULL";"NULL";"NULL";"NULL";"";"NULL";"NULL";"NULL";"NULL";"NULL"
"957";"S033-21";"21";"S033";"conference";"ICLR";"";"";"ICLR";"07/05/2024";"11/05/2024";"Vienne";"Autriche";"https://iclr.cc/";"";"";"";"";"";"";"";"";"";"";"";"Thibaut Boissin";"";"";"";"";"";"";"";"";"";"";"";"";"";"0000000833";"0";"Réalisé";"1";"1018";"957";"doc_final";"0";"2024-11/1732203996-562-DP_of_Lipschitz_Networks-.7..pdf";"";"";"";"0000000833";"1732203996";"1"
"976";"S016-9";"9";"S016";"conference";"MODELLING AND NAVIGATION FILTERING FOR SPACECRAFT RENDEZVOUS WITH FLEXIBLE APPENDAGES AND SLOSHING";"";"";"AAS AIAA";"19/01/2025";"23/01/2025";"HAWAII";"USA";"https://www.space-flight.org/docs/2025_winter/2025_winter.html";"";"";"";"";"";"";"";"22/09/2024";"04/10/2024";"";"";"thomas claudet, francesco Sanfedino, Paolo Panicucci, Damiana Losa, Daniel Alazard";"IRT, ISAE-Supaero, Politecnico Milano, ISAE-Supeaero, IRT, ISAE-Supaero";"";"";"";"";"";"";"";"";"";"";"";"";"0000001453";"1";"Réalisé";"1";"1097";"976";"doc_final";"1096";"2025-01/1736850811-650-Claudet_AAS_AIAA_25.pdf";"2024-09/1726735026-117-AIAA_2025_US-.18..pdf";"MODELING AND NAVIGATION FILTERING FOR SPACECRAFT RENDEZVOUS WITH FLEXIBLE APPENDAGES AND SLOSHING";"";"0000001128";"1736850811";"1"
"981";"V053-5";"5";"V053";"conference";"MBSE to Support Engineering of Trustworthy AI-Based Critical Systems";"";"";"12th International Conference on Model-Based Software and Systems Engineering";"21/02/2024";"23/02/2024";"Rome";"Italie";"http://www.wikicfp.com/cfp/servlet/event.showcfp?copyownerid=90704&eventid=176266";"";"";"";"";"";"";"";"";"";"";"";"Afef Awadid (1) , Boris Robert (2) , Benoît Langlois (3)";"1 IRT SystemX 2 IRT Saint Exupéry - Institut de Recherche Technologique 3 THALES [France]";"";"";"";"non";"";"";"";"";"";"";"";"";"0000000591";"0";"Réalisé";"1";"941";"981";"doc_final";"0";"2024-09/1727278982-838-MODELSWARD_2024_54_CR.pdf";"";"MBSE to Support Engineering of Trustworthy AI-Based Critical Systems";"";"0000000289";"1727278983";"1"
"982";"V053-6";"6";"V053";"conference";"Towards Engineering Processes to Guide the Development of Trustworthy ML Systems";"";"";"The IEEE International Symposium on Systems Engineering (ISSE 2024)";"16/10/2024";"18/10/2024";"Perugia";"Italie";"https://2024.ieeeisse.org/";"";"";"";"";"";"";"";"";"";"";"";"Afef Awadid (1) , Boris Robert (2) , Dominique Tachet (1) , Check Koutame (1) , Juliette Mattioli (3)";"1 IRT SystemX 2 IRT Saint Exupéry - Institut de Recherche Technologique 3 THALES [France]";"";"";"";"non";"";"";"";"";"";"";"";"";"0000000591";"0";"Réalisé";"1";"943";"982";"doc_final";"0";"2024-09/1727353804-854-IEEE-ISSE_Camera-ready-version.pdf";"";"";"";"0000000289";"1727353804";"1"
"983";"V053-7";"7";"V053";"conference";"On assessing Ml model robustness: A methodological framework";"";"";"Symposium on Scaling AI Assessments Tools, Ecosystems and Business Models (SAIA)";"30/09/2024";"01/10/2024";"Cologne";"Allemagne";"https://www.zertifizierte-ki.de/symposium-on-scaling-ai-assessments/";"";"";"";"";"";"";"";"";"";"";"";"Afef Awadid (1) , Boris Robert (2)";"1 IRT SystemX 2 IRT Saint Exupéry - Institut de Recherche Technologique";"";"";"";"non";"";"";"";"";"";"";"";"";"0000000591";"0";"Réalisé";"1";"944";"983";"doc_final";"0";"2024-09/1727353881-698-SAIA_2024-Camera-ready-version.pdf";"";"";"";"0000000289";"1727353881";"1"
"1003";"M024-2";"2";"M024";"conference";"INSTRUMENTED THERMO-MECHANICAL TEST ON OXIDE/OXIDE COMPOSITE. ";"";"";"ECCM21";"02/07/2024";"05/07/2024";"Nantes";"France";"";"";"";"";"";"";"";"";"";"";"";"";"E. PERRET1, S.MIOT1, F.GUILLET2, C.PIQUET2 and C. APHECEIXBORDE1 ";"1IRT Saint Exupéry, 2CEA, DAM, Le Ripault, 37260, Monts, FRANCE";"";"";"";"";"";"";"";"";"";"";"";"";"0000001200";"0";"Réalisé";"1";"970";"1003";"doc_final";"0";"2024-10/1729781651-198-ECCM21_020424_V10minPE.pptx";"";"";"";"0000001200";"1729781651";"1"
"1011";"M024-5";"5";"M024";"conference";"Oxide/Oxide Towpreg: Reducing Costs by Automated Impregnation and Deposition of Low-Cost Reinforcement";"";"";"HT-CMC 11";"";"";"";"";"";"";"";"";"";"";"";"";"";"";"";"";"M. SINGLARD1* C. APHECEIXBORDE1 L. FERRES1 G. MECUSON2 P. HOURQUEBIE3";"1 IRT Saint Exupéry, France 2 Safran Ceramics, France 3 CEA, France";"";"";"";"non";"";"";"";"";"";"";"";"";"0000001200";"0";"Réalisé";"1";"974";"1011";"doc_final";"0";"2024-10/1729782237-727-HTCMC-VL1D-V2.pptx";"";"";"";"0000001200";"1729782237";"1"
"1012";"M024-6";"6";"M024";"conference";"Formulation-Process-Properties Relationship of an Oxide/Oxide CMC Manufactured by an Injection Process";"";"";"HT-CMC 11";"";"";"";"";"";"";"";"";"";"";"";"";"";"";"";"";"M. SINGLARD1* C. APHECEIXBORDE1 L. FERRES1 G. MECUSON2 P. HOURQUEBIE3";"1 IRT Saint Exupéry, France 2 Safran Ceramics, France 3 CEA, France";"";"";"";"non";"";"";"";"";"";"";"";"";"0000001200";"0";"Réalisé";"1";"975";"1012";"doc_final";"0";"2024-10/1729782356-303-HTCMC-VL3D_V2.pptx";"";"";"";"0000001200";"1729782356";"1"
"1014";"M027-8";"8";"M027";"communication";"Évolution des propriétés physico-chimiques d’un composite à matrice céramique en conditions hydrothermales";"";"";"Journées annuelles AFTherMat";"";"";"";"";"";"";"";"";"";"";"";"";"";"";"";"";" Guillaume GERMAN1,2, Emilie PERRET1 , Francis REBILLAT2, Aurélien DEBELLE3, Xavier BOURBON3, Jérôme ROGER2";"  1 High Performance Multifunctional Materials Domain IRT Saint Exupéry, 3 rue Tarfaya, 31400 Toulouse 2 Laboratoire des composites Thermo Structuraux (LCTS), U.Bordeaux, 3 allée de la Boétie, 33600 Pessac  3 Agence nationale pour la gestion des déchets r";"";"";"";"";"";"";"";"";"";"";"";"";"0000001200";"1";"Réalisé";"1";"977";"1014";"abstract";"0";"";"2024-10/1729839103-355-Resume_AFTherMat_JA_2024_001XBAD.docx";"";"";"0000001200";"1729839103";"1"
"1021";"S007-5";"5";"S007";"conference";"Widening the Lens: Saliency-guided Regularization to Counteract Overfocusing in Neural Networks";"";"";"CVPR 2024";"";"";"";"";"";"";"";"";"";"";"";"";"";"";"";"";"D.Bertoin, EH.Sanchez, M.Zouitine, E.Rachelson";"";"";"";"";"";"";"";"";"";"";"";"";"";"0000000801";"0";"Réalisé";"1";"988";"1021";"doc_final";"0";"2024-11/1731399523-637-2409.17370v1.pdf";"";"";"";"0000000801";"1731399523";"1"
"1032";"S033-27";"27";"S033";"communication";"Présentation Explicabilité et Fairness - ALSTOM";"";"";"";"17/09/2024";"17/09/2024";"Toulouse";"France";"";"";"";"";"";"";"";"";"";"";"";"";"Agustin Martin PICARD";"IRT Saint-Exupéry";"";"";"";"";"";"";"";"";"";"";"";"";"0000000816";"1";"Réalisé";"1";"1017";"1032";"doc_final";"0";"2024-11/1732203994-688-BiaisXAIAlstom17092024.pptx";"2024-11/1732203890-993-BiaisXAIAlstom17092024.pptx";"";"";"0000000816";"1732203994";"1"
"1036";"S033-31";"31";"S033";"communication";"Présentation Explicabilité et Fairness - AI Day";"";"";"";"24/10/2024";"24/10/2024";"Toulouse";"France";"";"";"";"";"";"";"";"";"";"";"";"";"Agustin Martin PICARD";"IRT Saint-Exupéry";"";"";"";"";"";"";"";"";"";"";"";"";"0000000816";"1";"Réalisé";"1";"1023";"1036";"doc_final";"0";"2024-11/1732206092-819-defi_explicabilite_bias_20241024.pptx";"2024-11/1732206019-362-defi_explicabilite_bias_20241024.pptx";"";"";"0000000816";"1732206092";"1"
"1052";"S033-45";"45";"S033";"conference";"How to design a dataset compliant with an ML-based system ODD?";"";"";"ERTS";"11/06/2024";"12/06/2024";"Toulouse";"France";"https://erts2024.org/";"";"";"";"";"";"";"";"03/01/2024";"05/03/2024";"02/04/2024";"";"Cyril Cappi (1) , Noémie Cohen (2, 3) , Mélanie Ducoffe (2) , Christophe Gabreau (2) , Laurent Gardes (1) , Adrien Gauffriau (2) , Jean-Brice Ginestet (5) , Franck Mamalet (6) , Vincent Mussot (6) , Claire Pagetti (3) , David Vigouroux (6)";"(1) SNCF, (2) Airbus,(3) Onera,(5) DGA, (6) IRT Saint exupéry";"";"";"";"";"";"";"";"";"";"";"";"";"0000000595";"1";"Réalisé";"1";"1044";"1052";"doc_final";"0";"2024-11/1732788775-221-How_to_design_a_dataset.pdf";"2024-11/1732788695-618-How_to_design_a_dataset.pdf";"";"";"0000000595";"1732788775";"1"
"1058";"S033-51";"51";"S033";"conference";"Combining Out-of-Distribution detection with Conformal Prediction";"";"";"Séminaire SOLACE";"21/11/2024";"21/11/2024";"Toulouse";"France";"";"";"";"";"";"";"";"";"";"";"";"";"Joseba Dalmau";"";"";"";"";"";"";"";"";"";"";"";"";"";"0000001273";"1";"Réalisé";"1";"1073";"1058";"doc_final";"1051";"2024-11/1732891638-976-LAAS.pdf";"2024-11/1732891063-337-LAAS.pdf";"";"";"0000001273";"1732891638";"1"
"1065";"A090-1";"1";"A090";"conference";"New Use case proposal for data exposure related to attacks on network slices";"";"";"3GPP TSG-SA3 Meeting #117 ";"19/08/2024";"23/08/2024";"Maastricht";"pays bas";"";"";"";"";"";"";"";"";"17/07/2024";"23/08/2024";"23/09/2024";"";"Tanissia djemai, Rakshesh P Bhatt , Jing Ping ";"IRT, Nokia, Nokia Bell lab";"";"";"";"";"";"";"";"";"";"";"";"";"0000000983";"1";"Réalisé";"1";"1078";"1065";"doc_final";"0";"2024-12/1733310497-658-S3-243493.zip";"2024-12/1733310188-936-S3-243493.zip";"";"";"0000000983";"1733310497";"1"
"1068";"A026-11";"11";"A026";"conference";"NaCl-induced high temperature corrosion of Ni625 alloy  additively manufactured by Laser Metal Deposition – powder";"";"";"1 st Workshop on Molten Salts and Corrosion in Extreme Environments";"19/03/2025";"21/03/2025";"Lanzarote";"Espagne";"";"";"";"";"";"";"";"";"02/12/2024";"";"";"";"A. Curnis(1),(2); I Popa(2); A. Prillieux(1); J.M Brossard(3); S. Chevalier(2)";"(1) Institut de Recherche Technologique (IRT) Saint Exupéry, 3, rue Tarfaya, 31 400 Toulouse, France; (2) ICB, UMR 6303 CNRS Univ. Bourgogne Franche-Comté, 9 avenue Savary, 21078 Dijon, France; (3) Veolia Recherche et Innovation, 291 avenue Dreyfous-Ducas";"";"";"";"";"";"";"";"";"";"";"";"";"0000000804";"1";"Réalisé";"1";"1151";"1068";"doc_publie";"0";"2025-03/1743081963-624-Pr..sentation-workshop-Molten-Salts-2025.pdf";"2025-02/1739973394-227-Abstract-IP-workshop-sels.docx";"";"";"0000000804";"1743081963";"1"
"1077";"S006-7";"7";"S006";"conference";"Ontology Driven LLM Based Assistance for Task Oriented Systems Engineering A Contextual and Iterative Approach";"";"";"2nd Workshop on MBSE AI Integration at Modelsward 2025";"26/02/2025";"28/02/2025";"Porto";"Portugal";"https://modelsward.scitevents.org/";"";"";"";"";"";"";"";"";"";"";"";"Jean-Marie Gauthier,  Eric Jenn, Ramon Conejo";"IRT Saint Exupéry, IRT Saint Exupéry, IRT Saint Exupéry";"";"";"";"";"";"";"";"";"";"";"";"";"0000000289";"0";"Réalisé";"1";"1089";"1077";"doc_final";"0";"2025-01/1736160760-897-MBSE-AI-Integration_2025_7-2.pdf";"";"Ontology-Driven LLM Assistance for Task-Oriented Systems Engineering";"";"0000000289";"1736160760";"1"
"1084";"E025-7";"7";"E025";"conference";"Contribution à l’etude des décharges surfaciques sous contrainte de pression aéronautique ";"";"";"SGE2025";"01/07/2025";"03/07/2025";"TOULOUSE";"France";"https://sge2025.sciencesconf.org/";"";"";"";"";"";"";"";"17/01/2025";"";"";"";"Mohammed El Amine SLAMA, Somya ANAND), Pierre HENRARD et Michaël DARQUES";"IRT , MAD SOURIAU, MAD SAFRAN, IRT";"";"";"";"";"";"";"";"";"";"";"";"";"0000001461";"1";"Annulé";"1";"1098";"1084";"abstract";"0";"";"2025-01/1737100858-872-Slama_IRT_SGE_2025.docx";"Contribution à l’étude des décharges surfaciques sous contrainte de pression aéronautique ";"";"0000000788";"1737100858";"1"
"1086";"E011-1";"1";"E011";"conference";"Post-mortem analysis on Low Temperature Proton Exchange Membrane Fuell Cells (LT-PEMFC) after small and high frequencies current ripple solicitations";"";"";"ECS (The Electrochemical Society)";"18/05/2025";"22/05/2025";"Montréal";"Canada (bientôt USA)";"https://www.electrochem.org/upcoming-meetings";"";"";"";"";"";"";"";"05/12/2024";"";"";"";"Morgane Stodel, Raphaël Chattot, Meryem Ennaji, Christophe Turpin, Pascal Lenormand, Christophe Tenailleau";"CIRIMAT,ICGM,ICGM,LAPLACE,CIRIMAT,CIRIMAT";"";"";"";"";"";"";"";"";"";"";"";"";"0000001461";"1";"Réalisé";"1";"1103";"1086";"abstract";"1102";"";"2025-01/1737556339-354-Abstract-ECS-2025_Stodel.docx";"";"";"0000000788";"1737556339";"1"
"1087";"E011-2";"2";"E011";"conference";"Assemblage de cellules PEM-BT et essais expérimentaux de reproductibilité";"";"";"SGE (Symposium de Génie Electrique)  ";"01/07/2025";"03/07/2025";"Toulouse";"France";"https://sge2025.sciencesconf.org/";"";"";"";"";"";"";"";"27/01/2025";"";"";"";"Gautier Capdeville";"";"";"";"";"";"";"";"";"";"";"";"";"";"0000001461";"1";"Réalisé";"1";"1114";"1087";"abstract";"1104";"";"2025-02/1739353663-176-resume_SGE_2025_gautier_capdeville.docx";"";"";"0000000788";"1739353663";"1"
"1090";"S033-60";"60";"S033";"conference";"HadamRNN: Binary and Sparse Ternary Orthogonal RNNs";"";"";"International Conference on Learning Representations (ICLR)";"24/04/2025";"28/04/2025";"Singapore ";"Singapore ";"https://iclr.cc/";"";"";"";"";"";"";"";"27/09/2024";"23/01/2025";"30/01/2025";"";"Armand Foucault, Franck Mamalet, François Malgouyres";"IMT,IRT,IMT";"";"";"";"";"";"";"";"";"";"";"";"";"0000000595";"0";"Réalisé";"1";"1107";"1090";"doc_final";"0";"2025-01/1737708903-734-Hadamard_RNNs__arviv_1.pdf";"";"";"";"0000000595";"1737708903";"1"
"1092";"M014-11";"11";"M014";"communication";"Oxydation à haute température d’alliages de structure à base de Ni ou de Ti issus de la fabrication additive";"";"";"La Métallurgie, quel avenir !";"23/06/2025";"27/06/2025";"Toulouse";"France";"https://metav2025.sciencesconf.org/";"";"";"";"";"";"";"";"27/01/2025";"";"";"";"Daniel Monceau1, Tom Sanviemvongsak1,2, Annabelle Vernouillet1,3, Antoine Casadebaigt1,4,5, Nicolas Mrozowski1,4, Bruno Macquaire2, Clara Desgranges2,3, Aurélie Vande Put1, Sébastien Doublet6,7, Jonathan Hugues4,8, Enrica Epifano1, Aurélien Prillieux4, Si";"1 CIRIMAT, Université de Toulouse, CNRS, INP-ENSIACET, Toulouse, France ; 2SAFRAN, France ; 3actuellement Université Paris-Saclay, CEA, France ;4IRT-Saint Exupéry, Toulouse, France ; 5 actuellement Lasalys, Orléans, France ; 6AIR LIQUIDE, France ; 7 actue";"";"";"";"non";"";"";"";"";"";"";"";"";"0000000804";"1";"Réalisé";"1";"1234";"1092";"doc_publie";"0";"2025-06/1751013872-199-2025_06_25-MQA-Daniel-Monceau-Fab-Add-Oxidation-Roquefeuil.pdf";"2025-01/1737991631-121-2025_01_27-Resume_MQA_1-Daniel-Monceau.pdf";"";"";"0000000804";"1751013872";"1"
"1093";"E025-8";"8";"E025";"conference";"Influence of Temperature on the Surface Discharge Behaviour at Varying Altitudes for Aeronautical Applications";"";"";"CEIDP";"14/09/2025";"17/09/2025";"Manchester";"UK";"https://ceidp.org/";"";"";"";"";"";"";"";"14/02/2025";"";"";"";"Somya ANAND(1)(2), Solomon Berihu ARAYA(1), Mohammed El Amine SLAMA(2), Pierre HENRARD(2), Stéphane BARLERIN(1)";"(1)SOURIAU-EATON, (2) IRT Saint-Exupéry, French Institute of Technology";"";"";"";"";"";"";"";"";"";"";"";"";"0000001461";"1";"Réalisé";"1";"1294";"1093";"doc_final";"0";"2025-09/1758011771-465-ceidp_paper-GRINHELECv1.pdf";"2025-01/1738158274-183-ceidp-abstract-GRINHELEC.docx";"";"";"0000000788";"1758011771";"1"
"1095";"U012-1";"1";"U012";"conference";"CoFMPy: A Flexible FMI-based Co-Simulation Framework for Digital Twin Applications";"";"";"MODPROD";"04/02/2025";"05/02/2025";"Linköping";"Suède";"https://modprodblog.wordpress.com/";"";"";"";"";"";"";"";"31/03/2025";"31/03/2025";"31/03/2025";"";"Nora Bennani, Corentin Friedrich, Andrés Lombana, Mouhcine Mendil and Charlie Schlick";"IRT Saint Exupéry";"";"";"";"";"";"";"";"";"";"";"";"";"0000000847";"1";"Réalisé";"1";"1134";"1095";"doc_final";"1131";"2025-03/1742294189-700-1739203790-880-Presentation_MODPROD_CoFMPy.pdf";"2025-02/1739203790-880-Presentation_MODPROD_CoFMPy.pdf";" CoFMPy: A Flexible FMI-based Co-Simulation Framework for Digital Twin Applications";"";"0000000847";"1742294189";"1"
"1098";"A143-1";"1";"A143";"communication";"Alliage de titane à gradient de microstructure élaboré par procédé Laser Beam-Directed Energy Deposition";"";"";"La Métallurgie, quel avenir !";"23/06/2025";"27/06/2025";"Toulouse";"France";"https://metav2025.sciencesconf.org/";"";"";"";"";"";"";"";"27/01/2025";"";"";"";"Aurélien Prillieux1, Romain Deromedi1, Thomas Gilles1, Jean-Marc Auger1, Simon Perusin1";"1IRT Saint Exupéry, 3 rue Tarfaya, 31405 Toulouse Cedex 4, France";"";"";"";"non";"";"";"";"";"";"";"";"";"0000000804";"1";"Réalisé";"1";"1230";"1098";"doc_publie";"0";"2025-06/1751010194-680-pr..sentation_MQA_V3_PRILLIEUX.pptx";"2025-02/1739375950-793-Resume_PRILLIEUX-MQA-V2.docx";"";"";"0000000804";"1751010194";"1"
"1100";"S022-1";"1";"S022";"conference";"A Novel Simulation Platform for Space Systems Cybersecurity R&D";"";"";"IAC 2025";"29/09/2025";"03/10/2025";"Sydney";"Australie";"https://www.iac2025.org/";"";"";"";"";"";"";"";"28/02/2025";"19/04/2025";"12/09/2025";"";"Simone Urbano, Jacques Girard, Louis Lolive, Vincent Nicomette, Pierre Bacquet, Patrick Hebrard, Guillaume Auriol, Ludovic Cintrat, Benjamin Deporte, Julien Airaud, Matteo Merialdo, Clotilde Szywala.";"Starion Group France, Thales Alenia Space, IRT Saint Exupéry,  LAAS-CNRS, Thales Alenia Space, Starion Group France, LAAS-CNRS, Gatewatcher, IRT Saint Exupéry, CNES, Nexova, IRT Saint Exupéry.";"";"";"";"non";"";"";"";"";"";"";"";"";"0000001023";"1";"Réalisé";"1";"1394";"1100";"doc_publie";"0";"2025-12/1765975809-772-Papier_IAC_120925.pdf";"2025-09/1758552964-110-Papier_IAC_120925.pdf";"";"";"0000001023";"1765975810";"1"
"1108";"U017-1";"1";"U017";"conference";"Impact des cycles de puissance à hautes fréquences sur la durée de vie des modules de puissance SiC pour le domaine automobile";"";"";"SGE2025";"01/07/2025";"03/07/2025";"TOULOUSE";"France";"https://sge2025.sciencesconf.org/";"";"";"";"";"";"";"";"07/02/2025";"17/03/2025";"19/05/2025";"";"Bernardo COUGO 1, Israel DIVAN 1,2, Duc-Hoan TRAN 1, Lenin M. F. MORAIS 2, Vitor ARAUJO 2, Renata OLIVEIRA DE SOUSA 3,  Marina LABALETTE 1, Bruno CONDAMIN 4, Caio MENDES 5";"1 IRT Saint Exupéry, Toulouse, France; 2 Universidade Federal de Minas Gerais, Belo Horizonte, Brésil; 3 UFTP, Curitiba, Brésil; 4 VALEO, Nuremberg, Allemagne ; 5 ST Microelectronics, Toulouse,  France;";"";"";"";"";"";"";"";"";"";"";"";"";"0000001272";"1";"Réalisé";"1";"1217";"1108";"doc_final";"0";"2025-06/1749558010-189-GT-CEPPS_SGE_2025_v20250530-.version-finale..pdf";"2025-02/1740570888-769-Abstract_SGE2025_HighFrequencyMissionProfile_Fran..ais-2-pages_final-FINAL-with-aknowledgment.docx";"Contribution à la définition des enjeux et verrous de la soutenabilité en électronique de puissance";"";"0000001272";"1749558010";"1"
"1109";"E009-9";"9";"E009";"conference";"Etude de la stabilité de la résistance à l’état passant RDSON sur des composants GaN en fonctionnement";"";"";"SYMPOSIUM DE GENIE ELECTRIQUE (SGE 2025)";"01/07/2025";"03/07/2025";"Toulouse";"France";"https://www.sge-conf.fr/sge-2025/";"";"";"";"";"";"";"";"01/11/2024";"17/03/2025";"07/02/2025";"";"Lucas Moreau, Marc Orsatelli, Emmanuel Marcault, Cyril Chabot, Alonso Gutierrez-Galeano, Mathieu Gavelle, Valéria Rustichelli, Mohamed Matmat";"CEA, Commissariat à l’Energie Atomique et aux Energies Alternatives, 51 rue de l’Innovation, 31670 Labège IRT Saint Exupéry, 3 rue Tarfaya, 31400 Toulouse";"";"";"";"";"";"";"";"";"";"";"";"";"0000000821";"0";"Réalisé";"1";"1125";"1109";"doc_final";"0";"2025-03/1741085046-971-article_stabilit..-du-Ron-dynamique_SGE_V3.pdf";"";"Etude de la stabilité de la résistance à l’état passant RDSON sur des composants GaN en fonctionnement";"";"0000000821";"1741085046";"1"
"1111";"S023-13";"13";"S023";"conference";"Evaluation of cross-domain generalization capabilities of remote sensing Foundation Models";"";"";"ESA-NASA International Workshop on AI Foundation Model for EO";"05/05/2025";"07/05/2025";"Frascati";"Italy";"https://nikal.eventsair.com/nasa-esa-international-workshop-on-geospatial-ai-foundation-model-for-earth-observation-and-earth-sciences/";"";"";"";"";"";"";"";"31/01/2025";"05/03/2025";"28/03/2025";"";"J. Cohen, D. Derksen, A. Girard";"CNES, IRT Saint Exupery";"";"";"";"non";"";"";"";"";"";"";"";"";"0000000948";"1";"Réalisé";"1";"1208";"1111";"doc_final";"1207";"2025-05/1747661463-707-2025_05---Cohen-Julia---ESA-NASA-Workshop-on-FM-for-EO.pdf";"2025-03/1741342296-178-Abstract-Workshop-on-AI-FM-for-EO.pdf";"";"";"0000000948";"1747661463";"1"
"1112";"M021-6";"6";"M021";"conference";"Vitrimer matrix composites for industrial processes";"";"";"ECCM21";"02/07/2024";"05/07/2024";"NANTES";"France";"https://eccm21.org/";"";"";"";"";"";"";"";"";"";"";"";"Rima SFAR ZBED";"";"";"";"";"";"";"";"";"";"";"";"";"";"0000000897";"0";"Réalisé";"1";"NULL";"NULL";"NULL";"NULL";"NULL";"";"NULL";"NULL";"NULL";"NULL";"NULL"
"1113";"E025-9";"9";"E025";"conference";"ÉTUDE DE LA CINÉTIQUE DE DÉGRADATION DES POLYMERES FLUORES : SYNERGIE DES APPROCHES ISOCONVERSIONNELLES ET MODULÉES ";"";"";"JCAT 55";"14/05/2025";"16/05/2025";"TOULOUSE";"France";"https://jcat55.sciencesconf.org/";"";"";"";"";"";"";"";"15/03/2025";"";"";"";"Victor HENRI, Pierre HENRARD, Eric Dantras";"IRT, SAfran ISE, CIRIMAT";"";"";"";"non";"";"";"";"";"";"";"";"";"0000001461";"1";"Réalisé";"1";"1313";"1113";"doc_final_extend";"0";"2025-11/1762786219-649-henri_abstracts_jcat55.pdf";"2025-11/1762430928-237-henri_abstracts_jcat55.pdf";"";"";"0000001461";"1762786219";"1"
"1117";"U017-2";"2";"U017";"conference";"Influence of high frequency power cycles on SiC power modules lifetime under automotive mission profile";"";"";"ESREF 2025";"06/10/2025";"09/10/2025";"Bordeaux";"France";"https://esref2025.sciencesconf.org/";"";"";"";"";"";"";"";"17/03/2025";"09/05/2025";"10/06/2025";"";"Bernardo COUGO 1, Israel DIVAN 1,2, Duc-Hoan TRAN 1, Lenin M. F. MORAIS 2, Vitor ARAUJO 2, Renata OLIVEIRA DE SOUSA 3,  Marina LABALETTE 1,  Caio MENDES 4, Fabio Coccetti 1";"1 IRT Saint Exupéry, Toulouse, France; 2 Universidade Federal de Minas Gerais, Belo Horizonte, Brésil; 3 UFTP, Curitiba, Brésil; 4 ST Microelectronics, Toulouse,  France;";"";"";"";"";"";"";"";"";"";"";"";"";"0000001272";"1";"Réalisé";"1";"1129";"1117";"abstract";"0";"";"2025-03/1741860300-874-ESREF_2025_InfluenceOfHighFrequencyThermalCycles-Final.pdf";"Influence of high frequency power cycles on SiC power modules lifetime under automotive mission profile";"";"0000001272";"1741860300";"1"
"1121";"E025-11";"11";"E025";"conference";"CORRELATION STRUCTURE PHYSIQUE / PROPRIETES DIELECTRIQUES D’UN POLYAMIDE : INFLUENCE DE LA TEMPERATURE ET DE LA FREQUENCE";"";"";"JCAT 55";"14/05/2025";"16/05/2025";"TOULOUSE";"France";"https://jcat55.sciencesconf.org/";"";"";"";"";"";"";"";"31/03/2025";"";"";"";"Julien CHEDAILLE*,**, Victor HENRI*, Pierre HENRARD*, Eric DANTRAS**";"*: IRT; ** CIRIMAT";"";"";"";"";"";"";"";"";"";"";"";"";"0000001461";"1";"Réalisé";"1";"1296";"1121";"doc_final";"0";"2025-09/1758012710-322-Pr..sentation_JCAT55_CHEDAILLE_VPDF.pdf";"2025-03/1742303075-148-Abstract_JCAT55_Chedaille_Vf.pdf";"";"";"0000000788";"1758012710";"1"
"1132";"B090-1";"1";"B090";"conference";"Ontology-Driven LLM Assistance for Task-Oriented Systems Engineering";"";"";"Modelwards 2025";"26/02/2025";"28/02/2025";"Porto";"Portugal";"https://modelsward.scitevents.org/?y=2025";"";"";"";"";"";"";"";"";"";"";"";"Jean-Marie Gauthier, Eric Jenn, Ramon Conejo";"IRT St-Ex, IRT St-Ex, IRT St-Ex, ";"";"";"";"";"";"";"";"";"";"";"";"";"0000000084";"0";"Réalisé";"1";"1148";"1132";"doc_final";"0";"2025-03/1742899838-774-Modelsward_2025_AI4MBSE-7.pdf";"";"Ontology-Driven LLM Assistance for Task-Oriented Systems Engineering";"";"0000000084";"1742899838";"1"
"1135";"E025-12";"12";"E025";"communication";"PA11/CONDUCTIVE FILLER COMPOSITES: SEMICONDUCTING LAYER FOR ELECTRICAL CABLE APPLICATION";"";"";"3èmes journées du GDR REEPOS et 4ème colloque SDM";"11/06/2025";"12/06/2025";"Saint-Valéry-en-Caux";"France";"http://www.materiaux-grandest-cnrs.unistra.fr/sdm-gdr-reepos-2025/";"";"";"";"";"";"";"";"10/04/2025";"10/04/2025";"";"";"V. H. VO LE a,b, A. ROGGEROa, V. HENRI b, P. HENRARD b, S. PRUVOST a ";"(a) Université Claude Bernard Lyon 1, INSA Lyon, Université Jean Monnet, CNRS UMR 5223, Ingénierie des Matériaux Polymères F-69621 Villeurbanne, France ; (b) IRT Saint Exupéry, 3 rue Tarfaya, 31400, Toulouse, France ";"";"";"";"non";"";"";"";"";"";"";"";"";"0000001461";"1";"Réalisé";"1";"1317";"1135";"doc_publie";"0";"2025-11/1762935633-348-E025-12_VO-LE_Presentation_GDR-REEPOS-2025.pdf";"2025-03/1743149384-943-VO-LE_Van-Hau_SDM4.docx";"";"";"0000001461";"1762935633";"1"
"1138";"E025-13";"13";"E025";"communication";"Propriétés diélectriques et mobilité moléculaire d’un polyamide semi-aromatique : influence de la température et de la fréquence sur les performances électriques";"";"";"3èmes journées du GDR REEPOS et 4ème colloque SDM";"11/06/2025";"12/06/2025";"11-12 juin 2025, Saint-Valéry-en-Caux";"France";"https://gdr-reepos.cnrs.fr/";"";"";"";"";"";"";"";"10/04/2025";"";"";"";"Julien CHEDAILLEa,b, Victor HENRIa, Pierre HENRARDa, Eric DANTRASb*";"(a)IRT Saint Exupéry, 3 rue Tarfaya, 31400, Toulouse, France (b)CIRIMAT, Physique des Polymères, Université de Toulouse III Paul Sabatier, 118 route de Narbonne,";"";"";"";"non";"";"";"";"";"";"";"";"";"0000001461";"1";"Réalisé";"1";"1318";"1138";"doc_final";"0";"2025-11/1763040677-348-Pr..sentation_REEPOS_CHEDAILLE_V5.pdf";"2025-03/1743165835-162-REEPOS-chedaille.pdf";"Presentation au REEPOS par Julien CHEDAILLE ";"";"0000001461";"1763040677";"1"
"1139";"E009-11";"11";"E009";"conference";"Modélisation et mesure de la variation de température à haute fréquence d’un transistor GaN pour les d'onduleurs de puissance";"";"";"SYMPOSIUM DE GENIE ELECTRIQUE (SGE 2025)";"01/07/2025";"03/07/2025";"Toulouse";"France";"https://www.sge-conf.fr/sge-2025/";"";"";"";"";"";"";"";"01/11/2024";"17/03/2025";"19/05/2025";"";"Duc Hoan TRAN, Bernardo COUGO, Rodrigo DRUMMOND, Israel DIVAN, Gilles SEGOND";"IRT Saint Exupéry, Toulouse, France ";"";"";"";"non";"";"";"";"";"";"";"";"";"0000000821";"0";"Réalisé";"1";"1161";"1139";"doc_final";"0";"2025-04/1743594071-143-Abstract_SGE2025_MesureTemperatureJonctionGaN_Final.pdf";"";"Modélisation et mesure de la variation de température à haute fréquence d’un transistor GaN pour les d'onduleurs de puissance";"";"0000000831";"1743594071";"1"
"1147";"E009-17";"17";"E009";"conference";"Niveau de saturation du courant de drain et son impact sur la robustesse des transistors GaN en régime de court-circuit";"";"";"SYMPOSIUM DE GENIE ELECTRIQUE (SGE 2025)	";"01/07/2025";"03/07/2025";"Toulouse";"France";"https://sge2025.sciencesconf.org/";"";"";"";"";"";"";"";"";"";"";"";"M.Dedew (a,b), T.A Nguyen (c), T.L Le (d), S. Lefebvre(c), V. Rustichelli (a), M. Alam (a), J. Oliveira  (a), F. Coccetti  (a)";"(a) IRT Saint-Exupéry, 3 rue Tarfaya, B612, 31400, Toulouse, France (b) SATIE, Université Paris-Saclay, ENS Paris-Saclay, 4, avenue des sciences 91190, Gif-Sur-Yvette, France (c) SATIE, Cnam, 292, rue Saint Martin, 75141,Paris Cedex 03, France (d) SAFRAN ";"";"";"";"";"";"";"";"";"";"";"";"";"0000000831";"0";"Réalisé";"1";"1258";"1147";"doc_final";"1159";"2025-08/1756193994-153-SGE_2025_Dedew_finale.pdf";"";"";"";"0000000831";"1756193994";"1"
"1149";"E009-18";"18";"E009";"conference";"Étude de la fiabilité des GaN SP-HEMT sous surtensions en commutation dure";"";"";"SYMPOSIUM DE GENIE ELECTRIQUE (SGE 2025)	";"01/07/2025";"03/07/2025";"Toulouse";"France";"https://sge2025.sciencesconf.org/";"";"";"";"";"";"";"";"";"";"";"";"T. Vadebout (a), P. Bevilacqua (a), V. Rustichelli (b) , M. Alam (b) , L. Allirant (c) et H. Morel (a)";"(a)Univ Lyon, INSA Lyon, Univ. Claude Bernard Lyon 1, Ecole Centrale Lyon, CNRS, Ampère, F-69621, France (b) IRT Saint Exupery, F-31400, France, (c) Vitesco Technologies, F-31100, Franc";"";"";"";"";"";"";"";"";"";"";"";"";"0000000831";"0";"Réalisé";"1";"1260";"1149";"doc_final";"1160";"2025-08/1756194352-813-SGE-Vadebout.pdf";"";"";"";"0000000831";"1756194352";"1"
"1151";"E009-20";"20";"E009";"conference";"Mécanismes physiques de HEMT GaN révelés par l’instabilité de la tension de seuil";"";"";"SYMPOSIUM DE GENIE ELECTRIQUE (SGE 2025)";"01/07/2025";"03/07/2025";"Toulouse";"France";"";"";"";"";"";"";"";"";"";"";"";"";"H. RAZAFIMANJAKA (a) , D. TRÉMOUILLES (a) , M. ALAM (b) , V. RUSTICHELLI (b) , A. BOURENNANE (b)";"(a) LAAS-CNRS, Université de Toulouse, CNRS (b) IRT St Exupery, Institut de Recherche Technologique";"";"";"";"";"";"";"";"";"";"";"";"";"0000000831";"0";"Réalisé";"1";"1163";"1151";"doc_final";"0";"2025-04/1743594629-650-Razafimanjaka_abstract_SGE.pdf";"";"Mécanismes physiques de HEMT GaN révelés par l’instabilité de la tension de seuil";"";"0000000831";"1743594629";"1"
"1160";"M010-7";"7";"M010";"conference";"Effets des traitements thermiques sur la microstructure et les propriétés mécaniques de superalliages base Ni ?/?' élaborés par DED  ";"";"";"MQA";"23/06/2025";"27/06/2025";"TOULOUSE";"France";"https://metav2025.sciencesconf.org/";"";"";"";"";"";"";"";"31/01/2025";"14/03/2025";"";"";"G. Burlot1,2, B. Max2, A. Prillieux2, A. Proietti3, E. Saly1,4, R. Lebot1,4, P. Sallot4, E. Ferreira5, A. Rapetti1, S. Hemery1, J. Cormier1, S. Gillet6, A. Cervellon6";"1 Institut Pprime, ISAE-ENSMA, UPR CNRS 3346, Chasseneuil du Poitou, France; 2 IRT Antoine de Saint Exupéry, Pôle MMP, Toulouse, France; 3 Centre de Microcaractérisation Raimond Castaing, Université de Toulouse, Toulouse INP, INSA Toulouse, CNRS, Toulouse";"";"";"";"";"";"";"";"";"";"";"";"";"0000000101";"1";"Réalisé";"1";"1226";"1160";"doc_final";"0";"2025-06/1750923947-685-METAV2025_GB_v4.pdf";"2025-04/1744184307-207-Abstract_Burlot_Metav_2025_v2.pdf";"Présentation finale";"Version finale de la présentation";"0000000101";"1750923947";"1"
"1161";"M010-8";"8";"M010";"conference";"Matériaux à gradient de composition chimique produits par technologie Directed Energy Deposition Laser Beam with Powder (DED-LB-p)";"";"";"MQA";"23/06/2025";"27/06/2025";"TOULOUSE";"France";"https://metav2025.sciencesconf.org/";"";"";"";"";"";"";"";"30/01/2025";"14/03/2025";"";"";"Bertrand Max1, Elise Ferreira2, Aurélien Prillieux1, Thomas Gilles1, Simon Perusin1";"1 IRT Saint Exupéry, Toulouse, France; 2 SAFRAN Additive Manufacturing Campus, Le Haillan; France";"";"";"";"";"";"";"";"";"";"";"";"";"0000000101";"1";"Réalisé";"1";"1225";"1161";"doc_final";"0";"2025-06/1750923793-736-Pr..sentation-MQA_BMax_VF_PDF.pdf";"2025-04/1744184670-666-Resume_MQA_Bertrand-MAX.pdf";"Présentation finale";"Version finale de la présentation";"0000000101";"1750923793";"1"
"1163";"S018-8";"8";"S018";"conference";"Point by Point Inscribed Tilted Fibre Bragg Gratings";"";"";"EOSAM (European Optics Society Annual Meeting)";"24/08/2025";"28/08/2025";"Delft";"Netherlands";"https://www.europeanoptics.org/events/eos/eosam2025.html";"";"";"";"";"";"";"";"09/04/2025";"05/05/2025";"10/04/2025";"";"James Hainsworth(1,2), Adriana Morana(2), Meriem Kemel(1), Marina Arnaud(1), Sylvain Girard(2), Paul Vincent(1), Emmanuel Marin(2)";"IRT Saint Exupery (1), Laboratoire Hubert Curien (2)";"";"";"";"";"";"";"";"";"";"";"";"";"0000000989";"1";"Réalisé";"1";"1203";"1163";"doc_final_extend";"0";"2025-05/1747304168-604-James-Abstract-for-EOSAM-2025-.APISS-Partners-approval-no-later-than-April-10th-..pdf";"2025-04/1744200814-621-Point-by-Point-Inscribed-Fibre-Bragg-Gratings-V1.pdf";"";"";"0000001202";"1747304168";"1"
"1170";"S087-18";"18";"S087";"conference";"Industrialization of MDO methods, software and processes, from MBSE to high fidelity multi-components wing, pylon and nacelle optimisation";"";"";"AIAA AVIATION FORUM AND ASCEND 2024";"29/07/2024";"02/08/2024";"LAs Vegas";"USA";"";"";"";"";"";"";"";"";"";"";"";"";"A. Gazaix, V. Ambert, M. Guillen, N. Roussouly, F. Gallard, T. Druot, S. Coniglio, M. Hamadi, V. Drouet, R. Hollinger, J.-C. Giret, J.-F. Figue, A. Dechaume, M. De Lozzo, G. Ruiz Jimenez";"IRT Saint Exupéry, Expleo Group, Capgemini, ENAC";"";"";"";"non";"";"";"";"";"";"";"";"";"0000000074";"0";"Réalisé";"1";"1407";"1170";"doc_publie";"0";"2025-12/1766401121-738-gazaix-et-al-2024-industrialization-of-mdo-methods-software-and-processes-from-mbse-to-high-fidelity-multi-components.pdf";"";"";"";"0000000074";"1766401121";"1"
"1174";"S087-22";"22";"S087";"conference";"Multidisciplinary Optimization of a Martian Spacecraft Design, using GEMSEO";"";"";"ROADEF 2025";"26/02/2025";"28/02/2025";"Champs-sur-Marne";"France";"";"";"";"";"";"";"";"";"";"";"";"";"Loïc Cousin, Nicolas Roussouly, Olivier Sapin, Anne Gazaix, François Gallard, Nicolas Sarda, Jacques Moulin";"IRT Saint Exupéry, Airbus Defence and Space";"";"";"";"non";"";"";"";"";"";"";"";"";"0000000074";"1";"Réalisé";"1";"1409";"1174";"doc_final";"0";"2025-12/1766406885-671-ROADEF_2025.pptx";"2025-04/1745161170-819-MARBORE___Resume_for_ROADEF_2025.pdf";"";"";"0000000074";"1766406885";"1"
"1175";"S087-23";"23";"S087";"conference";"Sensitivity analysisusing surrogate-based control variates";"";"";"SAMO 2025";"23/04/2025";"25/04/2025";"Grenoble";"France";"";"";"";"";"";"";"";"";"";"";"";"";"Olivier SAPIN,           Matthias DE LOZZO,            Paul MYCEK";"IRT Saint Exupéry, CERFACS";"";"";"";"non";"";"";"";"";"";"";"";"";"0000000074";"0";"Réalisé";"1";"1411";"1175";"doc_publie";"0";"2025-12/1766408488-800-presentation_samo2025_250424.pdf";"";"";"";"0000000074";"1766408488";"1"
"1176";"S087-24";"24";"S087";"conference";"High fidelity multi-component wing, pylon, nacelle and mounts industrial MDO application";"";"";"AIAA AVIATION  Forum 2025";"22/07/2025";"25/07/2025";"LAs Vegas";"États-Unis";"";"";"";"";"";"";"";"";"";"";"";"";"A. Gazaix, N. Roussouly, M. De Lozzo, F. Gallard, V. Ambert, V. Drouet, C. Thoulon, T. Druot, S. Coniglio, J.-F. Figue, S. Bandopadhyay, A. Tur, F. Cueille, A. Scotto, A. Dechaume, J.-C. Giret, G. Ruiz Jimenez, S. Grihon";"IRT Saint Exupéry, Expleo Group, Capgemini, ENAC, Airbus";"";"";"";"non";"";"";"";"";"";"";"";"";"0000000074";"1";"Réalisé";"1";"1413";"1176";"doc_publie";"0";"2025-12/1766409093-113-High_fidelity_multi_components_wing__pylon_and_nacelle_industrial_MDO_application-.15..pdf";"2025-04/1745163379-560-High_fidelity_multi_components_wing__pylon_and_nacelle_industrial_MDO_application-.2..pdf";"";"";"0000000074";"1766409093";"1"
"1177";"S087-25";"25";"S087";"conference";"Industrial Application of a Multi-disciplinary Design Optimization with uncertainties to a pair of telecommunication satellites";"";"";"AIAA Aviation Forum 2025";"22/07/2025";"25/07/2025";"LAs Vegas";"États-Unis";"";"";"";"";"";"";"";"";"";"";"";"";"O. Sapin, L. Cousin,  N. Roussouly, A. Gazaix, F. Gallard, M. De Lozzo";"IRT Saint Exupéry";"";"";"";"non";"";"";"";"";"";"";"";"";"0000000074";"1";"Réalisé";"1";"1414";"1177";"doc_final";"0";"2025-12/1766409303-376-Industrial_Application_of_a_Multi_disciplinary_Design_Optimization_with_uncertainties_to_a_pair_of_telecommunication_satellites.pdf";"2025-04/1745163701-275-PXEL___Preparation_of_Papers_for_AIAA_Technical_Conferences-.1..pdf";"";"";"0000000074";"1766409303";"1"
"1179";"U010-2";"2";"U010";"conference";"Advanced MDO and robust optimization with GEMSEO.org";"";"";"ECCOMAS 2024";"03/06/2024";"07/06/2024";"Lisbon";"Portugal";"";"";"";"";"";"";"";"";"";"";"";"";"Anne Gazaix François Gallard, Jean-Christophe Giret, Matthias De Lozzo";"IRT Saint Exupéry";"";"";"";"";"";"";"";"";"";"";"";"";"0000000697";"0";"Réalisé";"1";"1194";"1179";"doc_final";"0";"2025-04/1745164255-845-GEMSEO-presentation_v6.pdf";"";"Advanced MDO and robust optimization with GEMSEO.org";"";"0000000074";"1745164255";"1"
"1181";"U010-4";"4";"U010";"conference";"MULTI-DISCIPLINARY DESIGN OPTIMIZATION UNDER UNCERTAINTY: THE OPEN SOURCE CAPABILITIES OF GEMSEO";"";"";"UNCECOMP 2025,  6th ECCOMAS Thematic Conference on Uncertainty Quantification in Computational Sciences and Engineering";"15/06/2025";"18/06/2025";"Rhodes";"Greece";"";"";"";"";"";"";"";"";"";"";"";"";"Matthias De Lozzo, Clement Laboulfie, Olivier Sapin, Nicolas Roussouly, Francois Gallard, Amine Aziz-Alaoui, Antoine Dechaume, and Anne Gazaix";"IRT Saint Exupéry";"";"";"";"";"";"";"";"";"";"";"";"";"0000000697";"0";"Réalisé";"1";"1196";"1181";"doc_final";"0";"2025-04/1745164707-602-UNCECOMP_2025_DE_LOZZO_et_al.pdf";"";"MULTI-DISCIPLINARY DESIGN OPTIMIZATION UNDER UNCERTAINTY: THE OPEN SOURCE CAPABILITIES OF GEMSEO";"";"0000000074";"1745164707";"1"
"1190";"M070-5";"5";"M070";"conference";"Development of a sol-gel based coating for aluminum fire protection";"";"";"SF2M-Sud Ouest Annual Meeting - Advanced materials through low temperature processing";"03/06/2025";"03/06/2025";"Bordeaux";"France";"https://sf2m-so-lowtemp.sciencesconf.org/";"";"";"";"";"";"";"";"13/05/2025";"";"";"";"Julien Garcia, Marie Busquet";"IRT Saint Exupéry";"";"";"";"oui";"";"";"";"";"";"";"";"";"0000000669";"1";"Réalisé";"1";"1215";"1190";"doc_publie";"0";"2025-06/1749032579-781-SF2M_2025-fire-protection-for-aluminium_IRT.pdf";"2025-05/1747387764-366-Abstract--IRT-SE_Sol-gel-coating-for-fire-protection_SF2M_SO_1.docx";"";"";"0000000669";"1749032579";"1"
"1201";"M014-12";"12";"M014";"communication";"Persistance des structures issues de la fabrication additive dans un alliage base nickel ?/ ?’ et influence sur la tenue mécanique à haute température";"";"";"La Métallurgie Quel Avenir !";"23/06/2025";"27/06/2025";"Toulouse";"France";"https://metav2025.sciencesconf.org/";"";"";"";"";"";"";"";"";"16/04/2025";"31/01/2025";"";"Auger J-M., Hughes J., Prillieux A., Perusin S.";"IRT St Exupéry";"";"";"";"";"";"";"";"";"";"";"";"";"0000001286";"1";"Réalisé";"1";"1235";"1201";"doc_final";"0";"2025-06/1751017717-937-MQA-Auger.pdf";"2025-06/1749485953-754-AbstractSF2M.pdf";"Présentation finale MQA";"";"0000001286";"1751017717";"1"
"1222";"A139-1";"1";"A139";"conference";"SONNX: Towards an ONNX Profile for critical systems";"";"";"ERTS 2026";"05/02/2026";"06/02/2026";"Toulouse";"Franef";"https://conference-erts.org/";"";"";"";"";"";"";"";"08/06/2025";"26/09/2025";"11/01/2026";"";"Eric Jenn, Jean Souyris, Henri Belfy, Loïc Correnson, Mariem Turki, Nicolas Valot";"IRT St-Ex, Aibrus Commercial, Thales AVS, CEA, IRT St-Ex, Airbus Helicopter";"";"";"";"";"";"";"";"";"";"";"";"";"0000000084";"1";"Réalisé";"1";"1397";"1222";"doc_final";"0";"2025-12/1766159577-205-ERTS2026_paper_2.pdf";"2025-06/1750084514-217-2025-06-02-SONNX---ERTS-2026-abstract---final.pdf";"";"";"0000000084";"1766159577";"1"
"1223";"V215-2";"2";"V215";"conference";"Expressing Performance and Redundancy in OpenMP:  the LIONESS Annotations and Toolchain";"";"";"ERTS 2026";"05/02/2026";"06/02/2026";"Toulouse";"France";"https://conference-erts.org/";"";"";"";"";"";"";"";"08/06/2025";"26/09/2025";"11/01/2026";"";"Sara Royuela, Eric Jenn, Hubert Guerard, Sylvain Tibério, Giuseppe Italia and Mariem Turki";"BSC, IRT St-Ex, Space Codesign, ADS, BSC, IRT Saint-Ex";"";"";"";"";"";"";"";"";"";"";"";"";"0000000084";"1";"Réalisé";"1";"1396";"1223";"doc_final";"0";"2025-12/1766159197-640-ERTS2026_paper_3.pdf";"2025-06/1750084447-218-2025-06-02-LIONESS---ERTS-2026-abstract---final.pdf";"";"";"0000000084";"1766159197";"1"
"1224";"CSEC-3";"3";"CSEC";"conference";"	Collaborative Action on Timing InterferenCes: Summary and Perspectives at Mid-term";"";"";"ERTS 2026";"05/02/2026";"06/02/2026";"Toulouse";"France";"https://conference-erts.org/";"";"";"";"";"";"";"";"08/06/2025";"26/09/2025";"11/01/2026";"";"Claire Maiza, Lionel Rieg, Jean-Luc Béchennec, Mihail Asavoae, Dominique Blouin, Florian Brandner, Thomas Carle, Hugues Cassé, Sebastien Faucou, Pierre-Emmanuel Hladik, Jahier Erwan, Mathieu Jan, Eric Jenn, Loig Jezequel, Dumitru Potop Butucaru, Isabelle ";"UGA, UGA, LS2N, CEA, LCTI, LCTI, IRIT, IRIT, LS2N, LS2N, UGA, CEA, IRT St-Ex, LS2N, INRIA, IRISA, VERIMAG, IRIT, IRIT, VERIMAG, LS2N, IRISA, IRIT, VERIMAG, VERIMAG";"";"";"";"";"";"";"";"";"";"";"";"";"0000000084";"1";"Réalisé";"1";"1398";"1224";"doc_final";"0";"2025-12/1766159898-167-ERTS2026_paper_27.pdf";"2025-12/1766158158-160-ERTS2026_paper_27.pdf";"";"";"0000000084";"1766159898";"1"
"1225";"B090-2";"2";"B090";"conference";"Teaming System Engineers, AI Agents, and tools for Model-Based System Engineering";"";"";"ERTS 2026";"05/02/2026";"06/02/2026";"Toulouse";"France";"https://conference-erts.org/";"";"";"";"";"";"";"";"08/06/2025";"26/09/2025";"11/01/2026";"";"Ramon Conejo-Laguna, Jean-Marie Gauthier, and Eric Jenn";"IRT St-Ex,IRT St-Ex,IRT St-Ex";"";"";"";"";"";"";"";"";"";"";"";"";"0000000084";"1";"Abstract en attente de validation externe";"1";"1399";"1225";"abstract";"0";"";"2025-12/1766160064-473-ERTS2026_paper_45.pdf";"";"";"0000000084";"1766160064";"1"
"1226";"CSEC-4";"4";"CSEC";"conference";"A Disciplined Approach to Neural Network Framework Selection for On-board Critical Applications";"";"";"ERTS 2026";"05/02/2026";"06/02/2026";"Toulouse";"France";"https://conference-erts.org/";"";"";"";"";"";"";"";"08/06/2025";"26/09/2025";"11/01/2026";"";"Christophe Marabotto, Eric Jenn, and Mariem Turki";"IRT St-Ex, IRT St-Ex, IRT St-Ex";"";"";"";"";"";"";"";"";"";"";"";"";"0000000084";"1";"Initialisé";"1";"NULL";"NULL";"NULL";"NULL";"NULL";"";"NULL";"NULL";"NULL";"NULL";"NULL"
"1229";"S023-17";"17";"S023";"conference";"Explaining raw data complexity to improve satellite onboard processing";"";"";"AI4EO Symposium 2025";"11/09/2025";"12/09/2025";"Rennes";"France";"https://ai4eo2025.irisa.fr/";"";"";"";"";"";"";"";"";"";"";"";"A. Dorise, M. Bellizzi, A. Girard, S. May";"CNES, IRT Saint Exupéry";"";"";"";"non";"";"";"";"";"";"";"";"";"0000000948";"0";"Réalisé";"1";"1281";"1229";"doc_publie";"0";"2025-09/1757946250-765-poster_AI4EO_Adrien_DORISE_v4.pdf";"";"";"";"0000000948";"1757946250";"1"
"1230";"S023-18";"18";"S023";"conference";"Floods segmentation in Sentinel-1 and Sentinel-2 images: an evaluation of  TerraMind's ";"";"";"AI4EO Symposium 2025";"11/09/2025";"12/09/2025";"Rennes";"France";"https://ai4eo2025.irisa.fr/";"";"";"";"";"";"";"";"";"";"";"";"J. Cohen, D. Derksen, A. Girard";"CNES, IRT Saint Exupéry";"";"";"";"non";"";"";"";"";"";"";"";"";"0000000948";"0";"Réalisé";"1";"1282";"1230";"doc_publie";"0";"2025-09/1757946336-713-Poster_AI4EO_JuliaCohen.pdf";"";"";"";"0000000948";"1757946336";"1"
"1231";"S023-19";"19";"S023";"conference";"Monitoring the Ocean from Orbit: First Onboard Runs of  Marine Anomaly Detection for Environmental Protection";"";"";"Living Planet Symposium (LPS 2025)";"23/06/2025";"27/06/2025";"Vienne";"Autriche";"https://lps25.esa.int/";"";"";"";"";"";"";"";"";"";"";"";"T. Goudemant";"IRT Saint Exupéry";"";"";"";"non";"";"";"";"";"";"";"";"";"0000000948";"0";"Réalisé";"1";"1236";"1231";"doc_final";"0";"2025-06/1751300177-911-phisat-2_overview_LPS_20250627.pdf";"";"Présentation";"";"0000000948";"1751300177";"1"
"1242";"S003-3";"3";"S003";"conference";"MBSA model-exchange and its challenges";"";"";"International Symposium on Model-Based Safety & Assessment";"24/09/2025";"26/09/2025";"Athènes";"Grèce";"https://imbsa-conference.com/";"";"";"";"";"";"";"";"";"";"";"";"Tony GHUELDRE, Wilkinson JOAS, Julien VIDALIE, Xavier DE BOSSOREILLE, Sébastien DUTHOIT";"IRT Saint Exupéry, IRT Saint Exupéry/Safran Aircraft Engines, IRT Saint Exupéry/Airbus Protect, IRT Saint Exupéry/Airbus Protect, LGM";"";"";"";"non";"";"";"";"";"";"";"";"";"0000001394";"0";"Réalisé";"1";"1300";"1242";"doc_publie";"0";"2025-09/1759146625-104-17-GHUELDRE.pdf";"";"";"";"0000000289";"1759146625";"1"
"1249";"S018-10";"10";"S018";"conference";"Point by Point Inscribed Tilted Fibre Bragg Gratings";"";"";"EOSAM 2025";"24/08/2025";"29/08/2025";"Delft";"les Pays-Bas";"https://www.europeanoptics.org/events/eos/eosam2025.html";"";"";"";"";"";"";"";"09/04/2025";"05/05/2025";"27/08/2025";"";" James Hainsworth1,2*, Adriana Morana2, Lucas Lescure2, Meriem Kemel1, Marina Arnaud1, Sylvain Girard2,3, Paul Vincent1, Emmanuel Marin2.";" 1 IRT Saint Exupery, B612, 3 Rue Tarfaya, 31400 Toulouse, France; 2 Laboratoire Hubert Curien, Batiment F, 18 Rue Professor Benoît Lauras 42000 Saint-Étienne, France; 3 Institut Universitaire de France (IUF), Ministère de l'Enseignement Supérier et de la";"";"";"";"non";"";"";"";"";"";"";"";"";"0000000989";"1";"Réalisé";"1";"1270";"1249";"doc_publie";"0";"2025-08/1756650625-469-Point-by-Point-inscribed-Tilted-FBGs-V2.pptx";"2025-08/1756650315-117-Point-by-Point-inscribed-Tilted-FBGs-V2.pptx";"";"";"0000001263";"1756650625";"1"
"1260";"E025-15";"15";"E025";"conference";"Vieillissement thermo-oxydatif d’isolant silicone pour câble haute puissance aéronautique : analyse des relations structure-propriétés";"";"";"conférence du Groupe Français des Polymères ";"24/11/2025";"28/11/2025";"LILLES";"France";"https://gfp2025.sciencesconf.org/#:~:text=La%20section%20Nord%20a%20le,scientifique%20%C3%A0%20Villeneuve%20d%27Ascq.";"";"";"";"";"";"";"";"12/09/2025";"";"";"";"Nathan Dintilhac *a, Victor Henri a, Pierre Henrard a, Eric Dantras ";"a IRT Saint Exupéry, 3 rue Tarfaya, 31400 Toulouse, France  b Université de Toulouse, CIRIMAT, Physique des Polymères, Toulouse, France";"";"";"";"";"";"";"";"";"";"";"";"";"0000001461";"1";"Réalisé";"1";"1422";"1260";"doc_final";"0";"2026-05/1778056933-256-Pr..sentation-GFP-DINTILHAC-Nathan.pdf";"2025-09/1757052044-941-GFP2025_DINTILHAC_Nathan_2.docx";"Vieillissement thermo-oxydatif d?isolant silicone pour câble haute puissance aéronautique : analyse des relations structure-propriétés";"";"0000001461";"1778056933";"1"
"1261";"E011-4";"4";"E011";"conference";"Study of constant current and ripple current aging of LT-PEMFC";"";"";"CoDIT 2025";"15/07/2025";"18/07/2025";"SPLIT";"Croatie";"http://www.wikicfp.com/cfp/servlet/event.showcfp?copyownerid=90704&eventid=183570";"";"";"";"";"";"";"";"04/04/2025";"";"";"";"Gautier Capdeville, Amine Jaafar, Fabien Lacressonnière, Christophe Turpin, Thomas Jarry, Emilie Soyez, Pierre Henrard, Paul Kreczanik, André Rakotondrainibe, Benoit Guenot";"";"";"";"";"";"";"";"";"";"";"";"";"";"0000001461";"1";"Réalisé";"1";"1275";"1261";"abstract";"0";"";"2025-09/1757052759-759-CODIT25_0534_MS_Gautier_CAPDEVILLE-.1..pdf";"";"";"0000000788";"1757052759";"1"
"1267";"E009-21";"21";"E009";"conference";"High Frequency Power Cycles in Low Voltage GaN Devices";"";"";"CIPS2026";"10/03/2026";"12/03/2026";"Dresden";"Germany";"https://www.cips.eu/en";"";"";"";"";"";"";"";"30/09/2025";"21/11/2025";"19/12/2025";"";"Israel Divan, Bernardo Cougo, Rodrigo Drummond";"IRT Saint-Exupery, Toulouse, France";"";"";"";"";"";"";"";"";"";"";"";"";"0000000821";"1";"Abstract en attente de validation externe";"1";"1301";"1267";"abstract";"0";"";"2025-10/1759484265-105-Abstract_CIPS2026_High-Frequency-Power-Cycles-in-Low-Voltage-GaN-Devices-MOD-COGO-Vpdf.pdf";"High Frequency Power Cycles in Low Voltage GaN Devices";"";"0000000821";"1759484265";"1"
"1269";"S087-26";"26";"S087";"conference";"MULTI-DISCIPLINARY DESIGN OPTIMIZATION UNDER UNCERTAINTY: THE OPEN SOURCE CAPABILITIES OF GEMSEO";"";"";"ECCOMAS - UNCECOMP 2025";"15/06/2025";"18/06/2025";"Rhodes Island";"Grèce";"https://2025.uncecomp.org/";"";"";"";"";"";"";"";"";"";"";"";"Matthias De Lozzo, Clément Laboulfie, Olivier Sapin, Nicolas Roussouly, François Gallard, Amine Aziz-Alaoui, Antoine Dechaume,  Anne Gazaix";"IRT";"";"";"";"";"";"";"";"";"";"";"";"";"0000000074";"1";"Réalisé";"1";"1303";"1269";"abstract";"0";"";"2025-10/1760356422-147-UNCECOMP_2025.pdf";"";"";"0000000074";"1760356422";"1"
"1282";"M070-7";"7";"M070";"conference";"Vector control of resonant electromechanical de-icing systems";"";"";"15th EASN Conference";"14/10/2025";"17/10/2025";"Madrid";"Espagne";"";"";"";"";"";"";"";"";"";"";"";"";"Pothin J., Budinger M., Pommier-Budinger V., Reysset A.";"ICA, INSA Toyulouse, ISAE SUPAERO";"";"";"";"non";"";"";"";"";"";"";"";"";"0000000669";"0";"Réalisé";"1";"1344";"1282";"doc_final";"0";"2025-11/1764259287-156-Freezing2---Synth..se-d.activit..---D..givrage---Freezing2---Ann..e-2025.docx";"";"Vector control of resonant electromechanical de-icing systems";"";"0000000669";"1764259287";"1"
"1287";"E077-3";"3";"E077";"conference";"Méthode d’étude de fiabilité de MOSFET SiC mis en parallèle soumis à une avalanche";"";"";"SGE 2025 (Symposium de Génie Electrique)";"01/07/2025";"03/07/2025";"TOULOUSE";"France";"https://www.sge-conf.fr/sge-2025/";"";"";"";"";"";"";"";"";"";"";"";"Aude VALAT-MARTY[1,2], Joao OLIVEIRA[2], Marco ANDRADE[2], Pascal BEVILACQUA[1], Maximin BLANC[3], Fabio COCCETTI[2], Hervé MOREL[1]";"[1] INSA Lyon, Univ. Claude Bernard Lyon 1, Ecole Centrale Lyon, CNRS, Ampère, F-69621, France [2] IRT Saint Exupery, F-31400, France [3] Schneider Electric, F-38000, France";"";"";"";"";"";"";"";"";"";"";"";"";"0000001296";"0";"Réalisé";"1";"1377";"1287";"doc_final";"0";"2025-12/1765289295-164-Valat-Marty_M..thode-d.....tude-de-fiabilit..-de-MOSFET-SiC-mis-en-parall..le-soumis-..-une-avalanche.pdf";"";"Méthode d’étude de fiabilité de MOSFET SiC mis en parallèle soumis à une avalanche";"";"0000001296";"1765289295";"1"
"1288";"E077-4";"4";"E077";"conference";"Influence of Humidity and Temperature on the Dielectric Properties of a Silicone Gel for Power Electronic Modules";"";"";"ICD International Conference on Dielectrics";"21/06/2026";"25/06/2026";"SOUTHAMPTON";"UK";"https://ieee-icd.org/";"";"";"";"";"";"";"";"14/11/2025";"30/11/2025";"27/02/2026";"";"Fidele Niyibizi1, 2, Rachelle Hanna2, Loic Theolier3, Pascal Rain2, Régis Meuret1";"1IRT Saint Exupéry, B612, 3 rue Tarfaya, 31405 Toulouse, France 2Univ. Grenoble Alpes, CNRS, Grenoble INP, G2Elab, 38000 Grenoble, France 3Univ. Bordeaux, CNRS, Bordeaux INP, IMS Bordeaux, 33405 Talence, France";"";"";"";"";"";"";"";"";"";"";"";"";"0000001296";"1";"Réalisé";"1";"1420";"1288";"doc_final";"1417";"2026-04/1775804043-171-20251128_CIPS_WA2Paralleling_vff.pdf";"2025-12/1764579047-509-Fidele_NIYIBIZI_ICD_2026_Abstract.pdf";"Experimental and simulation framework to evaluate switching stress distribution between paralleled SiC MOSFET dies";"";"0000001296";"1775804043";"1"
"1289";"E077-5";"5";"E077";"conference";"Experimental and simulation framework to evaluate switching stress distribution between paralleled SiC MOSFET dies";"";"";"CIPS 2026 (International Conference on Integrated Power Electronics Systems)";"10/03/2026";"12/03/2026";"DRESDEN";"GERMANY";"https://www.cips.eu/en";"";"";"";"";"";"";"";"30/09/2025";"21/11/2025";"19/12/2025";"";"Marco Andrade, Besar Asllani, Michel Piton, Franck Vangraefschepe";"IRT Saint Exupéry, SuperGrid Institute, ALSTOM Transport";"";"";"";"";"";"";"";"";"";"";"";"";"0000001296";"1";"Réalisé";"1";"1419";"1289";"doc_final";"0";"2026-03/1774536136-504-20251128_CIPS_WA2Paralleling_vff.pdf";"2025-12/1764579613-364-Paralleling-SiC-MOSFET-Abstract-Rev-5.pdf";"Experimental and simulation framework to evaluate switching stress distribution between paralleled SiC MOSFET dies";"";"0000001296";"1774536136";"1"
"1301";"S033-82";"82";"S033";"conference";"Orthogonium : A Unified, Efficient Library of Orthogonal and 1-Lipschitz Building Blocks";"";"";"Proceedings of the ICML 2025 Workshop on Championing Opensource Development in Machine Learning (CODEML ’25)";"";"";"";"";"";"";"";"";"";"";"";"";"";"";"";"";"Thibaut Boissin 1 2 3 Franck Mamalet 1 2 Valentin Lafargue 1 2 4 Mathieu Serrurier 3 2";"1Institut de Recherche Technologique Saint-Exup´ery, Toulouse, France 2Artificial and Natural Intelligence Toulouse Institute, France 3IRIT, Toulouse, France 4now at IMT, Toulouse, and INRIA, Bordeaux, France.";"";"";"";"";"";"";"";"";"";"";"";"";"0000000617";"0";"Réalisé";"1";"1365";"1301";"doc_final";"1364";"2025-12/1764944470-628-Ortogonium_library-.9..pdf";"";"Orthogonium : A Unified, Efficient Library of Orthogonal and 1-Lipschitz Building Blocks";"";"0000000617";"1764944470";"1"
